성별,연령대,몸무게,운동경력,운동목적,운동종목,추천무게(kg),추천횟수,추천세트수,쉬는시간(초)
남성,50대,69.0,중급자,스트렝스,사이드 레터럴 레이즈,50.0,4,4,131
남성,50대,59.0,상급자,근비대,벤치프레스,52.5,8,4,71
여성,50대,47.7,초보자,다이어트,랫 풀다운 머신,10.0,20,3,37
남성,50대,78.6,상급자,스트렝스,사이드 레터럴 레이즈,90.0,5,4,151
남성,50대,68.8,중급자,스트렝스,레그 익스텐션 머신,70.0,4,5,170
여성,50대,45.3,중급자,근비대,루마니안 데드리프트,15.0,10,3,80
남성,40대,88.3,초보자,다이어트,오버헤드 프레스,17.5,16,3,57
여성,30대,43.8,상급자,근비대,랫 풀다운 머신,42.5,8,3,87
남성,10대,69.0,상급자,스트렝스,사이드 레터럴 레이즈,75.0,3,4,120
여성,50대,44.0,중급자,재활/건강,사이드 레터럴 레이즈,10.0,18,2,107
여성,40대,58.8,상급자,스트렝스,어시스트 풀업 머신,62.5,4,5,160
남성,60대 이상,63.9,초보자,근비대,오버헤드 프레스,17.5,8,3,84
남성,10대,72.5,중급자,근비대,숄더 프레스 머신,70.0,10,4,63
여성,60대 이상,45.0,상급자,다이어트,바벨 스쿼트,20.0,20,3,30
여성,20대,69.6,상급자,근비대,레그 익스텐션 머신,62.5,10,3,82
남성,10대,61.9,초보자,스트렝스,워킹 런지,22.5,5,4,173
여성,50대,63.9,상급자,근비대,사이드 레터럴 레이즈,40.0,12,3,63
여성,60대 이상,56.5,초보자,근비대,랫 풀다운 머신,17.5,12,4,90
남성,10대,71.9,중급자,근비대,레그 프레스 머신,67.5,11,4,87
여성,60대 이상,59.0,초보자,스트렝스,바벨 로우,15.0,4,5,131
여성,10대,52.1,중급자,근비대,벤치프레스,17.5,10,3,78
남성,10대,66.5,상급자,다이어트,레그 컬 머신,67.5,19,3,50
남성,50대,72.9,초보자,스트렝스,숄더 프레스 머신,37.5,3,4,153
남성,20대,63.6,중급자,근비대,체스트 프레스 머신,57.5,10,3,88
남성,30대,68.6,상급자,다이어트,페이스 풀,50.0,19,3,50
여성,30대,62.4,초보자,근비대,바벨 스쿼트,12.5,9,4,72
여성,60대 이상,74.0,중급자,근비대,레그 익스텐션 머신,45.0,11,4,78
남성,40대,88.7,중급자,근비대,사이드 레터럴 레이즈,52.5,12,4,68
여성,20대,72.3,초보자,다이어트,펙덱 플라이 머신,15.0,16,3,37
남성,20대,70.8,초보자,근비대,레그 익스텐션 머신,30.0,10,4,63
여성,30대,66.9,상급자,근비대,랫 풀다운 머신,62.5,8,4,62
여성,60대 이상,41.7,초보자,다이어트,벤치프레스,5.0,15,3,34
남성,60대 이상,72.4,중급자,재활/건강,시티드 로우 머신,30.0,17,3,113
남성,40대,88.5,초보자,스트렝스,숄더 프레스 머신,47.5,4,4,139
여성,20대,50.5,중급자,다이어트,루마니안 데드리프트,15.0,18,3,30
남성,60대 이상,77.3,초보자,스트렝스,바벨 스쿼트,27.5,4,4,127
남성,30대,81.4,상급자,다이어트,바벨 스쿼트,50.0,19,3,36
여성,40대,53.0,중급자,근비대,워킹 런지,20.0,12,4,86
여성,30대,72.0,상급자,근비대,바벨 스쿼트,42.5,9,4,88
여성,30대,40.4,중급자,근비대,레그 익스텐션 머신,22.5,12,3,86
여성,20대,49.6,중급자,다이어트,레그 컬 머신,20.0,20,3,55
남성,40대,76.4,초보자,스트렝스,바벨 로우,27.5,4,4,137
남성,40대,75.8,상급자,스트렝스,레그 컬 머신,122.5,3,4,132
여성,10대,40.9,중급자,재활/건강,인클라인 덤벨 프레스,5.0,20,2,104
여성,30대,56.5,중급자,스트렝스,바벨 스쿼트,25.0,5,4,170
남성,20대,82.8,초보자,스트렝스,레그 프레스 머신,45.0,3,5,169
남성,60대 이상,77.4,중급자,재활/건강,벤치프레스,22.5,19,3,93
여성,40대,64.9,초보자,근비대,페이스 풀,12.5,12,3,60
여성,30대,70.0,상급자,근비대,오버헤드 프레스,42.5,11,3,75
여성,10대,54.7,상급자,근비대,사이드 레터럴 레이즈,35.0,11,4,89
남성,10대,91.4,초보자,다이어트,바벨 로우,20.0,16,3,46
남성,10대,85.9,상급자,재활/건강,페이스 풀,37.5,19,2,120
남성,20대,64.3,중급자,재활/건강,오버헤드 프레스,17.5,17,2,106
남성,60대 이상,61.0,중급자,스트렝스,워킹 런지,45.0,4,5,131
여성,60대 이상,63.7,초보자,다이어트,페이스 풀,10.0,19,3,59
여성,30대,37.7,상급자,다이어트,페이스 풀,15.0,17,3,33
여성,40대,55.3,초보자,근비대,페이스 풀,10.0,11,3,84
여성,20대,61.2,중급자,스트렝스,사이드 레터럴 레이즈,27.5,4,5,177
여성,30대,52.6,중급자,다이어트,사이드 레터럴 레이즈,12.5,17,3,55
남성,40대,78.7,중급자,근비대,바벨 스쿼트,47.5,12,4,88
여성,60대 이상,43.8,중급자,스트렝스,어시스트 풀업 머신,30.0,4,5,139
남성,60대 이상,80.1,초보자,근비대,바벨 스쿼트,25.0,12,4,82
남성,20대,97.5,상급자,스트렝스,바벨 스쿼트,102.5,5,5,173
남성,30대,67.8,초보자,재활/건강,인클라인 덤벨 프레스,7.5,17,3,117
여성,30대,53.7,상급자,재활/건강,레그 익스텐션 머신,25.0,20,2,93
여성,50대,57.9,상급자,스트렝스,워킹 런지,40.0,4,4,149
여성,50대,50.1,초보자,근비대,레그 컬 머신,12.5,11,3,81
여성,50대,55.1,상급자,다이어트,레그 프레스 머신,37.5,15,3,37
여성,30대,59.7,초보자,근비대,루마니안 데드리프트,10.0,10,3,81
여성,10대,51.0,초보자,스트렝스,벤치프레스,10.0,3,5,127
여성,40대,42.7,중급자,근비대,레그 프레스 머신,22.5,10,3,68
여성,10대,51.5,중급자,재활/건강,어시스트 풀업 머신,15.0,15,3,99
남성,30대,69.7,초보자,근비대,레그 익스텐션 머신,32.5,10,4,69
여성,30대,53.5,상급자,다이어트,시티드 로우 머신,37.5,20,3,42
남성,10대,70.6,상급자,다이어트,벤치프레스,45.0,17,3,44
남성,40대,75.9,중급자,근비대,페이스 풀,47.5,10,3,87
여성,50대,48.9,상급자,근비대,바벨 로우,27.5,9,4,84
남성,10대,89.0,초보자,재활/건강,숄더 프레스 머신,17.5,16,2,102
남성,50대,51.5,상급자,스트렝스,시티드 로우 머신,85.0,3,5,180
여성,40대,49.4,중급자,재활/건강,벤치프레스,7.5,18,3,92
여성,30대,56.4,상급자,스트렝스,벤치프레스,40.0,3,4,142
남성,40대,85.2,상급자,근비대,숄더 프레스 머신,115.0,9,3,83
여성,60대 이상,67.6,상급자,다이어트,바벨 스쿼트,30.0,16,3,31
여성,10대,55.2,초보자,스트렝스,펙덱 플라이 머신,17.5,5,4,144
여성,20대,57.4,중급자,스트렝스,랫 풀다운 머신,37.5,5,4,124
남성,50대,86.4,상급자,재활/건강,체스트 프레스 머신,52.5,15,3,104
남성,60대 이상,82.9,중급자,스트렝스,어시스트 풀업 머신,90.0,3,4,152
여성,40대,68.2,상급자,근비대,체스트 프레스 머신,60.0,11,4,68
여성,20대,53.0,초보자,스트렝스,랫 풀다운 머신,17.5,5,5,122
여성,50대,55.7,중급자,스트렝스,시티드 로우 머신,37.5,3,5,153
여성,10대,52.1,중급자,스트렝스,레그 프레스 머신,35.0,5,5,179
남성,20대,74.1,중급자,다이어트,인클라인 덤벨 프레스,35.0,19,3,44
여성,50대,50.9,초보자,근비대,사이드 레터럴 레이즈,10.0,8,3,63
남성,40대,81.5,중급자,재활/건강,벤치프레스,20.0,20,3,90
여성,30대,46.0,초보자,다이어트,워킹 런지,5.0,18,3,50
여성,40대,56.0,상급자,재활/건강,랫 풀다운 머신,25.0,20,2,93
남성,30대,85.1,상급자,근비대,벤치프레스,75.0,8,3,90
여성,50대,53.3,초보자,스트렝스,레그 컬 머신,17.5,4,4,173
남성,40대,63.0,상급자,다이어트,시티드 로우 머신,65.0,16,3,47
남성,20대,61.8,상급자,근비대,바벨 스쿼트,60.0,8,3,79
여성,30대,53.8,초보자,다이어트,어시스트 풀업 머신,12.5,20,3,44
여성,40대,52.5,초보자,스트렝스,사이드 레터럴 레이즈,12.5,5,4,138
여성,30대,61.9,상급자,재활/건강,어시스트 풀업 머신,27.5,17,3,119
남성,30대,87.0,초보자,근비대,바벨 로우,25.0,10,3,84
여성,50대,44.1,초보자,다이어트,레그 프레스 머신,10.0,15,3,40
남성,50대,74.4,상급자,재활/건강,시티드 로우 머신,52.5,18,3,97
여성,40대,61.0,상급자,다이어트,루마니안 데드리프트,27.5,20,3,32
여성,40대,57.2,중급자,재활/건강,어시스트 풀업 머신,12.5,16,2,95
남성,20대,64.1,상급자,근비대,레그 익스텐션 머신,90.0,12,4,87
여성,20대,49.0,중급자,다이어트,랫 풀다운 머신,20.0,19,3,40
남성,10대,82.1,중급자,재활/건강,루마니안 데드리프트,22.5,19,3,107
여성,30대,48.3,상급자,스트렝스,레그 컬 머신,52.5,5,4,155
남성,60대 이상,72.4,상급자,스트렝스,숄더 프레스 머신,112.5,5,5,142
여성,60대 이상,48.5,중급자,다이어트,시티드 로우 머신,17.5,20,3,53
남성,10대,91.8,상급자,근비대,숄더 프레스 머신,127.5,12,3,64
여성,30대,52.1,초보자,재활/건강,펙덱 플라이 머신,7.5,20,2,106
여성,20대,69.4,상급자,다이어트,사이드 레터럴 레이즈,32.5,19,3,46
남성,50대,65.6,중급자,다이어트,바벨 스쿼트,27.5,19,3,33
남성,10대,79.3,상급자,재활/건강,레그 익스텐션 머신,52.5,18,2,114
남성,50대,82.0,초보자,다이어트,워킹 런지,17.5,15,3,38
여성,20대,43.3,상급자,다이어트,오버헤드 프레스,20.0,18,3,34
남성,30대,69.8,상급자,스트렝스,랫 풀다운 머신,112.5,3,5,134
여성,50대,55.2,중급자,다이어트,오버헤드 프레스,15.0,19,3,53
남성,50대,80.4,상급자,다이어트,숄더 프레스 머신,77.5,15,3,56
여성,30대,50.7,중급자,재활/건강,레그 컬 머신,12.5,16,2,109
여성,60대 이상,58.5,상급자,스트렝스,어시스트 풀업 머신,62.5,3,5,169
남성,10대,52.8,초보자,근비대,워킹 런지,15.0,10,3,90
남성,30대,68.1,초보자,재활/건강,시티드 로우 머신,12.5,16,2,112
여성,40대,56.3,초보자,스트렝스,펙덱 플라이 머신,20.0,5,4,145
남성,20대,83.5,상급자,스트렝스,랫 풀다운 머신,137.5,3,5,167
여성,10대,52.8,중급자,재활/건강,벤치프레스,10.0,15,2,120
남성,10대,95.9,초보자,스트렝스,사이드 레터럴 레이즈,35.0,5,5,124
남성,20대,93.0,상급자,재활/건강,어시스트 풀업 머신,60.0,15,2,99
여성,60대 이상,54.1,상급자,스트렝스,랫 풀다운 머신,57.5,5,5,139
남성,30대,75.1,초보자,재활/건강,레그 익스텐션 머신,15.0,17,3,91
여성,30대,46.3,초보자,재활/건강,오버헤드 프레스,5.0,16,3,92
남성,60대 이상,73.1,중급자,스트렝스,인클라인 덤벨 프레스,50.0,5,5,166
남성,20대,69.9,초보자,스트렝스,바벨 로우,25.0,5,5,174
여성,20대,54.2,초보자,재활/건강,사이드 레터럴 레이즈,5.0,20,3,98
여성,30대,72.4,상급자,근비대,워킹 런지,42.5,10,4,85
남성,10대,84.4,초보자,근비대,오버헤드 프레스,25.0,8,3,63
남성,40대,79.0,상급자,스트렝스,레그 익스텐션 머신,127.5,4,5,130
여성,20대,65.4,초보자,재활/건강,루마니안 데드리프트,5.0,17,2,101
여성,10대,53.0,초보자,근비대,숄더 프레스 머신,15.0,9,3,76
남성,60대 이상,76.3,중급자,스트렝스,인클라인 덤벨 프레스,57.5,3,4,153
여성,20대,75.3,중급자,재활/건강,체스트 프레스 머신,20.0,20,2,91
남성,60대 이상,64.3,초보자,다이어트,벤치프레스,15.0,19,3,33
남성,40대,81.9,상급자,다이어트,랫 풀다운 머신,77.5,17,3,58
남성,30대,61.3,상급자,다이어트,워킹 런지,42.5,20,3,57
여성,60대 이상,52.1,중급자,재활/건강,루마니안 데드리프트,7.5,16,3,120
남성,20대,51.8,초보자,다이어트,체스트 프레스 머신,17.5,19,3,36
남성,40대,73.0,초보자,스트렝스,인클라인 덤벨 프레스,25.0,5,4,134
남성,20대,57.4,중급자,근비대,레그 프레스 머신,55.0,9,4,78
여성,30대,46.3,상급자,재활/건강,레그 프레스 머신,17.5,19,3,116
여성,20대,63.5,상급자,재활/건강,펙덱 플라이 머신,25.0,20,3,98
남성,60대 이상,81.6,초보자,스트렝스,숄더 프레스 머신,45.0,5,5,154
여성,30대,50.8,상급자,스트렝스,어시스트 풀업 머신,57.5,3,4,169
남성,30대,73.7,중급자,근비대,페이스 풀,45.0,8,4,89
남성,10대,59.4,초보자,스트렝스,바벨 스쿼트,22.5,3,5,153
남성,30대,83.2,중급자,다이어트,루마니안 데드리프트,35.0,15,3,30
여성,60대 이상,53.3,상급자,재활/건강,랫 풀다운 머신,20.0,19,3,119
남성,50대,59.5,상급자,재활/건강,벤치프레스,22.5,17,2,117
여성,20대,53.7,중급자,스트렝스,루마니안 데드리프트,25.0,5,4,134
여성,50대,59.0,상급자,다이어트,체스트 프레스 머신,40.0,19,3,32
여성,60대 이상,57.4,상급자,다이어트,인클라인 덤벨 프레스,25.0,16,3,53
여성,10대,55.6,중급자,재활/건강,바벨 스쿼트,7.5,17,2,118
남성,30대,71.1,중급자,다이어트,페이스 풀,30.0,17,3,38
여성,20대,61.0,상급자,다이어트,레그 익스텐션 머신,40.0,16,3,52
남성,50대,74.5,중급자,근비대,레그 프레스 머신,70.0,8,4,73
여성,60대 이상,58.7,중급자,근비대,사이드 레터럴 레이즈,22.5,12,4,72
남성,20대,78.6,초보자,근비대,페이스 풀,25.0,12,3,66
남성,60대 이상,55.9,초보자,다이어트,인클라인 덤벨 프레스,12.5,16,3,31
남성,30대,74.5,초보자,재활/건강,벤치프레스,10.0,15,3,110
남성,20대,96.9,초보자,근비대,오버헤드 프레스,30.0,11,4,64
남성,30대,86.1,초보자,재활/건강,오버헤드 프레스,12.5,19,3,100
여성,10대,54.7,상급자,다이어트,어시스트 풀업 머신,35.0,16,3,47
남성,30대,66.3,중급자,다이어트,펙덱 플라이 머신,45.0,20,3,47
남성,30대,84.4,초보자,스트렝스,사이드 레터럴 레이즈,30.0,3,4,172
남성,20대,60.6,중급자,스트렝스,레그 프레스 머신,67.5,3,5,128
여성,60대 이상,52.8,초보자,다이어트,바벨 로우,7.5,18,3,40
남성,40대,64.4,상급자,근비대,숄더 프레스 머신,92.5,9,3,82
여성,50대,49.1,초보자,다이어트,루마니안 데드리프트,7.5,19,3,36
여성,40대,43.8,중급자,재활/건강,루마니안 데드리프트,7.5,18,3,108
남성,60대 이상,73.9,상급자,스트렝스,오버헤드 프레스,82.5,5,4,142
남성,20대,72.3,중급자,재활/건강,워킹 런지,17.5,15,2,116
여성,30대,43.5,중급자,재활/건강,오버헤드 프레스,7.5,18,2,100
여성,30대,60.9,초보자,스트렝스,숄더 프레스 머신,20.0,3,5,170
남성,10대,82.8,중급자,재활/건강,랫 풀다운 머신,37.5,18,2,108
여성,10대,58.1,초보자,근비대,레그 컬 머신,17.5,8,3,82
남성,20대,77.2,상급자,스트렝스,레그 익스텐션 머신,120.0,4,5,178
남성,60대 이상,74.7,초보자,근비대,워킹 런지,22.5,12,4,69
여성,60대 이상,52.1,중급자,재활/건강,시티드 로우 머신,15.0,18,2,95
남성,10대,74.3,상급자,재활/건강,레그 프레스 머신,45.0,15,3,113
여성,60대 이상,56.5,상급자,재활/건강,레그 익스텐션 머신,22.5,18,3,94
여성,10대,52.4,상급자,근비대,인클라인 덤벨 프레스,32.5,12,4,66
여성,10대,55.9,상급자,재활/건강,바벨 스쿼트,17.5,15,3,97
남성,60대 이상,84.6,중급자,재활/건강,체스트 프레스 머신,35.0,19,2,118
남성,50대,90.2,중급자,스트렝스,사이드 레터럴 레이즈,62.5,3,5,165
남성,20대,42.0,초보자,스트렝스,숄더 프레스 머신,25.0,5,5,153
남성,20대,74.3,초보자,재활/건강,숄더 프레스 머신,15.0,20,3,118
남성,50대,70.2,상급자,다이어트,레그 프레스 머신,67.5,20,3,31
남성,60대 이상,63.0,중급자,근비대,루마니안 데드리프트,37.5,9,4,81
여성,30대,58.6,중급자,스트렝스,레그 컬 머신,40.0,3,5,177
여성,10대,48.8,상급자,재활/건강,인클라인 덤벨 프레스,15.0,19,3,108
남성,10대,63.7,상급자,다이어트,레그 익스텐션 머신,67.5,15,3,53
남성,30대,78.7,중급자,스트렝스,페이스 풀,55.0,3,5,140
남성,40대,70.1,상급자,다이어트,레그 익스텐션 머신,65.0,20,3,41
여성,60대 이상,66.1,상급자,스트렝스,워킹 런지,45.0,5,5,135
여성,10대,65.7,초보자,근비대,어시스트 풀업 머신,20.0,11,4,78
남성,40대,82.0,중급자,재활/건강,벤치프레스,22.5,16,3,104
남성,30대,90.7,상급자,다이어트,사이드 레터럴 레이즈,60.0,20,3,50
여성,30대,62.7,초보자,스트렝스,바벨 스쿼트,12.5,3,4,142
여성,20대,48.1,상급자,근비대,레그 컬 머신,40.0,8,4,76
여성,30대,59.4,초보자,스트렝스,레그 익스텐션 머신,20.0,4,5,121
남성,60대 이상,81.6,초보자,다이어트,오버헤드 프레스,20.0,17,3,43
남성,20대,93.8,상급자,다이어트,랫 풀다운 머신,85.0,19,3,31
여성,40대,37.6,초보자,근비대,시티드 로우 머신,10.0,12,3,60
남성,40대,91.4,초보자,스트렝스,랫 풀다운 머신,50.0,4,4,120
남성,60대 이상,79.0,상급자,재활/건강,인클라인 덤벨 프레스,32.5,15,3,106
여성,40대,54.6,중급자,다이어트,숄더 프레스 머신,22.5,20,3,44
여성,40대,54.4,중급자,다이어트,바벨 스쿼트,15.0,19,3,35
남성,40대,90.2,중급자,근비대,페이스 풀,52.5,11,4,64
여성,60대 이상,71.1,중급자,근비대,펙덱 플라이 머신,42.5,12,3,89
남성,40대,68.0,상급자,스트렝스,루마니안 데드리프트,77.5,5,4,141
남성,20대,67.6,초보자,다이어트,시티드 로우 머신,22.5,15,3,48
남성,60대 이상,67.6,초보자,스트렝스,페이스 풀,22.5,5,4,159
남성,50대,60.2,상급자,재활/건강,체스트 프레스 머신,37.5,20,3,96
남성,60대 이상,93.4,중급자,다이어트,바벨 로우,40.0,15,3,47
여성,10대,68.2,초보자,근비대,레그 컬 머신,17.5,11,4,75
여성,60대 이상,61.7,중급자,근비대,체스트 프레스 머신,32.5,12,3,90
여성,60대 이상,53.6,상급자,스트렝스,숄더 프레스 머신,60.0,5,5,136
남성,40대,73.5,중급자,재활/건강,벤치프레스,17.5,16,2,104
남성,30대,78.6,초보자,근비대,인클라인 덤벨 프레스,22.5,9,4,61
남성,10대,71.9,초보자,근비대,시티드 로우 머신,30.0,12,3,88
남성,60대 이상,71.2,초보자,재활/건강,바벨 스쿼트,10.0,18,3,98
남성,10대,104.5,상급자,근비대,바벨 스쿼트,92.5,8,3,60
남성,30대,75.4,중급자,재활/건강,체스트 프레스 머신,30.0,17,3,118
여성,30대,60.4,초보자,다이어트,숄더 프레스 머신,12.5,20,3,49
남성,40대,69.4,상급자,근비대,벤치프레스,60.0,9,4,86
여성,30대,47.8,초보자,재활/건강,시티드 로우 머신,5.0,20,2,105
여성,30대,56.5,상급자,재활/건강,레그 프레스 머신,25.0,19,3,100
남성,60대 이상,73.9,초보자,스트렝스,레그 프레스 머신,40.0,3,4,142
여성,40대,57.4,상급자,근비대,루마니안 데드리프트,32.5,9,3,76
여성,50대,51.3,초보자,근비대,레그 익스텐션 머신,15.0,10,4,77
남성,30대,61.1,상급자,스트렝스,숄더 프레스 머신,95.0,4,4,175
여성,50대,40.9,상급자,재활/건강,체스트 프레스 머신,17.5,19,3,98
여성,60대 이상,54.8,중급자,근비대,루마니안 데드리프트,20.0,8,3,72
여성,20대,40.3,중급자,근비대,벤치프레스,15.0,12,4,62
남성,50대,71.4,상급자,재활/건강,워킹 런지,30.0,18,3,117
여성,60대 이상,65.1,중급자,재활/건강,레그 컬 머신,15.0,16,3,116
여성,30대,62.4,초보자,재활/건강,레그 익스텐션 머신,7.5,16,3,99
남성,10대,68.5,상급자,근비대,레그 프레스 머신,97.5,9,3,65
남성,40대,65.5,중급자,다이어트,바벨 스쿼트,30.0,15,3,49
여성,20대,55.4,중급자,스트렝스,벤치프레스,25.0,4,5,151
남성,30대,83.3,초보자,스트렝스,숄더 프레스 머신,47.5,3,4,179
남성,30대,66.3,상급자,재활/건강,체스트 프레스 머신,42.5,17,2,96
남성,40대,79.4,중급자,스트렝스,시티드 로우 머신,80.0,5,4,133
여성,20대,52.9,초보자,근비대,워킹 런지,10.0,10,3,76
여성,20대,59.7,초보자,근비대,인클라인 덤벨 프레스,10.0,12,3,86
여성,40대,53.5,중급자,근비대,어시스트 풀업 머신,30.0,8,3,61
여성,50대,58.2,초보자,재활/건강,숄더 프레스 머신,7.5,15,3,116
남성,30대,66.1,초보자,재활/건강,사이드 레터럴 레이즈,10.0,15,3,91
여성,30대,52.1,중급자,재활/건강,숄더 프레스 머신,12.5,20,2,103
남성,30대,71.0,상급자,스트렝스,인클라인 덤벨 프레스,72.5,4,5,159
여성,30대,65.7,상급자,재활/건강,랫 풀다운 머신,27.5,18,3,114
남성,30대,67.9,상급자,재활/건강,레그 익스텐션 머신,42.5,19,3,95
남성,60대 이상,68.1,중급자,재활/건강,워킹 런지,17.5,15,3,102
남성,60대 이상,91.4,중급자,다이어트,어시스트 풀업 머신,62.5,17,3,46
남성,30대,71.3,초보자,재활/건강,레그 익스텐션 머신,15.0,15,2,101
남성,20대,68.0,상급자,재활/건강,바벨 로우,30.0,16,3,105
여성,50대,57.6,중급자,스트렝스,숄더 프레스 머신,37.5,5,5,174
남성,50대,87.1,상급자,다이어트,레그 프레스 머신,80.0,16,3,40
남성,10대,73.5,상급자,다이어트,레그 익스텐션 머신,77.5,15,3,38
여성,30대,53.0,초보자,근비대,사이드 레터럴 레이즈,10.0,10,3,70
남성,60대 이상,91.3,중급자,스트렝스,레그 익스텐션 머신,97.5,4,4,146
여성,50대,56.1,중급자,재활/건강,오버헤드 프레스,10.0,15,3,96
여성,30대,68.4,중급자,스트렝스,인클라인 덤벨 프레스,30.0,3,4,135
남성,40대,59.4,중급자,재활/건강,레그 익스텐션 머신,27.5,15,3,112
여성,60대 이상,57.2,초보자,재활/건강,페이스 풀,5.0,20,3,101
여성,50대,54.8,중급자,재활/건강,체스트 프레스 머신,15.0,17,3,95
남성,60대 이상,78.0,초보자,근비대,펙덱 플라이 머신,35.0,12,4,87
남성,50대,70.5,초보자,스트렝스,벤치프레스,25.0,4,4,135
여성,20대,52.8,초보자,재활/건강,바벨 로우,5.0,19,3,112
남성,20대,69.2,초보자,다이어트,벤치프레스,15.0,18,3,30
여성,40대,63.9,상급자,재활/건강,시티드 로우 머신,27.5,19,2,94
남성,20대,88.4,상급자,다이어트,바벨 로우,60.0,15,3,53
여성,10대,58.3,상급자,재활/건강,레그 익스텐션 머신,27.5,15,2,98
여성,40대,62.8,중급자,다이어트,숄더 프레스 머신,27.5,20,3,60
여성,30대,65.7,초보자,스트렝스,레그 익스텐션 머신,22.5,3,5,142
여성,40대,52.2,중급자,스트렝스,시티드 로우 머신,35.0,3,5,176
남성,60대 이상,71.0,상급자,다이어트,레그 프레스 머신,77.5,15,3,57
남성,40대,76.8,초보자,다이어트,바벨 로우,17.5,19,3,40
남성,60대 이상,73.4,초보자,재활/건강,레그 컬 머신,17.5,17,3,116
여성,40대,56.8,초보자,근비대,사이드 레터럴 레이즈,10.0,10,3,70
여성,20대,52.1,상급자,다이어트,벤치프레스,22.5,18,3,44
남성,40대,72.6,초보자,스트렝스,워킹 런지,25.0,4,4,145
남성,50대,74.4,초보자,다이어트,체스트 프레스 머신,25.0,16,3,56
여성,30대,65.4,중급자,다이어트,벤치프레스,17.5,16,3,50
여성,20대,53.8,중급자,재활/건강,벤치프레스,10.0,19,2,114
남성,50대,71.6,상급자,스트렝스,레그 컬 머신,110.0,5,4,168
남성,10대,68.5,중급자,근비대,랫 풀다운 머신,60.0,12,4,90
여성,60대 이상,49.7,상급자,근비대,숄더 프레스 머신,42.5,8,4,81
남성,40대,67.2,중급자,다이어트,사이드 레터럴 레이즈,30.0,17,3,49
남성,50대,72.6,중급자,다이어트,벤치프레스,32.5,20,3,37
남성,30대,77.2,상급자,재활/건강,랫 풀다운 머신,50.0,18,3,116
여성,60대 이상,49.5,상급자,스트렝스,페이스 풀,37.5,4,4,174
남성,60대 이상,62.7,중급자,근비대,어시스트 풀업 머신,57.5,8,4,69
남성,60대 이상,66.7,중급자,다이어트,체스트 프레스 머신,42.5,18,3,42
여성,40대,55.4,중급자,재활/건강,루마니안 데드리프트,10.0,15,2,101
여성,20대,53.6,중급자,스트렝스,벤치프레스,22.5,5,4,149
남성,10대,90.6,중급자,재활/건강,오버헤드 프레스,22.5,17,3,96
여성,60대 이상,50.9,중급자,다이어트,랫 풀다운 머신,22.5,18,3,52
남성,60대 이상,82.5,상급자,재활/건강,바벨 스쿼트,35.0,15,3,108
남성,10대,54.8,상급자,재활/건강,숄더 프레스 머신,32.5,20,2,106
여성,20대,63.1,초보자,재활/건강,랫 풀다운 머신,7.5,17,2,96
여성,50대,50.7,상급자,재활/건강,벤치프레스,12.5,17,2,104
여성,60대 이상,55.4,중급자,재활/건강,체스트 프레스 머신,12.5,18,2,93
여성,10대,59.7,초보자,스트렝스,펙덱 플라이 머신,20.0,3,4,139
여성,10대,51.6,초보자,근비대,오버헤드 프레스,10.0,9,4,81
여성,50대,54.2,초보자,재활/건강,숄더 프레스 머신,7.5,19,2,106
여성,60대 이상,60.1,초보자,스트렝스,레그 컬 머신,20.0,3,4,180
남성,40대,85.1,초보자,다이어트,워킹 런지,20.0,18,3,60
여성,60대 이상,44.9,상급자,근비대,레그 프레스 머신,40.0,11,3,80
여성,30대,61.5,상급자,근비대,오버헤드 프레스,40.0,12,3,78
여성,10대,49.4,상급자,근비대,랫 풀다운 머신,47.5,12,4,63
여성,10대,62.1,초보자,다이어트,인클라인 덤벨 프레스,7.5,19,3,48
남성,60대 이상,78.2,중급자,스트렝스,레그 컬 머신,82.5,3,5,159
남성,30대,72.8,상급자,재활/건강,레그 익스텐션 머신,47.5,16,2,105
여성,30대,60.0,상급자,재활/건강,숄더 프레스 머신,27.5,15,2,101
여성,10대,42.6,초보자,근비대,인클라인 덤벨 프레스,7.5,8,3,64
남성,20대,85.1,상급자,재활/건강,시티드 로우 머신,47.5,15,2,116
여성,50대,69.8,상급자,근비대,페이스 풀,45.0,8,3,65
남성,10대,75.0,초보자,스트렝스,랫 풀다운 머신,40.0,4,5,127
여성,20대,52.3,상급자,스트렝스,시티드 로우 머신,57.5,4,5,150
남성,60대 이상,71.8,상급자,다이어트,레그 익스텐션 머신,72.5,20,3,36
여성,20대,58.8,중급자,재활/건강,레그 프레스 머신,15.0,18,3,105
여성,10대,62.2,중급자,재활/건강,벤치프레스,12.5,18,2,93
여성,20대,53.5,상급자,다이어트,벤치프레스,25.0,16,3,53
남성,40대,72.8,상급자,재활/건강,바벨 로우,35.0,19,2,92
여성,30대,65.7,초보자,근비대,오버헤드 프레스,12.5,12,3,83
남성,30대,57.9,상급자,스트렝스,사이드 레터럴 레이즈,65.0,4,4,169
여성,60대 이상,69.6,초보자,재활/건강,레그 프레스 머신,10.0,18,3,113
여성,50대,54.5,상급자,재활/건강,레그 프레스 머신,25.0,19,3,117
남성,60대 이상,75.2,초보자,근비대,사이드 레터럴 레이즈,22.5,8,3,78
남성,20대,91.8,초보자,스트렝스,체스트 프레스 머신,50.0,4,4,178
남성,10대,54.2,중급자,다이어트,랫 풀다운 머신,32.5,15,3,45
남성,60대 이상,64.1,초보자,다이어트,벤치프레스,15.0,20,3,34
남성,50대,90.5,중급자,근비대,벤치프레스,52.5,10,4,85
여성,10대,58.4,초보자,스트렝스,워킹 런지,12.5,3,4,147
남성,60대 이상,78.1,중급자,근비대,레그 컬 머신,67.5,10,4,68
남성,20대,88.6,중급자,스트렝스,인클라인 덤벨 프레스,65.0,4,5,174
남성,30대,78.1,중급자,스트렝스,벤치프레스,57.5,5,4,129
남성,10대,84.1,중급자,다이어트,페이스 풀,37.5,18,3,35
여성,10대,54.8,상급자,스트렝스,인클라인 덤벨 프레스,40.0,5,5,144
남성,60대 이상,61.3,중급자,재활/건강,랫 풀다운 머신,27.5,18,3,92
여성,30대,53.3,초보자,근비대,바벨 스쿼트,10.0,12,4,87
남성,30대,71.2,상급자,스트렝스,바벨 로우,80.0,3,4,174
여성,50대,48.8,중급자,재활/건강,사이드 레터럴 레이즈,10.0,20,3,98
여성,40대,44.8,상급자,재활/건강,어시스트 풀업 머신,17.5,20,2,93
여성,60대 이상,57.4,상급자,근비대,바벨 스쿼트,35.0,11,4,68
여성,50대,41.6,초보자,다이어트,시티드 로우 머신,10.0,17,3,32
여성,30대,51.9,상급자,근비대,인클라인 덤벨 프레스,32.5,12,4,72
남성,20대,79.9,초보자,스트렝스,체스트 프레스 머신,42.5,3,4,126
남성,20대,69.9,중급자,근비대,숄더 프레스 머신,62.5,8,3,76
남성,20대,68.3,초보자,스트렝스,펙덱 플라이 머신,35.0,3,5,122
여성,30대,61.0,중급자,다이어트,오버헤드 프레스,17.5,20,3,39
여성,40대,56.8,중급자,재활/건강,레그 프레스 머신,17.5,17,3,118
여성,20대,48.3,초보자,재활/건강,펙덱 플라이 머신,7.5,15,3,109
남성,40대,60.0,중급자,다이어트,바벨 로우,27.5,19,3,55
남성,50대,85.4,상급자,근비대,레그 컬 머신,120.0,12,4,73
남성,10대,72.7,초보자,재활/건강,루마니안 데드리프트,10.0,20,2,97
남성,40대,74.3,상급자,스트렝스,숄더 프레스 머신,125.0,4,4,124
남성,10대,58.2,상급자,스트렝스,레그 익스텐션 머신,90.0,4,4,151
여성,40대,55.0,중급자,재활/건강,레그 프레스 머신,12.5,17,2,116
남성,20대,80.6,상급자,재활/건강,어시스트 풀업 머신,47.5,20,2,103
여성,30대,53.1,중급자,근비대,레그 컬 머신,27.5,12,3,76
남성,10대,81.2,중급자,근비대,레그 컬 머신,77.5,10,4,73
남성,30대,63.4,중급자,재활/건강,벤치프레스,17.5,16,2,112
남성,60대 이상,74.1,중급자,근비대,벤치프레스,42.5,12,3,80
여성,60대 이상,62.6,초보자,다이어트,바벨 로우,10.0,15,3,51
남성,20대,76.3,중급자,스트렝스,페이스 풀,57.5,4,4,156
남성,10대,83.7,상급자,다이어트,페이스 풀,50.0,20,3,55
여성,60대 이상,62.8,초보자,스트렝스,사이드 레터럴 레이즈,15.0,5,4,159
남성,30대,83.9,상급자,다이어트,벤치프레스,57.5,17,3,53
남성,50대,67.4,초보자,다이어트,레그 프레스 머신,22.5,17,3,57
남성,40대,79.8,중급자,스트렝스,오버헤드 프레스,60.0,5,4,167
남성,60대 이상,80.6,초보자,다이어트,벤치프레스,20.0,16,3,52
남성,10대,74.5,중급자,재활/건강,레그 컬 머신,27.5,15,3,100
남성,30대,61.7,초보자,근비대,체스트 프레스 머신,27.5,9,4,81
여성,60대 이상,63.8,초보자,다이어트,시티드 로우 머신,12.5,18,3,52
여성,30대,44.6,중급자,근비대,시티드 로우 머신,25.0,8,3,86
여성,40대,54.6,중급자,다이어트,숄더 프레스 머신,20.0,19,3,39
남성,10대,71.5,상급자,재활/건강,인클라인 덤벨 프레스,30.0,19,2,99
남성,50대,59.4,상급자,재활/건강,오버헤드 프레스,25.0,18,3,104
남성,20대,66.3,초보자,근비대,레그 컬 머신,30.0,12,3,83
남성,10대,82.5,상급자,재활/건강,레그 프레스 머신,52.5,17,2,116
여성,20대,73.2,상급자,다이어트,어시스트 풀업 머신,47.5,16,3,43
여성,20대,59.6,초보자,다이어트,벤치프레스,7.5,18,3,48
여성,60대 이상,56.9,초보자,근비대,펙덱 플라이 머신,17.5,9,3,79
남성,30대,72.5,상급자,재활/건강,레그 익스텐션 머신,47.5,15,3,115
여성,20대,57.0,상급자,근비대,워킹 런지,35.0,8,4,76
남성,10대,81.5,초보자,스트렝스,바벨 스쿼트,30.0,5,4,143
남성,20대,58.9,중급자,다이어트,루마니안 데드리프트,27.5,17,3,53
남성,10대,54.8,상급자,근비대,레그 익스텐션 머신,77.5,11,4,87
남성,60대 이상,72.4,초보자,재활/건강,인클라인 덤벨 프레스,10.0,15,3,99
여성,60대 이상,41.1,초보자,재활/건강,체스트 프레스 머신,5.0,20,3,101
여성,10대,60.1,중급자,재활/건강,벤치프레스,12.5,20,3,96
여성,50대,51.8,상급자,다이어트,워킹 런지,25.0,19,3,59
여성,20대,77.0,중급자,근비대,레그 프레스 머신,42.5,11,3,77
남성,40대,97.3,초보자,스트렝스,레그 익스텐션 머신,55.0,5,5,172
남성,30대,51.9,중급자,다이어트,바벨 스쿼트,22.5,20,3,50
여성,40대,67.7,중급자,재활/건강,벤치프레스,12.5,18,3,102
남성,60대 이상,87.2,초보자,근비대,레그 프레스 머신,40.0,8,4,83
여성,50대,73.5,초보자,근비대,시티드 로우 머신,20.0,11,4,82
남성,50대,76.4,중급자,근비대,레그 프레스 머신,65.0,9,3,61
남성,40대,60.8,상급자,스트렝스,오버헤드 프레스,70.0,4,5,156
남성,30대,73.1,상급자,재활/건강,워킹 런지,35.0,20,2,106
남성,30대,72.6,중급자,근비대,레그 프레스 머신,62.5,9,4,75
남성,10대,55.1,중급자,재활/건강,사이드 레터럴 레이즈,15.0,20,3,113
여성,20대,63.6,중급자,근비대,어시스트 풀업 머신,35.0,11,3,67
여성,50대,62.9,중급자,근비대,랫 풀다운 머신,37.5,10,4,88
남성,30대,64.0,초보자,다이어트,루마니안 데드리프트,15.0,20,3,57
여성,50대,54.4,상급자,스트렝스,인클라인 덤벨 프레스,37.5,5,5,160
여성,20대,54.7,초보자,스트렝스,어시스트 풀업 머신,17.5,4,5,163
여성,50대,52.9,상급자,다이어트,체스트 프레스 머신,35.0,15,3,53
여성,10대,35.0,상급자,재활/건강,페이스 풀,10.0,15,2,104
여성,40대,38.0,상급자,근비대,바벨 로우,22.5,8,4,63
여성,10대,57.5,상급자,근비대,페이스 풀,32.5,12,4,90
남성,60대 이상,60.1,초보자,다이어트,루마니안 데드리프트,12.5,15,3,57
남성,10대,70.9,중급자,재활/건강,바벨 스쿼트,20.0,15,2,115
남성,40대,87.2,상급자,다이어트,레그 익스텐션 머신,80.0,18,3,31
남성,40대,62.1,중급자,스트렝스,벤치프레스,42.5,5,5,154
남성,40대,79.9,상급자,다이어트,페이스 풀,47.5,16,3,51
남성,30대,68.1,상급자,스트렝스,페이스 풀,75.0,5,5,128
남성,50대,78.5,상급자,스트렝스,인클라인 덤벨 프레스,87.5,3,4,155
여성,50대,54.6,중급자,스트렝스,벤치프레스,25.0,5,4,134
남성,50대,69.8,상급자,근비대,레그 컬 머신,92.5,10,4,87
여성,10대,55.7,초보자,스트렝스,레그 프레스 머신,20.0,4,4,125
남성,60대 이상,74.6,중급자,다이어트,바벨 로우,35.0,15,3,39
남성,40대,79.7,초보자,스트렝스,펙덱 플라이 머신,42.5,3,4,141
여성,20대,56.2,초보자,근비대,워킹 런지,10.0,10,4,67
남성,20대,65.3,상급자,재활/건강,바벨 스쿼트,25.0,19,3,103
남성,40대,76.6,상급자,재활/건강,벤치프레스,32.5,20,2,100
남성,10대,83.9,중급자,근비대,바벨 스쿼트,52.5,8,4,71
여성,10대,42.4,초보자,스트렝스,레그 컬 머신,15.0,3,5,150
남성,20대,71.2,중급자,다이어트,레그 컬 머신,45.0,15,3,57
남성,60대 이상,78.7,초보자,다이어트,바벨 로우,17.5,18,3,32
남성,50대,78.9,초보자,스트렝스,펙덱 플라이 머신,42.5,5,5,146
여성,10대,63.6,초보자,근비대,벤치프레스,12.5,12,3,74
여성,10대,50.3,상급자,스트렝스,오버헤드 프레스,37.5,3,5,128
남성,60대 이상,75.3,중급자,스트렝스,어시스트 풀업 머신,85.0,4,4,154
남성,30대,68.5,초보자,스트렝스,인클라인 덤벨 프레스,25.0,5,5,137
남성,10대,82.6,초보자,스트렝스,인클라인 덤벨 프레스,27.5,4,4,173
남성,20대,78.2,초보자,다이어트,바벨 로우,17.5,19,3,41
남성,10대,74.3,중급자,재활/건강,레그 컬 머신,27.5,15,3,102
여성,50대,56.2,초보자,근비대,숄더 프레스 머신,17.5,12,4,68
남성,40대,88.8,중급자,재활/건강,바벨 스쿼트,22.5,19,2,92
남성,60대 이상,78.7,중급자,스트렝스,시티드 로우 머신,87.5,3,4,169
남성,10대,84.8,초보자,다이어트,어시스트 풀업 머신,27.5,16,3,39
남성,20대,56.8,상급자,다이어트,사이드 레터럴 레이즈,35.0,18,3,41
여성,10대,48.8,중급자,다이어트,체스트 프레스 머신,20.0,20,3,44
남성,30대,69.6,상급자,재활/건강,시티드 로우 머신,47.5,19,3,106
여성,50대,47.3,상급자,재활/건강,벤치프레스,15.0,16,3,96
여성,20대,50.9,상급자,스트렝스,바벨 스쿼트,37.5,3,4,178
여성,20대,39.2,초보자,스트렝스,랫 풀다운 머신,12.5,4,5,178
여성,10대,38.8,상급자,재활/건강,어시스트 풀업 머신,15.0,19,2,96
여성,50대,58.6,초보자,스트렝스,루마니안 데드리프트,15.0,3,5,121
남성,60대 이상,83.0,중급자,다이어트,바벨 로우,37.5,17,3,42
여성,40대,40.5,중급자,근비대,레그 컬 머신,25.0,8,4,70
여성,30대,41.4,상급자,스트렝스,바벨 스쿼트,30.0,5,5,141
남성,60대 이상,75.3,중급자,다이어트,인클라인 덤벨 프레스,32.5,17,3,48
여성,20대,51.2,상급자,다이어트,바벨 로우,22.5,18,3,55
여성,10대,49.2,상급자,재활/건강,인클라인 덤벨 프레스,12.5,15,3,96
여성,60대 이상,67.2,초보자,재활/건강,레그 익스텐션 머신,7.5,15,3,119
여성,30대,58.5,초보자,재활/건강,루마니안 데드리프트,5.0,19,2,98
여성,60대 이상,58.2,초보자,스트렝스,인클라인 덤벨 프레스,12.5,5,4,159
남성,20대,87.4,초보자,스트렝스,랫 풀다운 머신,50.0,5,4,145
여성,40대,48.1,상급자,다이어트,랫 풀다운 머신,35.0,17,3,39
남성,60대 이상,65.0,상급자,스트렝스,오버헤드 프레스,72.5,3,4,148
여성,10대,46.6,초보자,근비대,체스트 프레스 머신,12.5,11,4,74
여성,20대,38.8,초보자,근비대,레그 컬 머신,12.5,9,3,71
여성,40대,50.6,중급자,스트렝스,루마니안 데드리프트,22.5,4,5,143
여성,60대 이상,63.6,중급자,다이어트,레그 익스텐션 머신,25.0,17,3,40
여성,10대,57.3,초보자,다이어트,루마니안 데드리프트,7.5,17,3,43
여성,20대,46.5,중급자,스트렝스,사이드 레터럴 레이즈,20.0,3,4,144
여성,20대,60.3,초보자,재활/건강,루마니안 데드리프트,5.0,18,2,119
여성,10대,41.3,중급자,스트렝스,숄더 프레스 머신,27.5,4,5,170
남성,50대,85.9,초보자,근비대,루마니안 데드리프트,27.5,8,4,65
남성,20대,54.7,중급자,근비대,체스트 프레스 머신,50.0,12,4,63
남성,40대,54.9,중급자,다이어트,바벨 스쿼트,25.0,17,3,40
남성,10대,63.2,중급자,스트렝스,레그 컬 머신,65.0,5,4,153
남성,20대,68.7,중급자,스트렝스,오버헤드 프레스,50.0,3,4,146
남성,50대,71.7,상급자,스트렝스,펙덱 플라이 머신,120.0,4,5,130
여성,10대,57.8,상급자,다이어트,레그 프레스 머신,35.0,16,3,56
여성,60대 이상,51.0,초보자,다이어트,시티드 로우 머신,10.0,20,3,48
여성,30대,49.1,중급자,스트렝스,인클라인 덤벨 프레스,22.5,3,5,150
여성,20대,46.9,상급자,다이어트,인클라인 덤벨 프레스,20.0,19,3,32
남성,50대,63.2,중급자,다이어트,페이스 풀,25.0,17,3,41
남성,20대,99.7,상급자,재활/건강,오버헤드 프레스,37.5,15,3,93
남성,30대,96.0,초보자,재활/건강,체스트 프레스 머신,20.0,17,2,94
남성,10대,76.6,중급자,근비대,레그 익스텐션 머신,67.5,9,4,63
여성,20대,58.9,상급자,다이어트,레그 프레스 머신,42.5,20,3,36
남성,40대,58.6,초보자,근비대,워킹 런지,17.5,12,4,83
남성,20대,80.8,중급자,재활/건강,레그 컬 머신,32.5,19,3,90
남성,60대 이상,68.6,중급자,스트렝스,랫 풀다운 머신,75.0,4,5,166
여성,60대 이상,53.1,상급자,다이어트,워킹 런지,25.0,20,3,49
남성,60대 이상,88.6,초보자,근비대,숄더 프레스 머신,42.5,12,3,75
남성,60대 이상,73.5,중급자,다이어트,루마니안 데드리프트,32.5,17,3,37
남성,30대,80.4,초보자,스트렝스,오버헤드 프레스,30.0,4,5,162
남성,50대,68.3,초보자,재활/건강,레그 프레스 머신,15.0,20,3,101
남성,30대,78.5,중급자,재활/건강,숄더 프레스 머신,27.5,16,3,100
여성,30대,64.5,초보자,재활/건강,레그 컬 머신,7.5,20,2,91
여성,30대,60.6,상급자,스트렝스,체스트 프레스 머신,65.0,3,4,176
남성,20대,82.3,중급자,다이어트,펙덱 플라이 머신,52.5,17,3,46
남성,40대,62.0,초보자,재활/건강,랫 풀다운 머신,12.5,18,3,94
여성,10대,52.9,상급자,근비대,사이드 레터럴 레이즈,32.5,10,4,74
여성,10대,59.0,상급자,근비대,워킹 런지,32.5,9,4,69
여성,40대,54.5,중급자,다이어트,레그 익스텐션 머신,20.0,19,3,58
남성,20대,75.6,중급자,재활/건강,벤치프레스,22.5,15,3,120
남성,50대,64.5,상급자,다이어트,인클라인 덤벨 프레스,42.5,16,3,31
남성,30대,68.7,초보자,스트렝스,펙덱 플라이 머신,35.0,4,5,167
남성,20대,74.4,상급자,근비대,바벨 스쿼트,67.5,10,4,68
여성,20대,55.8,상급자,스트렝스,숄더 프레스 머신,60.0,3,5,159
여성,50대,58.2,상급자,스트렝스,시티드 로우 머신,60.0,3,5,124
여성,40대,50.1,중급자,다이어트,어시스트 풀업 머신,22.5,15,3,56
남성,30대,59.4,상급자,스트렝스,체스트 프레스 머신,97.5,3,4,126
남성,10대,48.2,중급자,근비대,바벨 로우,30.0,8,4,82
남성,40대,63.3,중급자,근비대,랫 풀다운 머신,52.5,12,3,87
남성,50대,87.9,중급자,근비대,체스트 프레스 머신,85.0,10,3,89
남성,30대,79.9,초보자,재활/건강,숄더 프레스 머신,20.0,15,2,103
여성,50대,65.8,중급자,근비대,펙덱 플라이 머신,35.0,8,3,75
여성,30대,54.7,상급자,근비대,인클라인 덤벨 프레스,32.5,12,3,90
남성,20대,68.7,상급자,스트렝스,어시스트 풀업 머신,107.5,5,4,123
여성,50대,65.1,중급자,스트렝스,시티드 로우 머신,47.5,3,5,152
여성,10대,61.6,중급자,근비대,어시스트 풀업 머신,37.5,12,3,71
남성,10대,78.9,중급자,스트렝스,사이드 레터럴 레이즈,57.5,4,5,154
여성,30대,56.6,중급자,다이어트,시티드 로우 머신,25.0,18,3,32
남성,40대,76.1,중급자,근비대,인클라인 덤벨 프레스,47.5,11,4,85
남성,40대,82.1,초보자,근비대,시티드 로우 머신,35.0,9,3,84
남성,30대,78.9,상급자,다이어트,벤치프레스,52.5,20,3,31
남성,10대,89.5,중급자,스트렝스,워킹 런지,62.5,4,4,153
남성,30대,76.3,상급자,스트렝스,어시스트 풀업 머신,127.5,4,5,145
남성,20대,82.4,상급자,다이어트,레그 익스텐션 머신,82.5,15,3,39
남성,50대,82.7,중급자,근비대,사이드 레터럴 레이즈,50.0,8,4,73
여성,40대,61.7,중급자,재활/건강,레그 컬 머신,15.0,20,2,92
여성,30대,61.8,상급자,재활/건강,루마니안 데드리프트,17.5,15,2,110
여성,10대,45.0,상급자,근비대,바벨 로우,27.5,9,3,73
남성,60대 이상,72.0,상급자,재활/건강,어시스트 풀업 머신,47.5,17,3,103
여성,40대,55.8,중급자,근비대,오버헤드 프레스,22.5,9,4,66
여성,60대 이상,57.3,중급자,다이어트,바벨 로우,15.0,17,3,31
여성,60대 이상,54.6,초보자,다이어트,워킹 런지,7.5,18,3,47
남성,60대 이상,71.8,초보자,다이어트,레그 익스텐션 머신,22.5,19,3,49
남성,50대,68.4,상급자,스트렝스,페이스 풀,75.0,4,5,151
남성,20대,85.6,중급자,재활/건강,레그 컬 머신,37.5,17,2,117
남성,50대,84.2,중급자,다이어트,사이드 레터럴 레이즈,37.5,20,3,51
남성,20대,76.7,상급자,근비대,사이드 레터럴 레이즈,65.0,9,4,70
남성,30대,81.9,초보자,재활/건강,바벨 로우,12.5,16,2,110
남성,10대,71.9,초보자,근비대,바벨 스쿼트,20.0,10,4,68
여성,50대,63.6,중급자,스트렝스,시티드 로우 머신,42.5,4,5,140
남성,50대,89.7,중급자,재활/건강,인클라인 덤벨 프레스,27.5,17,2,93
남성,50대,74.6,상급자,근비대,페이스 풀,65.0,10,4,65
여성,60대 이상,55.5,상급자,스트렝스,레그 익스텐션 머신,60.0,3,4,146
남성,20대,74.8,상급자,다이어트,워킹 런지,50.0,17,3,39
여성,50대,42.8,중급자,재활/건강,시티드 로우 머신,10.0,18,2,92
남성,30대,61.1,초보자,스트렝스,레그 프레스 머신,32.5,4,5,172
여성,60대 이상,67.2,초보자,재활/건강,벤치프레스,5.0,18,3,96
남성,50대,73.9,초보자,재활/건강,레그 컬 머신,17.5,17,3,118
여성,10대,46.5,초보자,재활/건강,인클라인 덤벨 프레스,5.0,20,2,117
여성,30대,56.0,상급자,다이어트,펙덱 플라이 머신,35.0,16,3,41
남성,50대,73.3,상급자,스트렝스,바벨 스쿼트,82.5,4,4,159
남성,40대,80.3,초보자,스트렝스,사이드 레터럴 레이즈,30.0,4,5,149
여성,10대,46.6,초보자,다이어트,바벨 로우,7.5,16,3,57
남성,40대,79.1,상급자,근비대,체스트 프레스 머신,102.5,11,3,80
여성,10대,63.2,초보자,근비대,사이드 레터럴 레이즈,12.5,10,3,81
여성,50대,57.7,중급자,다이어트,시티드 로우 머신,25.0,16,3,51
여성,20대,75.6,중급자,다이어트,시티드 로우 머신,27.5,20,3,47
여성,50대,61.7,초보자,재활/건강,숄더 프레스 머신,7.5,18,3,106
남성,30대,69.6,초보자,다이어트,체스트 프레스 머신,20.0,16,3,35
남성,10대,82.1,상급자,근비대,바벨 스쿼트,72.5,12,3,81
여성,60대 이상,65.6,초보자,스트렝스,바벨 스쿼트,15.0,4,4,140
남성,50대,76.0,초보자,재활/건강,펙덱 플라이 머신,15.0,15,2,107
여성,50대,55.2,상급자,스트렝스,페이스 풀,40.0,3,5,133
남성,60대 이상,90.3,상급자,다이어트,바벨 스쿼트,60.0,19,3,54
남성,40대,72.9,초보자,다이어트,워킹 런지,15.0,17,3,42
남성,30대,83.1,상급자,재활/건강,랫 풀다운 머신,50.0,20,3,95
여성,30대,49.8,중급자,재활/건강,어시스트 풀업 머신,12.5,18,2,119
여성,60대 이상,70.6,초보자,다이어트,루마니안 데드리프트,10.0,19,3,42
여성,30대,70.7,초보자,다이어트,워킹 런지,10.0,15,3,34
여성,10대,59.5,상급자,스트렝스,워킹 런지,40.0,5,4,150
남성,40대,63.8,중급자,다이어트,시티드 로우 머신,42.5,17,3,60
여성,20대,38.6,초보자,재활/건강,시티드 로우 머신,5.0,17,2,102
여성,20대,48.3,초보자,재활/건강,어시스트 풀업 머신,7.5,16,3,96
남성,30대,73.4,중급자,근비대,랫 풀다운 머신,70.0,9,3,78
남성,30대,78.1,상급자,재활/건강,숄더 프레스 머신,47.5,20,3,100
남성,60대 이상,72.3,중급자,다이어트,루마니안 데드리프트,30.0,18,3,50
여성,20대,45.6,중급자,다이어트,워킹 런지,12.5,20,3,44
여성,50대,48.3,상급자,재활/건강,레그 익스텐션 머신,17.5,19,3,92
여성,50대,72.3,초보자,근비대,페이스 풀,12.5,10,4,75
남성,10대,65.1,초보자,재활/건강,워킹 런지,7.5,19,2,107
남성,30대,64.9,상급자,근비대,어시스트 풀업 머신,85.0,12,4,82
남성,50대,73.5,초보자,재활/건강,펙덱 플라이 머신,17.5,19,3,98
남성,40대,71.5,초보자,근비대,루마니안 데드리프트,20.0,11,3,69
남성,40대,65.2,중급자,다이어트,바벨 스쿼트,27.5,15,3,58
남성,20대,79.8,중급자,다이어트,루마니안 데드리프트,35.0,17,3,36
남성,10대,73.0,중급자,재활/건강,레그 익스텐션 머신,27.5,19,3,113
여성,10대,49.0,중급자,다이어트,페이스 풀,12.5,18,3,49
남성,50대,68.0,중급자,근비대,어시스트 풀업 머신,62.5,12,4,60
남성,30대,93.5,중급자,스트렝스,바벨 스쿼트,67.5,3,4,145
여성,40대,57.4,중급자,스트렝스,레그 익스텐션 머신,40.0,3,5,179
여성,40대,65.6,중급자,근비대,사이드 레터럴 레이즈,25.0,8,4,82
남성,30대,79.7,상급자,근비대,바벨 스쿼트,77.5,12,3,78
여성,20대,48.0,중급자,근비대,레그 컬 머신,27.5,8,4,84
남성,40대,87.2,초보자,재활/건강,바벨 스쿼트,12.5,19,2,115
남성,10대,79.6,중급자,다이어트,페이스 풀,32.5,15,3,31
여성,60대 이상,41.9,초보자,다이어트,인클라인 덤벨 프레스,5.0,16,3,60
여성,50대,48.6,초보자,근비대,루마니안 데드리프트,10.0,10,3,71
남성,50대,67.6,상급자,재활/건강,레그 컬 머신,45.0,19,2,93
남성,20대,71.2,중급자,근비대,벤치프레스,42.5,11,3,67
여성,20대,53.0,초보자,근비대,어시스트 풀업 머신,15.0,11,4,68
남성,30대,82.0,상급자,스트렝스,체스트 프레스 머신,132.5,4,5,132
여성,20대,56.2,중급자,근비대,레그 프레스 머신,32.5,12,4,63
남성,40대,82.5,초보자,스트렝스,숄더 프레스 머신,45.0,5,4,159
남성,50대,73.5,중급자,근비대,바벨 로우,42.5,12,3,67
남성,30대,84.2,중급자,근비대,숄더 프레스 머신,75.0,10,3,77
남성,30대,86.3,초보자,근비대,시티드 로우 머신,37.5,11,3,61
여성,20대,66.9,중급자,스트렝스,레그 익스텐션 머신,42.5,5,4,149
여성,20대,59.8,초보자,재활/건강,벤치프레스,5.0,16,2,111
여성,30대,54.8,중급자,다이어트,펙덱 플라이 머신,22.5,20,3,39
남성,50대,84.0,초보자,재활/건강,레그 컬 머신,17.5,15,2,110
여성,20대,46.8,상급자,다이어트,인클라인 덤벨 프레스,20.0,19,3,51
남성,20대,75.7,상급자,다이어트,사이드 레터럴 레이즈,50.0,20,3,30
남성,40대,72.1,중급자,재활/건강,레그 익스텐션 머신,32.5,15,3,112
남성,60대 이상,88.1,중급자,재활/건강,시티드 로우 머신,42.5,20,3,95
남성,60대 이상,73.1,상급자,재활/건강,벤치프레스,32.5,18,3,101
남성,20대,85.3,초보자,재활/건강,루마니안 데드리프트,12.5,16,3,92
여성,50대,49.0,초보자,다이어트,레그 프레스 머신,10.0,20,3,42
남성,40대,75.4,상급자,스트렝스,페이스 풀,82.5,4,4,177
남성,20대,69.3,초보자,스트렝스,인클라인 덤벨 프레스,25.0,5,5,140
여성,40대,48.3,상급자,다이어트,레그 컬 머신,30.0,18,3,38
여성,50대,54.3,상급자,다이어트,바벨 로우,25.0,17,3,43
남성,10대,84.6,초보자,다이어트,레그 컬 머신,25.0,15,3,51
여성,50대,57.4,중급자,근비대,레그 컬 머신,32.5,10,4,71
남성,60대 이상,70.4,상급자,근비대,워킹 런지,62.5,10,3,81
여성,50대,54.4,상급자,근비대,벤치프레스,35.0,12,3,69
여성,60대 이상,54.5,중급자,근비대,레그 컬 머신,32.5,10,4,74
여성,10대,65.9,초보자,재활/건강,시티드 로우 머신,10.0,16,3,105
남성,60대 이상,60.8,상급자,스트렝스,어시스트 풀업 머신,95.0,5,4,172
남성,30대,65.5,상급자,근비대,오버헤드 프레스,62.5,11,4,70
남성,10대,78.1,중급자,근비대,체스트 프레스 머신,72.5,9,4,63
여성,50대,48.9,중급자,근비대,레그 컬 머신,30.0,12,3,75
남성,20대,84.1,초보자,근비대,랫 풀다운 머신,37.5,9,4,73
남성,40대,61.8,상급자,재활/건강,워킹 런지,30.0,19,3,95
여성,20대,62.8,초보자,다이어트,레그 프레스 머신,12.5,19,3,56
남성,30대,73.8,초보자,스트렝스,벤치프레스,27.5,5,4,170
여성,60대 이상,70.5,중급자,재활/건강,워킹 런지,12.5,15,2,99
남성,40대,79.5,초보자,재활/건강,페이스 풀,12.5,16,2,98
남성,40대,74.0,중급자,재활/건강,펙덱 플라이 머신,30.0,15,3,93
여성,10대,68.7,중급자,다이어트,어시스트 풀업 머신,27.5,17,3,32
남성,40대,89.4,상급자,근비대,어시스트 풀업 머신,112.5,9,4,61
여성,40대,53.8,초보자,재활/건강,랫 풀다운 머신,7.5,18,3,120
남성,10대,64.6,상급자,근비대,바벨 스쿼트,62.5,11,4,60
남성,60대 이상,80.3,초보자,근비대,사이드 레터럴 레이즈,22.5,8,3,88
남성,50대,84.0,중급자,다이어트,바벨 로우,37.5,18,3,48
남성,10대,71.4,상급자,스트렝스,숄더 프레스 머신,115.0,3,5,178
여성,60대 이상,68.7,상급자,스트렝스,레그 프레스 머신,77.5,4,4,162
여성,30대,48.3,상급자,다이어트,벤치프레스,20.0,17,3,49
남성,40대,74.4,중급자,근비대,벤치프레스,45.0,12,4,78
남성,60대 이상,85.6,초보자,근비대,체스트 프레스 머신,40.0,11,4,89
남성,10대,75.5,초보자,재활/건강,바벨 로우,10.0,16,3,119
남성,30대,81.8,초보자,재활/건강,페이스 풀,12.5,17,2,91
여성,10대,54.6,초보자,재활/건강,벤치프레스,5.0,16,3,118
여성,50대,64.0,상급자,스트렝스,레그 컬 머신,67.5,5,4,161
여성,30대,56.4,중급자,근비대,펙덱 플라이 머신,30.0,12,4,87
여성,60대 이상,59.0,초보자,근비대,숄더 프레스 머신,17.5,9,4,61
남성,60대 이상,80.2,상급자,근비대,워킹 런지,75.0,12,4,68
남성,30대,76.6,초보자,스트렝스,어시스트 풀업 머신,42.5,4,5,147
여성,40대,56.9,초보자,재활/건강,바벨 스쿼트,5.0,20,3,108
여성,40대,63.4,중급자,재활/건강,오버헤드 프레스,10.0,18,2,102
남성,10대,95.6,초보자,스트렝스,어시스트 풀업 머신,52.5,5,5,124
여성,20대,62.2,초보자,근비대,랫 풀다운 머신,17.5,8,4,63
남성,30대,79.4,상급자,근비대,시티드 로우 머신,107.5,8,3,82
남성,10대,66.7,상급자,스트렝스,레그 프레스 머신,115.0,4,4,157
여성,60대 이상,66.0,중급자,재활/건강,랫 풀다운 머신,15.0,16,2,107
여성,50대,56.0,상급자,다이어트,체스트 프레스 머신,40.0,16,3,31
여성,10대,42.1,중급자,스트렝스,레그 익스텐션 머신,27.5,4,5,124
여성,20대,56.2,상급자,재활/건강,루마니안 데드리프트,15.0,16,3,102
여성,60대 이상,54.8,중급자,근비대,인클라인 덤벨 프레스,20.0,12,4,82
남성,20대,77.6,상급자,다이어트,펙덱 플라이 머신,80.0,20,3,34
여성,10대,66.8,상급자,스트렝스,사이드 레터럴 레이즈,47.5,3,5,168
남성,40대,68.6,상급자,근비대,바벨 로우,65.0,9,4,68
남성,20대,76.7,초보자,재활/건강,시티드 로우 머신,17.5,16,3,116
남성,10대,61.8,초보자,재활/건강,시티드 로우 머신,15.0,19,2,98
여성,60대 이상,54.9,초보자,스트렝스,바벨 스쿼트,12.5,4,4,124
남성,20대,65.5,중급자,근비대,인클라인 덤벨 프레스,40.0,8,3,68
여성,40대,70.2,상급자,스트렝스,레그 익스텐션 머신,77.5,5,4,132
남성,50대,68.1,초보자,스트렝스,숄더 프레스 머신,37.5,3,4,140
여성,40대,42.5,중급자,다이어트,레그 컬 머신,15.0,16,3,41
여성,60대 이상,54.2,초보자,근비대,바벨 스쿼트,10.0,10,3,90
남성,60대 이상,94.3,상급자,근비대,숄더 프레스 머신,122.5,9,3,82
남성,10대,80.0,중급자,다이어트,시티드 로우 머신,52.5,18,3,35
여성,20대,45.9,초보자,스트렝스,사이드 레터럴 레이즈,10.0,3,5,124
여성,20대,66.1,초보자,재활/건강,워킹 런지,5.0,15,2,119
여성,30대,47.3,중급자,재활/건강,레그 익스텐션 머신,12.5,20,3,102
남성,10대,61.0,초보자,다이어트,랫 풀다운 머신,20.0,19,3,37
여성,40대,66.8,초보자,스트렝스,시티드 로우 머신,22.5,3,4,139
남성,20대,62.9,초보자,스트렝스,바벨 로우,22.5,3,5,141
여성,30대,45.6,중급자,근비대,바벨 로우,15.0,12,3,84
여성,40대,61.6,초보자,근비대,레그 컬 머신,17.5,8,4,65
남성,10대,69.4,상급자,재활/건강,숄더 프레스 머신,45.0,19,3,118
여성,50대,54.5,중급자,스트렝스,페이스 풀,25.0,5,4,158
남성,30대,70.1,초보자,근비대,펙덱 플라이 머신,30.0,11,3,65
남성,10대,69.9,상급자,재활/건강,펙덱 플라이 머신,40.0,15,3,111
여성,20대,52.8,초보자,다이어트,펙덱 플라이 머신,12.5,17,3,42
여성,60대 이상,61.7,중급자,근비대,바벨 스쿼트,25.0,9,3,64
여성,40대,42.9,중급자,스트렝스,펙덱 플라이 머신,30.0,3,5,158
여성,60대 이상,45.2,초보자,스트렝스,인클라인 덤벨 프레스,10.0,5,4,131
여성,20대,55.0,초보자,다이어트,레그 익스텐션 머신,12.5,20,3,38
남성,60대 이상,57.6,중급자,다이어트,레그 컬 머신,40.0,15,3,37
여성,20대,49.7,상급자,재활/건강,어시스트 풀업 머신,22.5,16,2,114
남성,50대,72.0,중급자,재활/건강,레그 익스텐션 머신,30.0,18,3,113
남성,50대,72.6,상급자,근비대,사이드 레터럴 레이즈,62.5,9,4,86
남성,60대 이상,79.7,상급자,다이어트,레그 프레스 머신,85.0,16,3,42
남성,20대,76.0,초보자,스트렝스,루마니안 데드리프트,27.5,5,4,156
남성,40대,60.1,중급자,다이어트,랫 풀다운 머신,40.0,16,3,41
여성,20대,48.1,초보자,다이어트,인클라인 덤벨 프레스,7.5,15,3,50
남성,40대,72.7,상급자,다이어트,레그 컬 머신,77.5,15,3,52
여성,20대,67.0,중급자,재활/건강,랫 풀다운 머신,17.5,17,2,105
여성,50대,56.9,중급자,스트렝스,랫 풀다운 머신,37.5,4,4,178
여성,50대,48.5,중급자,스트렝스,사이드 레터럴 레이즈,20.0,3,5,164
여성,50대,55.1,초보자,재활/건강,시티드 로우 머신,7.5,19,3,99
남성,50대,90.3,초보자,다이어트,인클라인 덤벨 프레스,20.0,19,3,44
남성,50대,62.7,중급자,재활/건강,오버헤드 프레스,17.5,18,3,94
남성,40대,68.4,초보자,근비대,체스트 프레스 머신,30.0,10,4,75
남성,60대 이상,88.0,중급자,재활/건강,레그 익스텐션 머신,32.5,17,3,116
여성,60대 이상,62.9,초보자,재활/건강,숄더 프레스 머신,10.0,18,3,109
여성,20대,53.8,초보자,스트렝스,바벨 스쿼트,12.5,5,5,164
여성,20대,53.0,초보자,스트렝스,벤치프레스,12.5,4,4,126
여성,50대,44.5,초보자,재활/건강,랫 풀다운 머신,5.0,19,2,113
남성,60대 이상,83.2,상급자,다이어트,사이드 레터럴 레이즈,55.0,17,3,32
여성,20대,49.3,초보자,근비대,바벨 로우,7.5,8,4,87
남성,20대,64.8,중급자,재활/건강,어시스트 풀업 머신,30.0,20,2,112
여성,30대,72.1,초보자,스트렝스,레그 프레스 머신,25.0,5,4,161
남성,60대 이상,64.8,상급자,스트렝스,워킹 런지,72.5,4,5,142
남성,10대,64.7,중급자,스트렝스,워킹 런지,50.0,3,5,152
남성,30대,76.2,중급자,스트렝스,시티드 로우 머신,77.5,5,5,121
남성,50대,78.8,초보자,스트렝스,레그 컬 머신,42.5,4,5,142
남성,60대 이상,67.4,중급자,다이어트,페이스 풀,30.0,15,3,55
남성,30대,81.2,상급자,스트렝스,루마니안 데드리프트,87.5,3,5,148
여성,10대,58.6,초보자,다이어트,레그 컬 머신,12.5,20,3,37
여성,10대,51.7,중급자,스트렝스,오버헤드 프레스,22.5,3,5,130
여성,60대 이상,52.4,초보자,다이어트,펙덱 플라이 머신,12.5,19,3,56
여성,60대 이상,72.5,중급자,재활/건강,체스트 프레스 머신,17.5,16,2,117
여성,10대,52.2,상급자,다이어트,랫 풀다운 머신,32.5,16,3,39
여성,10대,51.7,중급자,다이어트,벤치프레스,15.0,20,3,40
여성,30대,49.0,상급자,재활/건강,시티드 로우 머신,20.0,15,2,108
여성,20대,73.7,상급자,스트렝스,체스트 프레스 머신,77.5,4,5,172
남성,60대 이상,76.7,초보자,다이어트,벤치프레스,17.5,20,3,53
남성,50대,95.2,중급자,스트렝스,벤치프레스,70.0,3,5,120
여성,40대,52.8,중급자,근비대,레그 프레스 머신,27.5,8,3,80
남성,60대 이상,75.2,중급자,스트렝스,사이드 레터럴 레이즈,52.5,3,5,158
여성,20대,44.0,중급자,재활/건강,랫 풀다운 머신,12.5,17,2,96
남성,20대,72.6,초보자,재활/건강,숄더 프레스 머신,12.5,18,2,108
여성,10대,53.4,중급자,다이어트,바벨 로우,15.0,15,3,42
남성,40대,70.8,초보자,재활/건강,페이스 풀,10.0,20,2,100
남성,30대,83.7,상급자,스트렝스,랫 풀다운 머신,142.5,3,4,170
여성,60대 이상,43.4,초보자,스트렝스,벤치프레스,10.0,5,4,123
여성,50대,44.9,상급자,다이어트,인클라인 덤벨 프레스,20.0,15,3,39
여성,20대,51.1,초보자,재활/건강,레그 익스텐션 머신,7.5,15,2,110
여성,10대,61.3,초보자,다이어트,벤치프레스,7.5,15,3,40
남성,20대,48.8,초보자,근비대,인클라인 덤벨 프레스,15.0,11,3,86
여성,50대,57.6,중급자,다이어트,벤치프레스,15.0,20,3,39
여성,20대,55.4,초보자,근비대,루마니안 데드리프트,10.0,11,3,68
남성,50대,55.8,중급자,다이어트,숄더 프레스 머신,35.0,20,3,32
여성,40대,55.2,상급자,재활/건강,어시스트 풀업 머신,25.0,18,3,102
여성,30대,51.7,초보자,스트렝스,사이드 레터럴 레이즈,12.5,4,4,144
남성,50대,91.1,상급자,재활/건강,어시스트 풀업 머신,65.0,19,3,105
여성,50대,61.3,초보자,근비대,레그 컬 머신,17.5,9,4,70
여성,30대,65.6,초보자,재활/건강,체스트 프레스 머신,7.5,17,3,105
여성,40대,41.0,중급자,재활/건강,인클라인 덤벨 프레스,7.5,16,2,118
남성,30대,81.8,초보자,근비대,랫 풀다운 머신,37.5,12,3,89
여성,50대,55.2,초보자,다이어트,페이스 풀,7.5,20,3,45
여성,30대,63.6,초보자,근비대,워킹 런지,12.5,8,3,66
남성,50대,79.5,초보자,스트렝스,레그 익스텐션 머신,40.0,4,4,162
여성,20대,60.7,중급자,다이어트,랫 풀다운 머신,25.0,16,3,55
남성,40대,62.8,상급자,근비대,페이스 풀,52.5,12,3,87
남성,20대,62.7,초보자,재활/건강,워킹 런지,10.0,18,2,110
여성,30대,56.0,중급자,재활/건강,체스트 프레스 머신,15.0,19,2,105
여성,10대,43.3,중급자,스트렝스,루마니안 데드리프트,20.0,5,4,122
남성,10대,65.6,중급자,스트렝스,인클라인 덤벨 프레스,45.0,4,4,121
남성,10대,71.9,중급자,근비대,레그 익스텐션 머신,62.5,11,4,90
남성,10대,88.7,초보자,스트렝스,인클라인 덤벨 프레스,30.0,5,4,180
여성,50대,51.5,중급자,다이어트,펙덱 플라이 머신,20.0,15,3,42
남성,30대,82.6,중급자,근비대,벤치프레스,47.5,10,4,71
남성,10대,57.2,상급자,근비대,인클라인 덤벨 프레스,52.5,11,3,60
여성,40대,66.6,중급자,다이어트,루마니안 데드리프트,20.0,19,3,30
여성,60대 이상,55.9,초보자,재활/건강,페이스 풀,5.0,15,2,108
남성,50대,74.8,상급자,다이어트,루마니안 데드리프트,50.0,17,3,42
여성,20대,62.2,중급자,재활/건강,워킹 런지,12.5,20,2,111
여성,10대,42.2,초보자,다이어트,레그 컬 머신,10.0,20,3,42
여성,60대 이상,52.0,중급자,스트렝스,사이드 레터럴 레이즈,22.5,4,4,149
남성,50대,72.4,중급자,재활/건강,랫 풀다운 머신,27.5,18,3,92
여성,10대,66.8,상급자,근비대,숄더 프레스 머신,57.5,12,4,86
여성,30대,61.5,초보자,재활/건강,벤치프레스,5.0,20,2,109
남성,10대,55.8,상급자,스트렝스,바벨 스쿼트,60.0,3,4,135
남성,20대,78.0,초보자,재활/건강,워킹 런지,10.0,17,2,90
남성,50대,74.1,중급자,재활/건강,인클라인 덤벨 프레스,20.0,20,2,96
남성,50대,76.8,초보자,다이어트,레그 프레스 머신,25.0,19,3,47
여성,60대 이상,55.3,상급자,근비대,펙덱 플라이 머신,50.0,11,4,76
남성,60대 이상,71.8,상급자,근비대,체스트 프레스 머신,95.0,8,4,64
여성,40대,56.6,중급자,근비대,인클라인 덤벨 프레스,22.5,10,3,69
남성,60대 이상,73.3,상급자,재활/건강,레그 컬 머신,50.0,20,2,92
남성,10대,75.4,상급자,다이어트,시티드 로우 머신,67.5,15,3,42
여성,40대,45.2,초보자,재활/건강,사이드 레터럴 레이즈,5.0,17,2,100
여성,40대,48.1,상급자,다이어트,워킹 런지,20.0,16,3,53
남성,60대 이상,68.7,상급자,재활/건강,펙덱 플라이 머신,45.0,18,2,90
여성,60대 이상,42.3,중급자,재활/건강,어시스트 풀업 머신,10.0,16,3,118
여성,30대,58.9,상급자,근비대,펙덱 플라이 머신,55.0,9,4,73
남성,60대 이상,76.4,중급자,근비대,바벨 스쿼트,47.5,9,3,78
남성,30대,77.7,초보자,스트렝스,레그 컬 머신,42.5,4,5,170
남성,10대,72.1,상급자,재활/건강,레그 익스텐션 머신,42.5,20,3,105
남성,40대,90.7,중급자,근비대,레그 프레스 머신,82.5,11,4,75
남성,60대 이상,64.3,초보자,근비대,바벨 스쿼트,20.0,9,3,75
여성,40대,59.7,초보자,다이어트,사이드 레터럴 레이즈,7.5,19,3,56
남성,10대,80.0,상급자,재활/건강,인클라인 덤벨 프레스,37.5,15,2,102
여성,10대,58.3,중급자,재활/건강,워킹 런지,10.0,19,3,90
남성,40대,62.0,초보자,근비대,레그 프레스 머신,27.5,12,4,77
남성,20대,82.0,초보자,다이어트,레그 익스텐션 머신,25.0,17,3,54
여성,20대,53.6,중급자,재활/건강,시티드 로우 머신,15.0,20,2,115
남성,10대,72.8,상급자,스트렝스,사이드 레터럴 레이즈,82.5,3,4,162
여성,50대,46.1,상급자,근비대,페이스 풀,27.5,11,4,63
남성,20대,80.4,중급자,다이어트,랫 풀다운 머신,50.0,16,3,39
남성,10대,72.1,중급자,스트렝스,레그 익스텐션 머신,72.5,4,4,124
남성,10대,75.0,상급자,재활/건강,체스트 프레스 머신,42.5,15,2,98
남성,40대,68.7,상급자,근비대,레그 프레스 머신,92.5,10,3,83
남성,10대,71.0,중급자,재활/건강,루마니안 데드리프트,20.0,18,3,102
남성,20대,56.4,초보자,재활/건강,어시스트 풀업 머신,12.5,19,2,95
남성,10대,91.9,상급자,재활/건강,바벨 스쿼트,42.5,15,3,98
남성,10대,70.2,상급자,재활/건강,사이드 레터럴 레이즈,32.5,15,3,101
남성,60대 이상,67.4,초보자,재활/건강,레그 프레스 머신,15.0,16,2,116
여성,60대 이상,47.2,초보자,근비대,어시스트 풀업 머신,12.5,9,3,88
여성,50대,60.1,중급자,스트렝스,어시스트 풀업 머신,42.5,4,5,173
여성,50대,58.1,중급자,재활/건강,오버헤드 프레스,10.0,20,3,90
여성,40대,60.3,중급자,근비대,페이스 풀,22.5,10,4,75
여성,60대 이상,55.3,상급자,스트렝스,루마니안 데드리프트,42.5,5,5,124
여성,40대,55.8,중급자,재활/건강,바벨 스쿼트,10.0,19,3,92
여성,10대,61.5,상급자,근비대,레그 컬 머신,57.5,12,4,75
남성,50대,59.2,중급자,근비대,레그 프레스 머신,52.5,8,4,84
여성,30대,64.6,상급자,재활/건강,어시스트 풀업 머신,27.5,16,2,96
남성,20대,74.7,초보자,스트렝스,바벨 로우,25.0,3,5,121
여성,60대 이상,55.1,상급자,재활/건강,레그 컬 머신,25.0,16,3,113
남성,50대,60.2,초보자,근비대,숄더 프레스 머신,27.5,12,4,63
여성,10대,66.4,중급자,재활/건강,인클라인 덤벨 프레스,10.0,18,3,105
여성,10대,70.5,상급자,다이어트,인클라인 덤벨 프레스,30.0,18,3,46
남성,10대,62.8,상급자,근비대,오버헤드 프레스,55.0,10,4,87
남성,50대,76.8,중급자,스트렝스,오버헤드 프레스,52.5,4,4,140
여성,60대 이상,50.9,중급자,다이어트,시티드 로우 머신,22.5,19,3,46
여성,10대,52.2,초보자,근비대,어시스트 풀업 머신,15.0,12,3,67
여성,60대 이상,51.3,중급자,다이어트,사이드 레터럴 레이즈,12.5,15,3,46
남성,20대,77.0,초보자,스트렝스,오버헤드 프레스,27.5,5,5,175
여성,30대,44.4,초보자,재활/건강,숄더 프레스 머신,7.5,20,2,101
남성,60대 이상,69.3,중급자,다이어트,인클라인 덤벨 프레스,32.5,15,3,34
여성,40대,54.7,상급자,근비대,레그 프레스 머신,52.5,11,3,87
여성,60대 이상,50.0,초보자,근비대,워킹 런지,10.0,10,4,75
여성,20대,50.6,초보자,재활/건강,바벨 스쿼트,5.0,20,3,119
여성,60대 이상,55.5,초보자,스트렝스,레그 익스텐션 머신,20.0,5,4,164
여성,10대,60.2,상급자,다이어트,체스트 프레스 머신,37.5,20,3,58
여성,50대,71.9,중급자,근비대,레그 컬 머신,40.0,12,3,71
남성,60대 이상,64.8,상급자,다이어트,오버헤드 프레스,42.5,15,3,47
여성,60대 이상,53.8,상급자,근비대,펙덱 플라이 머신,45.0,12,4,83
여성,30대,39.4,중급자,스트렝스,페이스 풀,17.5,5,4,144
남성,60대 이상,60.2,초보자,근비대,숄더 프레스 머신,27.5,11,3,72
여성,60대 이상,50.6,중급자,다이어트,루마니안 데드리프트,12.5,15,3,45
남성,10대,70.6,상급자,다이어트,체스트 프레스 머신,72.5,18,3,39
여성,60대 이상,62.8,상급자,재활/건강,레그 익스텐션 머신,25.0,20,3,104
여성,40대,64.2,초보자,스트렝스,레그 컬 머신,22.5,3,4,178
남성,40대,66.6,중급자,스트렝스,인클라인 덤벨 프레스,47.5,4,5,124
남성,50대,80.5,상급자,스트렝스,바벨 스쿼트,85.0,3,4,136
여성,10대,53.4,초보자,스트렝스,벤치프레스,12.5,3,4,142
여성,20대,42.6,초보자,다이어트,레그 컬 머신,10.0,18,3,48
남성,40대,83.3,중급자,재활/건강,펙덱 플라이 머신,37.5,18,3,100
남성,20대,66.6,중급자,스트렝스,체스트 프레스 머신,67.5,4,5,142
여성,40대,50.0,중급자,스트렝스,숄더 프레스 머신,35.0,4,4,179
남성,40대,81.3,중급자,스트렝스,레그 컬 머신,85.0,4,4,120
남성,10대,77.8,초보자,근비대,펙덱 플라이 머신,35.0,10,3,65
여성,30대,52.9,초보자,재활/건강,레그 익스텐션 머신,7.5,16,2,90
여성,50대,57.3,상급자,스트렝스,숄더 프레스 머신,57.5,5,5,121
여성,30대,59.3,초보자,스트렝스,어시스트 풀업 머신,20.0,3,4,136
여성,10대,57.9,초보자,재활/건강,체스트 프레스 머신,7.5,17,2,111
여성,30대,53.2,초보자,스트렝스,레그 프레스 머신,20.0,4,4,178
여성,60대 이상,53.5,초보자,근비대,레그 프레스 머신,15.0,9,3,86
남성,40대,84.9,상급자,재활/건강,레그 익스텐션 머신,60.0,19,3,95
남성,50대,80.2,초보자,다이어트,바벨 로우,17.5,15,3,59
여성,40대,47.7,초보자,스트렝스,숄더 프레스 머신,17.5,3,5,175
여성,40대,66.9,초보자,근비대,사이드 레터럴 레이즈,12.5,12,4,65
여성,60대 이상,60.4,중급자,스트렝스,바벨 로우,27.5,5,4,138
남성,30대,68.6,중급자,근비대,어시스트 풀업 머신,60.0,9,3,66
여성,60대 이상,52.3,상급자,재활/건강,루마니안 데드리프트,17.5,18,3,120
여성,10대,69.2,상급자,스트렝스,숄더 프레스 머신,77.5,4,5,166
여성,20대,35.6,중급자,재활/건강,인클라인 덤벨 프레스,7.5,15,2,103
여성,30대,60.7,중급자,다이어트,랫 풀다운 머신,25.0,16,3,32
여성,10대,52.4,초보자,재활/건강,바벨 스쿼트,5.0,15,3,117
남성,60대 이상,87.4,초보자,다이어트,랫 풀다운 머신,27.5,20,3,36
남성,10대,73.1,중급자,다이어트,레그 익스텐션 머신,47.5,15,3,48
남성,40대,92.8,상급자,스트렝스,루마니안 데드리프트,97.5,5,4,121
남성,20대,77.7,중급자,근비대,레그 컬 머신,72.5,11,4,77
남성,30대,65.2,상급자,다이어트,레그 프레스 머신,67.5,17,3,35
남성,10대,69.6,상급자,재활/건강,레그 컬 머신,45.0,20,2,118
여성,40대,71.4,초보자,근비대,레그 컬 머신,20.0,9,4,77
여성,10대,56.2,초보자,다이어트,페이스 풀,7.5,19,3,57
남성,30대,68.4,상급자,스트렝스,워킹 런지,72.5,5,4,157
남성,40대,47.0,중급자,다이어트,레그 프레스 머신,30.0,15,3,37
여성,40대,49.6,중급자,근비대,레그 익스텐션 머신,27.5,9,3,78
여성,40대,67.8,상급자,재활/건강,체스트 프레스 머신,30.0,17,3,91
여성,10대,51.9,초보자,근비대,펙덱 플라이 머신,15.0,8,3,84
여성,30대,60.9,초보자,다이어트,어시스트 풀업 머신,12.5,18,3,58
여성,40대,59.2,중급자,스트렝스,레그 익스텐션 머신,37.5,4,4,149
남성,60대 이상,78.0,상급자,다이어트,펙덱 플라이 머신,77.5,19,3,33
여성,10대,57.2,중급자,다이어트,체스트 프레스 머신,22.5,19,3,31
여성,30대,53.3,초보자,다이어트,바벨 로우,7.5,17,3,59
남성,30대,62.0,상급자,스트렝스,펙덱 플라이 머신,95.0,3,5,159
여성,40대,68.7,초보자,다이어트,루마니안 데드리프트,10.0,16,3,31
남성,10대,54.4,중급자,근비대,펙덱 플라이 머신,47.5,8,3,82
남성,30대,64.8,중급자,재활/건강,펙덱 플라이 머신,27.5,15,3,95
여성,10대,62.4,중급자,스트렝스,펙덱 플라이 머신,45.0,3,5,125
여성,60대 이상,59.7,상급자,재활/건강,페이스 풀,20.0,17,3,113
여성,10대,54.3,상급자,스트렝스,랫 풀다운 머신,60.0,4,4,127
남성,10대,65.8,상급자,다이어트,워킹 런지,40.0,15,3,44
남성,30대,81.3,중급자,근비대,펙덱 플라이 머신,70.0,12,3,89
여성,50대,55.6,상급자,재활/건강,레그 익스텐션 머신,25.0,18,2,120
남성,60대 이상,77.0,초보자,다이어트,벤치프레스,17.5,16,3,53
남성,20대,67.2,상급자,다이어트,레그 익스텐션 머신,60.0,17,3,48
남성,20대,65.7,중급자,다이어트,워킹 런지,27.5,17,3,51
여성,40대,65.7,중급자,재활/건강,워킹 런지,10.0,18,3,120
남성,10대,77.2,상급자,다이어트,레그 컬 머신,80.0,15,3,49
남성,60대 이상,83.6,상급자,스트렝스,어시스트 풀업 머신,132.5,4,4,137
남성,20대,54.1,상급자,재활/건강,랫 풀다운 머신,37.5,16,2,93
여성,30대,68.8,중급자,재활/건강,오버헤드 프레스,12.5,19,2,113
여성,10대,54.2,초보자,재활/건강,레그 프레스 머신,7.5,19,2,119
남성,20대,71.1,초보자,스트렝스,워킹 런지,25.0,4,4,169
남성,60대 이상,76.5,상급자,다이어트,벤치프레스,50.0,18,3,30
여성,40대,55.8,초보자,재활/건강,사이드 레터럴 레이즈,5.0,15,3,91
남성,10대,64.1,중급자,재활/건강,루마니안 데드리프트,17.5,15,3,103
남성,40대,88.2,중급자,근비대,사이드 레터럴 레이즈,50.0,11,3,83
남성,40대,77.1,상급자,근비대,펙덱 플라이 머신,110.0,9,4,79
남성,30대,86.9,초보자,근비대,인클라인 덤벨 프레스,27.5,9,3,87
여성,40대,64.6,초보자,다이어트,루마니안 데드리프트,7.5,16,3,49
여성,20대,58.9,초보자,다이어트,워킹 런지,7.5,16,3,53
여성,10대,57.7,초보자,재활/건강,시티드 로우 머신,7.5,19,3,114
여성,40대,62.4,상급자,재활/건강,레그 컬 머신,25.0,16,2,102
여성,40대,61.3,중급자,근비대,레그 익스텐션 머신,35.0,8,4,71
여성,40대,67.5,상급자,다이어트,페이스 풀,32.5,19,3,48
여성,40대,57.8,초보자,다이어트,어시스트 풀업 머신,12.5,20,3,50
남성,50대,58.1,초보자,다이어트,레그 프레스 머신,20.0,15,3,36
남성,40대,70.2,상급자,스트렝스,워킹 런지,72.5,5,5,120
남성,50대,67.6,상급자,스트렝스,랫 풀다운 머신,107.5,5,5,137
여성,50대,49.1,초보자,다이어트,워킹 런지,7.5,20,3,31
여성,30대,69.2,상급자,근비대,랫 풀다운 머신,62.5,11,3,85
남성,60대 이상,51.8,상급자,근비대,루마니안 데드리프트,45.0,12,4,77
여성,30대,60.4,상급자,스트렝스,레그 프레스 머신,62.5,4,4,149
남성,20대,82.9,상급자,다이어트,시티드 로우 머신,77.5,19,3,42
여성,10대,47.6,초보자,재활/건강,펙덱 플라이 머신,7.5,16,3,90
여성,20대,57.8,초보자,다이어트,오버헤드 프레스,7.5,18,3,56
남성,50대,87.7,상급자,근비대,레그 컬 머신,112.5,11,3,83
여성,60대 이상,62.1,상급자,다이어트,레그 프레스 머신,40.0,19,3,58
여성,20대,54.5,중급자,다이어트,레그 프레스 머신,22.5,17,3,46
여성,60대 이상,51.6,초보자,다이어트,인클라인 덤벨 프레스,7.5,17,3,49
남성,40대,86.3,중급자,스트렝스,시티드 로우 머신,92.5,4,5,145
여성,10대,56.7,중급자,다이어트,워킹 런지,15.0,20,3,52
남성,30대,81.8,초보자,스트렝스,사이드 레터럴 레이즈,30.0,4,5,138
여성,60대 이상,44.7,상급자,다이어트,인클라인 덤벨 프레스,20.0,17,3,45
여성,10대,55.4,상급자,다이어트,시티드 로우 머신,35.0,16,3,43
남성,40대,75.6,초보자,스트렝스,사이드 레터럴 레이즈,27.5,4,4,159
여성,30대,67.4,상급자,다이어트,레그 익스텐션 머신,47.5,20,3,52
남성,40대,80.2,초보자,근비대,체스트 프레스 머신,37.5,12,3,90
여성,30대,67.0,중급자,재활/건강,어시스트 풀업 머신,17.5,15,3,114
여성,50대,52.3,초보자,다이어트,오버헤드 프레스,7.5,20,3,30
여성,10대,62.8,상급자,스트렝스,바벨 스쿼트,47.5,4,5,154
여성,60대 이상,49.5,초보자,근비대,레그 익스텐션 머신,12.5,12,4,85
남성,10대,64.5,중급자,근비대,체스트 프레스 머신,60.0,10,4,63
남성,60대 이상,83.6,상급자,재활/건강,랫 풀다운 머신,45.0,17,3,101
남성,60대 이상,72.0,중급자,다이어트,바벨 로우,30.0,17,3,35
여성,50대,52.2,상급자,다이어트,인클라인 덤벨 프레스,22.5,16,3,37
남성,50대,64.8,중급자,재활/건강,오버헤드 프레스,20.0,18,2,91
여성,30대,52.8,중급자,다이어트,레그 익스텐션 머신,20.0,20,3,40
여성,30대,51.6,상급자,재활/건강,어시스트 풀업 머신,20.0,20,2,91
남성,30대,57.3,상급자,재활/건강,사이드 레터럴 레이즈,25.0,20,2,116
남성,60대 이상,59.4,중급자,스트렝스,바벨 스쿼트,42.5,4,4,136
남성,60대 이상,75.4,초보자,재활/건강,워킹 런지,10.0,19,2,105
남성,40대,65.5,중급자,스트렝스,숄더 프레스 머신,70.0,4,4,145
남성,10대,88.2,중급자,스트렝스,숄더 프레스 머신,95.0,3,5,160
여성,50대,63.9,초보자,재활/건강,숄더 프레스 머신,7.5,19,3,109
여성,20대,66.1,상급자,다이어트,페이스 풀,30.0,16,3,43
여성,40대,51.4,초보자,재활/건강,인클라인 덤벨 프레스,5.0,16,2,96
남성,20대,83.1,중급자,재활/건강,페이스 풀,22.5,19,3,95
남성,10대,68.5,중급자,재활/건강,숄더 프레스 머신,30.0,15,2,105
남성,40대,91.4,상급자,스트렝스,벤치프레스,97.5,5,5,169
남성,20대,89.0,상급자,다이어트,오버헤드 프레스,62.5,20,3,48
남성,40대,69.6,초보자,근비대,레그 프레스 머신,30.0,12,4,83
남성,50대,72.3,초보자,재활/건강,시티드 로우 머신,15.0,15,2,105
여성,10대,60.8,상급자,스트렝스,페이스 풀,42.5,5,5,169
남성,50대,74.9,상급자,다이어트,인클라인 덤벨 프레스,52.5,17,3,57
여성,30대,42.4,중급자,스트렝스,사이드 레터럴 레이즈,20.0,5,4,175
남성,10대,80.6,초보자,재활/건강,펙덱 플라이 머신,17.5,15,3,101
여성,40대,64.3,초보자,스트렝스,바벨 스쿼트,15.0,5,4,144
여성,40대,55.5,상급자,근비대,페이스 풀,32.5,9,4,80
남성,20대,61.1,중급자,재활/건강,펙덱 플라이 머신,27.5,19,2,99
남성,60대 이상,67.2,중급자,다이어트,레그 프레스 머신,42.5,20,3,40
여성,20대,67.7,초보자,다이어트,인클라인 덤벨 프레스,10.0,17,3,31
남성,20대,85.6,상급자,근비대,어시스트 풀업 머신,117.5,12,4,85
남성,30대,84.8,상급자,스트렝스,레그 컬 머신,137.5,4,5,127
남성,60대 이상,73.2,초보자,다이어트,벤치프레스,17.5,15,3,54
여성,60대 이상,56.2,초보자,재활/건강,레그 컬 머신,7.5,19,3,96
여성,30대,44.1,초보자,다이어트,어시스트 풀업 머신,10.0,18,3,30
여성,20대,59.0,상급자,재활/건강,사이드 레터럴 레이즈,15.0,19,2,92
남성,60대 이상,69.6,초보자,재활/건강,어시스트 풀업 머신,15.0,18,2,109
남성,30대,75.4,초보자,근비대,체스트 프레스 머신,35.0,12,3,77
남성,40대,67.0,중급자,재활/건강,펙덱 플라이 머신,27.5,15,2,109
여성,40대,59.0,초보자,스트렝스,랫 풀다운 머신,20.0,4,4,121
남성,10대,93.3,상급자,근비대,인클라인 덤벨 프레스,90.0,12,3,80
남성,20대,69.3,중급자,재활/건강,랫 풀다운 머신,32.5,15,2,113
여성,30대,56.6,상급자,근비대,오버헤드 프레스,35.0,10,4,61
남성,10대,70.8,중급자,근비대,랫 풀다운 머신,60.0,9,3,70
남성,50대,74.1,초보자,재활/건강,숄더 프레스 머신,15.0,18,2,103
여성,30대,68.7,중급자,재활/건강,어시스트 풀업 머신,15.0,19,2,111
여성,10대,51.3,중급자,재활/건강,인클라인 덤벨 프레스,10.0,20,3,110
남성,60대 이상,83.7,초보자,재활/건강,레그 프레스 머신,20.0,17,2,93
남성,30대,66.9,상급자,근비대,랫 풀다운 머신,90.0,8,3,68
남성,50대,84.0,중급자,재활/건강,워킹 런지,27.5,19,2,103
남성,50대,102.8,상급자,스트렝스,레그 프레스 머신,167.5,4,5,131
남성,50대,76.0,상급자,스트렝스,펙덱 플라이 머신,122.5,4,4,166
여성,60대 이상,55.8,중급자,근비대,오버헤드 프레스,20.0,8,3,81
남성,60대 이상,93.1,중급자,근비대,페이스 풀,57.5,8,3,79
남성,40대,55.8,중급자,재활/건강,펙덱 플라이 머신,25.0,17,2,100
여성,60대 이상,67.2,초보자,근비대,바벨 로우,12.5,9,3,85
남성,40대,88.0,중급자,다이어트,체스트 프레스 머신,55.0,18,3,44
여성,40대,52.3,초보자,스트렝스,레그 프레스 머신,17.5,3,5,159
남성,60대 이상,90.7,중급자,스트렝스,워킹 런지,65.0,5,5,144
여성,40대,59.2,초보자,재활/건강,레그 컬 머신,7.5,18,3,120
남성,20대,71.4,초보자,근비대,워킹 런지,22.5,9,3,77
남성,60대 이상,80.4,상급자,근비대,숄더 프레스 머신,107.5,11,4,70
여성,60대 이상,54.4,초보자,스트렝스,시티드 로우 머신,20.0,5,4,145
여성,40대,36.4,중급자,근비대,체스트 프레스 머신,20.0,12,3,70
여성,40대,63.4,상급자,다이어트,랫 풀다운 머신,40.0,19,3,39
남성,60대 이상,66.0,초보자,다이어트,루마니안 데드리프트,12.5,18,3,50
여성,60대 이상,52.4,중급자,근비대,페이스 풀,17.5,9,3,69
남성,60대 이상,82.5,상급자,다이어트,랫 풀다운 머신,90.0,20,3,51
여성,60대 이상,64.9,상급자,다이어트,바벨 스쿼트,27.5,15,3,54
남성,20대,70.7,상급자,근비대,바벨 로우,65.0,8,3,90
남성,30대,75.6,중급자,다이어트,페이스 풀,30.0,16,3,48
여성,40대,51.1,중급자,스트렝스,벤치프레스,22.5,5,5,177
남성,30대,54.0,상급자,재활/건강,랫 풀다운 머신,37.5,19,2,119
남성,60대 이상,84.7,중급자,다이어트,숄더 프레스 머신,57.5,18,3,53
남성,30대,77.0,중급자,스트렝스,레그 컬 머신,82.5,5,5,135
여성,40대,52.5,초보자,다이어트,레그 프레스 머신,12.5,19,3,34
여성,10대,58.2,상급자,다이어트,레그 익스텐션 머신,37.5,20,3,34
남성,20대,65.0,상급자,근비대,레그 컬 머신,85.0,11,3,61
여성,50대,52.5,중급자,다이어트,랫 풀다운 머신,20.0,15,3,43
남성,40대,73.4,초보자,근비대,체스트 프레스 머신,32.5,11,4,76
여성,40대,54.3,중급자,근비대,체스트 프레스 머신,32.5,12,3,77
여성,60대 이상,59.2,상급자,다이어트,레그 컬 머신,37.5,18,3,43
여성,60대 이상,70.1,중급자,다이어트,시티드 로우 머신,30.0,20,3,43
여성,50대,59.6,상급자,스트렝스,체스트 프레스 머신,62.5,5,4,154
여성,30대,48.4,중급자,다이어트,레그 컬 머신,20.0,19,3,57
여성,20대,52.0,상급자,스트렝스,랫 풀다운 머신,57.5,4,5,146
여성,10대,59.5,상급자,스트렝스,루마니안 데드리프트,42.5,3,4,159
여성,30대,45.9,중급자,다이어트,벤치프레스,12.5,20,3,49
남성,50대,76.1,중급자,재활/건강,어시스트 풀업 머신,35.0,16,3,112
남성,50대,65.4,중급자,스트렝스,바벨 스쿼트,47.5,3,4,179
남성,30대,72.8,초보자,재활/건강,오버헤드 프레스,10.0,19,2,108
여성,20대,46.2,중급자,재활/건강,인클라인 덤벨 프레스,7.5,18,3,100
남성,50대,58.3,중급자,근비대,어시스트 풀업 머신,52.5,11,3,83
남성,50대,64.8,초보자,다이어트,사이드 레터럴 레이즈,12.5,20,3,31
남성,30대,72.5,초보자,근비대,워킹 런지,20.0,10,4,75
여성,10대,60.5,상급자,스트렝스,어시스트 풀업 머신,62.5,3,5,160
남성,20대,71.0,상급자,근비대,펙덱 플라이 머신,100.0,12,4,78
남성,20대,61.6,초보자,다이어트,시티드 로우 머신,20.0,20,3,45
여성,30대,55.6,상급자,재활/건강,바벨 로우,17.5,19,2,113
남성,10대,84.5,중급자,스트렝스,인클라인 덤벨 프레스,62.5,5,4,167
남성,40대,75.6,초보자,스트렝스,워킹 런지,27.5,3,4,139
남성,30대,84.8,초보자,다이어트,바벨 스쿼트,20.0,15,3,58
여성,20대,56.7,초보자,스트렝스,벤치프레스,12.5,5,4,129
남성,40대,71.5,중급자,재활/건강,레그 익스텐션 머신,30.0,17,2,94
여성,60대 이상,60.3,초보자,스트렝스,시티드 로우 머신,20.0,4,4,144
여성,50대,76.3,중급자,재활/건강,인클라인 덤벨 프레스,15.0,20,2,91
남성,30대,87.9,초보자,근비대,체스트 프레스 머신,40.0,9,4,62
남성,10대,66.9,상급자,다이어트,루마니안 데드리프트,42.5,18,3,36
남성,10대,75.3,중급자,재활/건강,레그 프레스 머신,32.5,16,2,98
여성,30대,53.7,상급자,근비대,바벨 스쿼트,32.5,10,3,89
남성,10대,70.7,초보자,스트렝스,바벨 로우,25.0,3,5,138
남성,30대,70.7,중급자,재활/건강,루마니안 데드리프트,20.0,19,2,94
남성,30대,80.8,상급자,재활/건강,오버헤드 프레스,32.5,16,2,94
여성,20대,58.6,상급자,근비대,바벨 로우,32.5,8,4,86
남성,20대,64.0,초보자,근비대,오버헤드 프레스,17.5,12,3,80
남성,50대,77.3,상급자,다이어트,숄더 프레스 머신,80.0,20,3,58
남성,60대 이상,85.4,상급자,다이어트,바벨 로우,60.0,18,3,37
여성,10대,48.4,초보자,다이어트,루마니안 데드리프트,5.0,16,3,55
남성,50대,64.0,상급자,스트렝스,사이드 레터럴 레이즈,67.5,5,5,152
남성,20대,82.2,상급자,근비대,바벨 스쿼트,75.0,9,4,76
여성,60대 이상,66.8,상급자,재활/건강,숄더 프레스 머신,25.0,17,2,118
여성,10대,73.4,상급자,다이어트,랫 풀다운 머신,45.0,19,3,31
남성,50대,69.7,상급자,다이어트,인클라인 덤벨 프레스,47.5,15,3,55
남성,40대,82.9,중급자,다이어트,페이스 풀,32.5,15,3,60
여성,60대 이상,53.9,중급자,재활/건강,펙덱 플라이 머신,15.0,16,2,96
여성,30대,69.1,중급자,재활/건강,펙덱 플라이 머신,20.0,18,3,105
여성,10대,37.5,상급자,스트렝스,오버헤드 프레스,27.5,5,5,178
여성,50대,61.9,중급자,근비대,어시스트 풀업 머신,37.5,8,4,90
여성,60대 이상,60.3,초보자,다이어트,펙덱 플라이 머신,12.5,17,3,41
남성,50대,66.3,중급자,재활/건강,사이드 레터럴 레이즈,20.0,19,3,103
남성,50대,85.0,초보자,재활/건강,워킹 런지,10.0,17,2,115
여성,10대,49.7,초보자,근비대,랫 풀다운 머신,15.0,8,3,61
여성,10대,47.4,중급자,다이어트,벤치프레스,12.5,18,3,53
여성,60대 이상,57.4,중급자,다이어트,레그 컬 머신,22.5,20,3,54
남성,50대,59.2,중급자,다이어트,어시스트 풀업 머신,35.0,20,3,60
여성,10대,57.6,초보자,다이어트,벤치프레스,7.5,16,3,54
여성,50대,56.2,초보자,재활/건강,숄더 프레스 머신,7.5,17,3,118
남성,40대,73.1,중급자,다이어트,체스트 프레스 머신,45.0,18,3,59
남성,60대 이상,82.5,상급자,스트렝스,바벨 로우,85.0,5,4,150
여성,30대,57.3,중급자,재활/건강,루마니안 데드리프트,10.0,16,2,113
남성,10대,85.4,상급자,스트렝스,레그 익스텐션 머신,142.5,4,5,121
여성,40대,50.2,상급자,근비대,오버헤드 프레스,30.0,12,3,67
여성,50대,52.9,상급자,다이어트,어시스트 풀업 머신,37.5,19,3,38
여성,20대,50.5,중급자,스트렝스,레그 익스텐션 머신,35.0,4,5,155
여성,10대,54.2,상급자,근비대,루마니안 데드리프트,35.0,10,4,87
남성,60대 이상,65.9,상급자,다이어트,펙덱 플라이 머신,62.5,17,3,58
여성,20대,37.0,초보자,스트렝스,바벨 로우,7.5,3,4,148
남성,60대 이상,74.3,상급자,스트렝스,루마니안 데드리프트,80.0,3,5,143
여성,60대 이상,38.7,상급자,다이어트,숄더 프레스 머신,25.0,15,3,38
여성,60대 이상,58.1,초보자,근비대,인클라인 덤벨 프레스,10.0,8,3,73
남성,30대,92.7,초보자,재활/건강,루마니안 데드리프트,12.5,18,2,114
남성,10대,83.8,중급자,다이어트,레그 익스텐션 머신,57.5,20,3,31
여성,20대,51.6,상급자,근비대,사이드 레터럴 레이즈,32.5,9,4,88
여성,30대,56.1,초보자,근비대,숄더 프레스 머신,15.0,9,3,76
여성,20대,50.0,초보자,근비대,펙덱 플라이 머신,15.0,9,4,71
여성,20대,55.4,중급자,근비대,워킹 런지,20.0,11,4,79
남성,10대,77.7,상급자,스트렝스,벤치프레스,87.5,5,5,180
여성,40대,56.7,상급자,스트렝스,시티드 로우 머신,62.5,4,4,134
남성,60대 이상,78.5,초보자,근비대,어시스트 풀업 머신,37.5,9,4,89
남성,20대,72.3,상급자,스트렝스,루마니안 데드리프트,77.5,4,4,122
여성,60대 이상,67.9,중급자,근비대,사이드 레터럴 레이즈,27.5,9,4,67
남성,50대,73.4,초보자,재활/건강,레그 프레스 머신,15.0,19,2,114
남성,60대 이상,86.6,중급자,재활/건강,워킹 런지,25.0,19,3,106
남성,30대,71.1,초보자,재활/건강,숄더 프레스 머신,15.0,16,2,95
여성,30대,46.7,상급자,다이어트,워킹 런지,22.5,15,3,34
남성,10대,70.9,상급자,재활/건강,페이스 풀,30.0,19,3,106
여성,50대,51.8,중급자,다이어트,펙덱 플라이 머신,22.5,19,3,44
남성,30대,73.9,초보자,스트렝스,루마니안 데드리프트,27.5,5,4,148
여성,40대,43.1,상급자,다이어트,어시스트 풀업 머신,30.0,17,3,60
남성,60대 이상,78.3,상급자,스트렝스,레그 프레스 머신,122.5,4,4,153
남성,20대,68.0,상급자,다이어트,워킹 런지,45.0,18,3,59
남성,60대 이상,75.4,상급자,근비대,레그 컬 머신,102.5,9,4,77
여성,10대,49.1,중급자,다이어트,루마니안 데드리프트,12.5,18,3,43
남성,50대,71.9,상급자,다이어트,바벨 로우,42.5,16,3,30
남성,50대,76.8,중급자,근비대,랫 풀다운 머신,70.0,9,3,71
여성,40대,47.8,초보자,재활/건강,레그 컬 머신,7.5,18,3,104
여성,40대,65.7,상급자,근비대,바벨 로우,40.0,8,3,90
남성,10대,82.2,초보자,스트렝스,랫 풀다운 머신,45.0,5,4,169
여성,60대 이상,51.8,초보자,재활/건강,벤치프레스,5.0,16,3,110
남성,30대,52.0,상급자,재활/건강,레그 익스텐션 머신,30.0,16,3,113
여성,50대,60.1,초보자,다이어트,레그 프레스 머신,12.5,20,3,35
남성,10대,81.1,상급자,재활/건강,펙덱 플라이 머신,52.5,19,2,101
남성,10대,74.3,중급자,근비대,오버헤드 프레스,45.0,8,3,63
남성,30대,66.7,상급자,근비대,랫 풀다운 머신,90.0,11,3,88
남성,20대,76.5,중급자,다이어트,체스트 프레스 머신,52.5,17,3,54
남성,30대,69.7,중급자,스트렝스,바벨 스쿼트,50.0,4,4,124
여성,40대,44.6,초보자,스트렝스,사이드 레터럴 레이즈,10.0,5,4,173
여성,50대,50.5,초보자,재활/건강,사이드 레터럴 레이즈,5.0,20,3,101
여성,40대,66.9,초보자,다이어트,레그 컬 머신,12.5,20,3,46
남성,50대,77.1,초보자,근비대,시티드 로우 머신,35.0,11,3,84
남성,10대,78.0,중급자,스트렝스,페이스 풀,57.5,3,5,137
여성,20대,59.6,상급자,근비대,랫 풀다운 머신,55.0,8,3,73
남성,30대,76.2,상급자,다이어트,레그 익스텐션 머신,80.0,15,3,54
남성,20대,51.0,상급자,재활/건강,시티드 로우 머신,30.0,19,2,105
남성,30대,66.1,상급자,근비대,사이드 레터럴 레이즈,60.0,10,3,87
여성,40대,45.2,중급자,스트렝스,레그 프레스 머신,30.0,4,4,154
여성,40대,64.2,상급자,근비대,인클라인 덤벨 프레스,37.5,9,3,66
여성,10대,46.5,중급자,스트렝스,시티드 로우 머신,32.5,5,4,157
남성,20대,82.9,중급자,스트렝스,레그 컬 머신,87.5,5,4,126
여성,10대,53.3,초보자,다이어트,레그 익스텐션 머신,12.5,19,3,41
남성,30대,67.8,초보자,근비대,바벨 스쿼트,20.0,9,3,90
여성,50대,42.7,중급자,스트렝스,레그 익스텐션 머신,30.0,3,5,149
여성,50대,52.6,상급자,재활/건강,워킹 런지,15.0,16,2,110
여성,30대,57.4,초보자,다이어트,랫 풀다운 머신,12.5,15,3,46
남성,30대,82.3,초보자,근비대,펙덱 플라이 머신,35.0,12,3,67
여성,60대 이상,68.3,중급자,근비대,워킹 런지,27.5,12,4,64
남성,20대,86.5,상급자,재활/건강,인클라인 덤벨 프레스,37.5,16,3,90
여성,30대,41.1,초보자,근비대,펙덱 플라이 머신,10.0,9,4,85
여성,10대,52.0,상급자,재활/건강,시티드 로우 머신,20.0,16,2,93
남성,40대,64.4,상급자,근비대,펙덱 플라이 머신,82.5,11,3,73
남성,60대 이상,89.7,초보자,근비대,벤치프레스,27.5,9,3,62
여성,10대,56.3,상급자,근비대,레그 프레스 머신,50.0,12,3,77
여성,10대,63.4,상급자,스트렝스,레그 컬 머신,67.5,4,5,174
남성,60대 이상,82.2,초보자,근비대,레그 컬 머신,35.0,12,3,70
여성,20대,50.5,중급자,재활/건강,인클라인 덤벨 프레스,10.0,16,2,99
남성,20대,87.2,상급자,스트렝스,바벨 로우,92.5,5,4,158
여성,60대 이상,56.1,상급자,근비대,바벨 로우,32.5,10,3,90
남성,30대,69.2,초보자,스트렝스,체스트 프레스 머신,37.5,3,4,124
남성,60대 이상,102.1,상급자,재활/건강,워킹 런지,37.5,18,3,103
남성,10대,71.4,중급자,재활/건강,체스트 프레스 머신,30.0,16,2,119
여성,50대,60.1,상급자,스트렝스,사이드 레터럴 레이즈,42.5,5,5,122
여성,60대 이상,47.9,상급자,근비대,펙덱 플라이 머신,40.0,12,3,70
남성,60대 이상,73.7,초보자,다이어트,사이드 레터럴 레이즈,15.0,17,3,43
여성,30대,57.8,상급자,스트렝스,인클라인 덤벨 프레스,40.0,3,5,149
남성,30대,65.6,중급자,다이어트,바벨 스쿼트,30.0,20,3,35
남성,40대,79.4,상급자,근비대,레그 컬 머신,107.5,8,3,84
남성,40대,87.6,중급자,다이어트,레그 프레스 머신,62.5,20,3,31
남성,20대,73.4,상급자,스트렝스,숄더 프레스 머신,122.5,4,5,154
남성,20대,69.4,상급자,다이어트,어시스트 풀업 머신,67.5,18,3,58
남성,40대,79.0,초보자,스트렝스,인클라인 덤벨 프레스,27.5,5,5,169
여성,50대,63.9,초보자,재활/건강,인클라인 덤벨 프레스,7.5,17,3,117
남성,60대 이상,75.3,상급자,스트렝스,숄더 프레스 머신,125.0,4,5,146
여성,10대,70.9,상급자,다이어트,레그 프레스 머신,50.0,20,3,39
여성,30대,57.8,상급자,근비대,벤치프레스,37.5,9,3,85
여성,20대,58.8,상급자,다이어트,레그 컬 머신,37.5,20,3,41
남성,40대,77.4,초보자,다이어트,바벨 로우,17.5,16,3,56
여성,60대 이상,54.5,상급자,다이어트,시티드 로우 머신,32.5,20,3,59
여성,40대,73.2,중급자,재활/건강,시티드 로우 머신,17.5,19,2,107
여성,10대,70.6,초보자,재활/건강,바벨 스쿼트,5.0,19,2,115
남성,30대,84.0,초보자,근비대,레그 컬 머신,40.0,11,4,65
여성,60대 이상,46.1,상급자,근비대,벤치프레스,27.5,8,4,63
여성,40대,51.7,초보자,스트렝스,루마니안 데드리프트,12.5,5,4,153
남성,20대,64.6,초보자,재활/건강,바벨 로우,10.0,20,3,99
여성,60대 이상,71.1,중급자,스트렝스,레그 프레스 머신,45.0,5,4,154
남성,60대 이상,70.3,중급자,다이어트,레그 프레스 머신,45.0,16,3,31
남성,50대,83.9,초보자,재활/건강,랫 풀다운 머신,20.0,15,3,97
남성,50대,69.1,상급자,다이어트,레그 익스텐션 머신,72.5,16,3,58
남성,30대,76.7,상급자,다이어트,오버헤드 프레스,52.5,16,3,51
여성,60대 이상,61.4,상급자,재활/건강,인클라인 덤벨 프레스,17.5,17,2,115
여성,10대,57.6,초보자,재활/건강,펙덱 플라이 머신,7.5,16,3,103
여성,30대,50.0,상급자,재활/건강,오버헤드 프레스,12.5,19,2,114
여성,60대 이상,47.6,초보자,근비대,사이드 레터럴 레이즈,10.0,9,4,68
여성,30대,61.9,중급자,재활/건강,벤치프레스,12.5,19,2,101
남성,30대,82.6,초보자,다이어트,펙덱 플라이 머신,25.0,16,3,33
여성,10대,46.3,상급자,재활/건강,펙덱 플라이 머신,17.5,18,2,110
남성,20대,99.1,중급자,스트렝스,숄더 프레스 머신,105.0,5,4,137
여성,20대,68.1,초보자,재활/건강,워킹 런지,7.5,16,3,106
여성,30대,67.0,상급자,근비대,바벨 스쿼트,42.5,8,3,64
여성,20대,58.2,초보자,근비대,숄더 프레스 머신,15.0,11,4,88
여성,10대,66.1,상급자,다이어트,레그 프레스 머신,47.5,19,3,60
남성,40대,81.9,초보자,스트렝스,레그 프레스 머신,42.5,3,5,153
여성,10대,43.4,상급자,재활/건강,워킹 런지,12.5,17,2,99
여성,60대 이상,61.1,상급자,재활/건강,랫 풀다운 머신,25.0,19,2,113
여성,30대,56.2,상급자,재활/건강,레그 컬 머신,25.0,15,3,112
여성,10대,64.8,초보자,재활/건강,숄더 프레스 머신,10.0,19,3,111
여성,30대,49.9,상급자,근비대,페이스 풀,32.5,11,3,80
남성,40대,85.7,상급자,근비대,펙덱 플라이 머신,120.0,8,4,71
여성,20대,70.5,상급자,다이어트,루마니안 데드리프트,32.5,19,3,37
남성,20대,85.3,상급자,근비대,시티드 로우 머신,112.5,8,3,84
여성,30대,50.7,초보자,다이어트,어시스트 풀업 머신,10.0,15,3,45
여성,30대,64.3,중급자,다이어트,오버헤드 프레스,17.5,15,3,50
남성,60대 이상,78.4,초보자,근비대,페이스 풀,25.0,8,3,62
남성,30대,69.2,초보자,재활/건강,워킹 런지,10.0,16,3,95
남성,50대,91.0,상급자,재활/건강,레그 익스텐션 머신,60.0,18,2,93
남성,40대,70.3,초보자,재활/건강,어시스트 풀업 머신,15.0,20,3,94
여성,40대,43.5,상급자,재활/건강,레그 익스텐션 머신,20.0,17,2,113
여성,30대,65.1,중급자,다이어트,레그 프레스 머신,27.5,18,3,39
여성,40대,56.7,초보자,근비대,숄더 프레스 머신,15.0,11,3,67
여성,50대,49.1,중급자,스트렝스,페이스 풀,20.0,5,4,169
여성,30대,51.3,중급자,근비대,벤치프레스,20.0,10,3,76
여성,10대,63.6,중급자,근비대,루마니안 데드리프트,22.5,11,4,88
남성,60대 이상,56.7,상급자,스트렝스,루마니안 데드리프트,62.5,5,5,161
여성,30대,57.7,중급자,재활/건강,레그 프레스 머신,15.0,17,3,90
여성,20대,43.0,상급자,재활/건강,숄더 프레스 머신,17.5,15,3,90
여성,60대 이상,75.1,초보자,다이어트,레그 프레스 머신,17.5,15,3,41
여성,30대,48.7,상급자,근비대,숄더 프레스 머신,42.5,9,4,79
남성,20대,85.6,중급자,다이어트,레그 컬 머신,57.5,19,3,42
남성,40대,62.4,상급자,근비대,사이드 레터럴 레이즈,57.5,12,4,75
여성,40대,58.0,상급자,근비대,숄더 프레스 머신,52.5,10,4,73
남성,20대,67.7,초보자,다이어트,숄더 프레스 머신,25.0,19,3,31
여성,10대,51.8,상급자,스트렝스,바벨 스쿼트,35.0,3,4,137
남성,10대,81.4,상급자,재활/건강,사이드 레터럴 레이즈,30.0,18,3,120
남성,50대,71.2,상급자,재활/건강,벤치프레스,30.0,18,2,115
남성,60대 이상,81.8,상급자,근비대,사이드 레터럴 레이즈,70.0,12,3,80
여성,50대,50.8,상급자,스트렝스,숄더 프레스 머신,52.5,3,4,179
남성,60대 이상,82.3,중급자,근비대,오버헤드 프레스,47.5,10,3,85
남성,10대,72.1,상급자,스트렝스,어시스트 풀업 머신,120.0,5,5,127
여성,50대,59.8,초보자,다이어트,인클라인 덤벨 프레스,7.5,16,3,59
여성,60대 이상,49.0,초보자,재활/건강,레그 컬 머신,7.5,19,3,102
여성,30대,58.2,상급자,다이어트,워킹 런지,25.0,20,3,48
여성,60대 이상,61.2,중급자,근비대,랫 풀다운 머신,35.0,11,4,69
남성,10대,77.6,중급자,근비대,레그 프레스 머신,65.0,10,4,82
여성,60대 이상,37.5,상급자,근비대,펙덱 플라이 머신,35.0,12,3,69
여성,30대,63.7,초보자,근비대,워킹 런지,12.5,11,3,71
남성,50대,73.2,중급자,다이어트,체스트 프레스 머신,52.5,18,3,37
남성,30대,83.1,중급자,근비대,사이드 레터럴 레이즈,52.5,11,3,83
남성,20대,91.9,상급자,다이어트,시티드 로우 머신,97.5,18,3,58
남성,30대,79.3,초보자,재활/건강,바벨 스쿼트,10.0,15,2,105
남성,10대,64.8,중급자,스트렝스,레그 프레스 머신,72.5,4,5,163
남성,30대,70.3,초보자,재활/건강,레그 익스텐션 머신,15.0,19,3,113
남성,40대,75.6,중급자,재활/건강,레그 프레스 머신,35.0,17,3,91
여성,30대,65.7,중급자,다이어트,사이드 레터럴 레이즈,17.5,17,3,44
남성,60대 이상,53.0,초보자,스트렝스,시티드 로우 머신,30.0,5,4,180
여성,20대,63.3,상급자,스트렝스,사이드 레터럴 레이즈,42.5,5,5,164
여성,40대,61.0,초보자,재활/건강,레그 프레스 머신,7.5,20,3,97
남성,50대,76.9,초보자,재활/건강,바벨 스쿼트,10.0,16,3,98
남성,10대,79.4,초보자,다이어트,랫 풀다운 머신,25.0,20,3,40
남성,10대,75.9,상급자,재활/건강,펙덱 플라이 머신,47.5,17,2,116
남성,60대 이상,76.7,중급자,다이어트,인클라인 덤벨 프레스,32.5,19,3,33
남성,30대,80.9,상급자,다이어트,페이스 풀,50.0,17,3,40
남성,60대 이상,76.7,중급자,재활/건강,바벨 스쿼트,17.5,20,2,93
남성,20대,90.6,중급자,다이어트,레그 익스텐션 머신,62.5,15,3,46
남성,30대,68.3,상급자,재활/건강,인클라인 덤벨 프레스,27.5,18,3,91
남성,50대,70.7,상급자,다이어트,어시스트 풀업 머신,72.5,16,3,35
남성,10대,74.7,상급자,다이어트,어시스트 풀업 머신,67.5,20,3,30
남성,30대,92.5,상급자,다이어트,체스트 프레스 머신,85.0,17,3,47
남성,40대,62.3,중급자,재활/건강,바벨 로우,17.5,16,3,94
남성,50대,68.8,초보자,스트렝스,바벨 로우,25.0,5,4,150
여성,10대,54.0,중급자,스트렝스,바벨 스쿼트,25.0,4,5,163
남성,60대 이상,73.8,초보자,스트렝스,펙덱 플라이 머신,42.5,5,5,165
남성,20대,79.7,상급자,근비대,랫 풀다운 머신,107.5,12,3,89
여성,10대,48.7,중급자,다이어트,어시스트 풀업 머신,20.0,15,3,43
남성,30대,78.3,초보자,근비대,페이스 풀,22.5,9,3,87
남성,40대,77.9,중급자,재활/건강,워킹 런지,25.0,15,2,103
여성,60대 이상,54.2,상급자,스트렝스,시티드 로우 머신,57.5,3,4,166
남성,10대,80.7,초보자,재활/건강,워킹 런지,12.5,18,2,100
여성,40대,50.8,초보자,스트렝스,페이스 풀,12.5,5,5,136
여성,20대,48.8,상급자,근비대,레그 익스텐션 머신,47.5,10,4,83
남성,50대,85.4,중급자,다이어트,레그 컬 머신,55.0,20,3,49
남성,20대,79.8,초보자,스트렝스,벤치프레스,30.0,4,5,149
남성,20대,70.2,중급자,근비대,시티드 로우 머신,62.5,9,4,81
남성,20대,69.9,중급자,근비대,숄더 프레스 머신,65.0,8,4,85
남성,20대,67.7,상급자,재활/건강,펙덱 플라이 머신,37.5,16,2,112
남성,10대,60.1,초보자,재활/건강,루마니안 데드리프트,10.0,17,2,92
남성,40대,71.6,상급자,근비대,시티드 로우 머신,102.5,10,3,89
여성,10대,51.7,중급자,근비대,사이드 레터럴 레이즈,17.5,9,4,88
여성,50대,58.8,초보자,근비대,시티드 로우 머신,17.5,11,3,61
여성,10대,50.3,중급자,재활/건강,체스트 프레스 머신,12.5,18,3,115
남성,20대,66.5,초보자,재활/건강,페이스 풀,10.0,18,2,115
남성,60대 이상,73.8,중급자,근비대,워킹 런지,45.0,10,4,62
여성,40대,47.8,초보자,근비대,시티드 로우 머신,15.0,11,4,90
여성,30대,43.0,상급자,재활/건강,숄더 프레스 머신,17.5,20,3,107
여성,60대 이상,44.5,중급자,재활/건강,벤치프레스,7.5,18,3,96
여성,10대,48.9,상급자,스트렝스,사이드 레터럴 레이즈,32.5,3,5,178
여성,10대,64.0,상급자,다이어트,레그 컬 머신,40.0,19,3,37
남성,20대,91.5,상급자,재활/건강,워킹 런지,32.5,19,2,117
남성,40대,81.5,상급자,스트렝스,오버헤드 프레스,92.5,5,4,126
여성,50대,52.2,상급자,다이어트,시티드 로우 머신,37.5,18,3,41
남성,40대,69.4,초보자,재활/건강,바벨 스쿼트,10.0,19,3,108
여성,50대,57.1,초보자,근비대,랫 풀다운 머신,15.0,8,3,81
남성,50대,83.8,상급자,다이어트,루마니안 데드리프트,57.5,20,3,55
여성,20대,56.1,상급자,다이어트,어시스트 풀업 머신,37.5,19,3,51
남성,50대,94.2,상급자,근비대,바벨 로우,82.5,10,4,80
남성,50대,84.0,초보자,다이어트,바벨 로우,17.5,20,3,48
남성,10대,80.7,중급자,다이어트,어시스트 풀업 머신,55.0,18,3,40
남성,60대 이상,67.6,상급자,재활/건강,레그 프레스 머신,37.5,19,3,104
여성,60대 이상,56.4,초보자,다이어트,바벨 스쿼트,7.5,19,3,33
남성,50대,88.8,중급자,근비대,루마니안 데드리프트,57.5,8,4,75
여성,60대 이상,57.7,초보자,근비대,벤치프레스,10.0,10,3,74
남성,50대,80.7,중급자,재활/건강,레그 익스텐션 머신,35.0,20,3,112
남성,40대,65.9,상급자,근비대,인클라인 덤벨 프레스,62.5,9,3,77
여성,30대,54.3,상급자,재활/건강,루마니안 데드리프트,12.5,15,3,111
여성,20대,50.4,중급자,스트렝스,사이드 레터럴 레이즈,22.5,3,5,157
남성,20대,85.8,초보자,재활/건강,레그 컬 머신,17.5,19,2,90
남성,30대,71.8,상급자,근비대,랫 풀다운 머신,102.5,9,4,61
남성,10대,68.6,초보자,재활/건강,바벨 로우,10.0,20,3,120
남성,50대,84.8,초보자,근비대,레그 익스텐션 머신,37.5,12,4,82
여성,30대,54.0,초보자,근비대,페이스 풀,10.0,11,3,80
남성,30대,81.4,초보자,다이어트,사이드 레터럴 레이즈,20.0,19,3,46
남성,60대 이상,65.3,초보자,재활/건강,워킹 런지,10.0,17,3,92
남성,30대,82.7,초보자,근비대,바벨 로우,25.0,12,4,89
여성,30대,63.1,중급자,스트렝스,바벨 스쿼트,27.5,3,5,173
남성,60대 이상,76.4,초보자,재활/건강,페이스 풀,10.0,15,3,118
여성,50대,47.3,상급자,스트렝스,사이드 레터럴 레이즈,35.0,3,5,163
남성,50대,74.0,중급자,다이어트,사이드 레터럴 레이즈,30.0,20,3,56
여성,60대 이상,57.4,중급자,재활/건강,바벨 스쿼트,10.0,17,2,105
여성,30대,44.7,중급자,재활/건강,펙덱 플라이 머신,12.5,19,2,102
남성,10대,78.6,초보자,다이어트,숄더 프레스 머신,22.5,17,3,35
남성,20대,65.6,중급자,재활/건강,레그 컬 머신,25.0,18,2,106
여성,20대,59.6,상급자,스트렝스,워킹 런지,42.5,5,5,168
여성,40대,38.7,중급자,재활/건강,페이스 풀,7.5,16,3,92
남성,60대 이상,72.1,중급자,재활/건강,루마니안 데드리프트,22.5,18,2,108
여성,10대,55.6,상급자,스트렝스,레그 프레스 머신,57.5,5,5,120
남성,20대,53.9,중급자,재활/건강,레그 프레스 머신,25.0,19,2,114
여성,20대,54.4,상급자,근비대,페이스 풀,35.0,12,3,68
여성,30대,61.9,상급자,근비대,랫 풀다운 머신,52.5,12,4,81
남성,40대,57.1,상급자,근비대,인클라인 덤벨 프레스,47.5,10,4,79
남성,40대,63.5,초보자,다이어트,시티드 로우 머신,20.0,17,3,55
남성,20대,73.0,중급자,재활/건강,워킹 런지,22.5,15,2,118
여성,60대 이상,45.3,중급자,근비대,숄더 프레스 머신,25.0,11,3,60
여성,40대,42.7,상급자,다이어트,시티드 로우 머신,30.0,15,3,31
여성,10대,54.6,중급자,다이어트,오버헤드 프레스,15.0,16,3,46
여성,20대,66.6,중급자,스트렝스,사이드 레터럴 레이즈,27.5,4,5,152
남성,20대,76.3,중급자,다이어트,벤치프레스,35.0,20,3,58
여성,40대,64.7,중급자,재활/건강,바벨 스쿼트,10.0,17,2,104
여성,40대,73.2,중급자,근비대,워킹 런지,27.5,10,4,81
남성,40대,66.9,초보자,스트렝스,오버헤드 프레스,22.5,3,5,129
남성,60대 이상,84.4,초보자,재활/건강,사이드 레터럴 레이즈,12.5,15,2,103
남성,30대,65.8,초보자,스트렝스,인클라인 덤벨 프레스,25.0,3,4,139
남성,20대,81.2,초보자,다이어트,루마니안 데드리프트,17.5,18,3,40
여성,60대 이상,56.1,중급자,근비대,벤치프레스,20.0,11,3,73
남성,60대 이상,66.0,초보자,스트렝스,랫 풀다운 머신,37.5,5,5,150
여성,40대,52.0,초보자,다이어트,어시스트 풀업 머신,12.5,19,3,53
여성,50대,63.6,중급자,재활/건강,레그 컬 머신,15.0,16,3,113
여성,40대,45.0,초보자,재활/건강,바벨 로우,2.5,19,3,91
남성,20대,64.3,중급자,다이어트,숄더 프레스 머신,45.0,15,3,34
남성,10대,104.9,상급자,재활/건강,페이스 풀,40.0,20,3,101
여성,10대,58.3,상급자,근비대,워킹 런지,35.0,11,3,69
남성,60대 이상,84.3,중급자,다이어트,바벨 로우,37.5,20,3,49
남성,40대,88.2,중급자,재활/건강,루마니안 데드리프트,27.5,18,3,90
여성,30대,56.3,중급자,재활/건강,루마니안 데드리프트,10.0,16,2,119
여성,40대,55.8,상급자,스트렝스,어시스트 풀업 머신,62.5,3,5,164
여성,10대,58.0,초보자,스트렝스,랫 풀다운 머신,20.0,5,4,138
남성,10대,75.1,초보자,근비대,바벨 스쿼트,25.0,10,4,65
남성,30대,82.6,상급자,다이어트,바벨 스쿼트,55.0,18,3,48
여성,10대,55.2,상급자,다이어트,벤치프레스,25.0,16,3,40
여성,50대,54.4,상급자,스트렝스,숄더 프레스 머신,57.5,4,5,167
여성,60대 이상,65.0,중급자,다이어트,사이드 레터럴 레이즈,17.5,19,3,59
남성,10대,84.6,초보자,근비대,펙덱 플라이 머신,37.5,12,3,86
남성,40대,87.0,초보자,근비대,오버헤드 프레스,25.0,8,3,78
여성,40대,52.9,중급자,다이어트,바벨 스쿼트,15.0,20,3,41
남성,10대,83.3,상급자,근비대,랫 풀다운 머신,115.0,11,3,73
여성,40대,67.1,중급자,다이어트,레그 프레스 머신,25.0,20,3,58
남성,10대,66.7,중급자,근비대,랫 풀다운 머신,57.5,9,3,79
남성,30대,74.4,상급자,근비대,랫 풀다운 머신,105.0,12,4,82
남성,20대,79.0,중급자,재활/건강,인클라인 덤벨 프레스,22.5,16,2,114
여성,40대,53.8,초보자,다이어트,레그 익스텐션 머신,12.5,19,3,40
여성,40대,56.2,초보자,근비대,레그 프레스 머신,17.5,11,3,90
여성,30대,58.9,상급자,다이어트,레그 익스텐션 머신,35.0,16,3,58
남성,10대,79.7,중급자,다이어트,바벨 로우,35.0,16,3,40
남성,50대,86.2,중급자,근비대,바벨 로우,55.0,9,4,70
남성,40대,79.4,중급자,다이어트,시티드 로우 머신,52.5,17,3,38
남성,60대 이상,71.3,상급자,다이어트,페이스 풀,50.0,17,3,59
여성,40대,50.8,상급자,재활/건강,바벨 스쿼트,15.0,19,3,107
남성,50대,81.3,초보자,다이어트,바벨 스쿼트,17.5,19,3,36
여성,30대,58.1,중급자,스트렝스,바벨 스쿼트,27.5,5,4,123
남성,10대,79.6,초보자,근비대,펙덱 플라이 머신,35.0,11,4,87
여성,30대,58.7,초보자,재활/건강,랫 풀다운 머신,7.5,16,2,93
여성,40대,58.4,상급자,스트렝스,숄더 프레스 머신,60.0,5,5,132
남성,50대,83.3,상급자,다이어트,바벨 스쿼트,50.0,15,3,39
여성,30대,61.1,중급자,재활/건강,시티드 로우 머신,15.0,19,2,120
여성,40대,55.4,초보자,다이어트,펙덱 플라이 머신,12.5,20,3,57
남성,50대,78.6,초보자,스트렝스,바벨 로우,27.5,3,4,148
여성,20대,49.1,중급자,재활/건강,인클라인 덤벨 프레스,7.5,19,2,95
여성,50대,51.3,초보자,재활/건강,숄더 프레스 머신,7.5,20,2,112
남성,30대,60.9,중급자,스트렝스,레그 익스텐션 머신,62.5,4,5,165
여성,50대,49.7,중급자,스트렝스,워킹 런지,22.5,3,4,140
남성,30대,83.3,초보자,근비대,랫 풀다운 머신,40.0,12,4,75
여성,30대,54.3,중급자,재활/건강,레그 프레스 머신,15.0,15,3,108
여성,10대,51.2,초보자,근비대,사이드 레터럴 레이즈,10.0,9,4,73
남성,40대,84.1,중급자,근비대,레그 익스텐션 머신,72.5,9,3,82
여성,50대,58.1,초보자,다이어트,벤치프레스,7.5,20,3,32
여성,10대,52.5,초보자,스트렝스,벤치프레스,12.5,4,4,178
남성,20대,83.1,중급자,근비대,시티드 로우 머신,75.0,9,4,70
여성,30대,56.7,초보자,다이어트,바벨 스쿼트,7.5,18,3,39
남성,60대 이상,67.7,중급자,근비대,사이드 레터럴 레이즈,40.0,9,4,76
여성,20대,48.1,중급자,근비대,페이스 풀,20.0,11,3,66
남성,40대,57.2,초보자,재활/건강,워킹 런지,7.5,20,2,98
여성,50대,50.9,초보자,다이어트,루마니안 데드리프트,7.5,20,3,30
남성,10대,74.2,상급자,다이어트,벤치프레스,50.0,16,3,36
남성,40대,77.4,상급자,스트렝스,레그 프레스 머신,130.0,3,5,176
남성,20대,80.8,초보자,스트렝스,체스트 프레스 머신,42.5,5,5,134
남성,30대,80.0,중급자,다이어트,벤치프레스,32.5,15,3,49
여성,10대,52.5,중급자,재활/건강,사이드 레터럴 레이즈,10.0,19,3,117
남성,30대,82.6,상급자,근비대,페이스 풀,72.5,12,4,65
여성,10대,48.9,초보자,다이어트,인클라인 덤벨 프레스,7.5,15,3,57
여성,30대,54.7,중급자,다이어트,사이드 레터럴 레이즈,15.0,15,3,47
남성,20대,84.2,상급자,다이어트,어시스트 풀업 머신,80.0,20,3,40
여성,30대,51.3,상급자,스트렝스,루마니안 데드리프트,37.5,4,5,160
여성,10대,59.4,중급자,스트렝스,레그 프레스 머신,40.0,5,4,153
남성,60대 이상,52.1,초보자,스트렝스,어시스트 풀업 머신,27.5,4,5,130
남성,50대,93.4,중급자,다이어트,펙덱 플라이 머신,57.5,18,3,39
남성,20대,81.9,상급자,재활/건강,체스트 프레스 머신,55.0,15,2,107
남성,10대,69.4,중급자,근비대,레그 프레스 머신,65.0,8,3,82
남성,50대,63.4,중급자,재활/건강,바벨 스쿼트,17.5,16,2,102
남성,50대,67.5,초보자,스트렝스,레그 프레스 머신,37.5,4,4,145
여성,30대,50.4,상급자,재활/건강,사이드 레터럴 레이즈,15.0,18,2,102
여성,50대,59.9,초보자,스트렝스,시티드 로우 머신,20.0,5,4,170
남성,30대,74.3,초보자,근비대,시티드 로우 머신,35.0,8,3,80
여성,30대,62.3,상급자,재활/건강,사이드 레터럴 레이즈,15.0,16,2,106
남성,50대,81.3,중급자,다이어트,루마니안 데드리프트,37.5,20,3,49
남성,40대,65.3,중급자,다이어트,페이스 풀,30.0,18,3,33
여성,10대,61.8,상급자,다이어트,루마니안 데드리프트,30.0,15,3,52
남성,10대,75.2,중급자,스트렝스,인클라인 덤벨 프레스,57.5,5,5,145
남성,60대 이상,78.9,초보자,근비대,랫 풀다운 머신,35.0,11,3,85
남성,40대,73.6,중급자,스트렝스,오버헤드 프레스,50.0,4,5,134
여성,30대,71.3,중급자,재활/건강,레그 익스텐션 머신,20.0,19,2,114
여성,50대,68.9,초보자,다이어트,어시스트 풀업 머신,12.5,16,3,44
남성,50대,83.5,상급자,다이어트,바벨 로우,55.0,20,3,60
여성,10대,55.0,상급자,재활/건강,시티드 로우 머신,22.5,19,2,107
남성,60대 이상,62.8,상급자,다이어트,펙덱 플라이 머신,60.0,16,3,55
여성,40대,50.5,초보자,다이어트,펙덱 플라이 머신,10.0,18,3,30
여성,10대,48.4,중급자,재활/건강,바벨 로우,10.0,19,2,110
남성,40대,78.6,상급자,스트렝스,인클라인 덤벨 프레스,80.0,3,4,176
여성,30대,50.5,상급자,근비대,루마니안 데드리프트,30.0,8,3,65
여성,40대,48.8,초보자,재활/건강,사이드 레터럴 레이즈,5.0,16,3,120
남성,40대,74.3,초보자,재활/건강,페이스 풀,10.0,19,2,109
남성,50대,58.1,초보자,다이어트,오버헤드 프레스,12.5,20,3,52
여성,50대,49.4,중급자,스트렝스,시티드 로우 머신,35.0,5,5,159
남성,60대 이상,79.1,초보자,다이어트,시티드 로우 머신,27.5,19,3,32
남성,50대,87.5,중급자,다이어트,레그 컬 머신,57.5,19,3,32
여성,60대 이상,60.3,상급자,다이어트,사이드 레터럴 레이즈,25.0,18,3,56
여성,20대,53.0,상급자,다이어트,사이드 레터럴 레이즈,22.5,20,3,41
여성,60대 이상,48.5,상급자,근비대,레그 익스텐션 머신,40.0,10,4,89
여성,10대,54.2,중급자,다이어트,랫 풀다운 머신,22.5,17,3,40
여성,10대,60.0,중급자,재활/건강,바벨 스쿼트,10.0,17,2,111
남성,20대,59.2,상급자,스트렝스,벤치프레스,62.5,3,4,158
남성,60대 이상,81.1,중급자,스트렝스,루마니안 데드리프트,60.0,5,5,128
여성,20대,55.1,상급자,스트렝스,랫 풀다운 머신,57.5,4,5,169
남성,10대,67.1,상급자,근비대,숄더 프레스 머신,92.5,12,3,87
여성,50대,57.4,초보자,다이어트,인클라인 덤벨 프레스,7.5,16,3,49
여성,30대,68.8,중급자,재활/건강,바벨 스쿼트,12.5,19,2,119
남성,40대,70.0,상급자,다이어트,어시스트 풀업 머신,65.0,19,3,52
여성,20대,52.2,초보자,재활/건강,사이드 레터럴 레이즈,5.0,18,2,108
여성,40대,55.3,상급자,근비대,레그 컬 머신,52.5,8,3,90
남성,30대,81.7,상급자,근비대,레그 컬 머신,117.5,10,4,60
여성,50대,53.7,초보자,다이어트,레그 프레스 머신,10.0,20,3,30
여성,10대,48.4,초보자,다이어트,바벨 스쿼트,7.5,19,3,41
여성,20대,60.1,초보자,재활/건강,펙덱 플라이 머신,10.0,19,2,92
여성,40대,59.8,초보자,근비대,바벨 로우,10.0,9,3,78
여성,60대 이상,45.0,상급자,근비대,루마니안 데드리프트,27.5,12,3,85
여성,20대,53.4,상급자,재활/건강,벤치프레스,15.0,20,3,92
남성,30대,66.0,중급자,스트렝스,시티드 로우 머신,70.0,3,4,149
여성,30대,55.7,상급자,근비대,레그 컬 머신,50.0,11,3,81
남성,10대,69.5,중급자,다이어트,레그 컬 머신,47.5,20,3,42
여성,60대 이상,60.7,중급자,스트렝스,레그 컬 머신,37.5,4,5,145
남성,40대,88.7,상급자,재활/건강,오버헤드 프레스,35.0,16,2,92
여성,30대,50.8,초보자,다이어트,페이스 풀,7.5,16,3,52
남성,40대,73.7,중급자,근비대,펙덱 플라이 머신,65.0,9,4,77
여성,60대 이상,47.3,초보자,다이어트,어시스트 풀업 머신,10.0,20,3,31
여성,60대 이상,67.5,초보자,재활/건강,벤치프레스,5.0,15,3,91
남성,30대,61.3,상급자,재활/건강,페이스 풀,27.5,19,2,118
여성,30대,53.3,중급자,다이어트,체스트 프레스 머신,22.5,17,3,32
여성,10대,35.6,중급자,재활/건강,랫 풀다운 머신,10.0,16,3,112
여성,50대,46.7,상급자,재활/건강,시티드 로우 머신,17.5,16,3,95
여성,10대,60.2,중급자,근비대,체스트 프레스 머신,32.5,9,3,60
여성,20대,47.1,중급자,근비대,숄더 프레스 머신,27.5,10,3,63
남성,10대,58.9,초보자,근비대,사이드 레터럴 레이즈,17.5,8,3,88
남성,40대,90.4,중급자,재활/건강,페이스 풀,27.5,16,2,94
여성,20대,44.8,중급자,다이어트,어시스트 풀업 머신,17.5,16,3,39
여성,50대,67.3,상급자,재활/건강,페이스 풀,20.0,19,2,103
여성,20대,46.4,중급자,다이어트,루마니안 데드리프트,12.5,19,3,40
여성,20대,67.8,초보자,스트렝스,숄더 프레스 머신,22.5,3,5,159
여성,20대,67.9,상급자,근비대,페이스 풀,40.0,12,3,86
남성,30대,74.7,중급자,스트렝스,바벨 스쿼트,52.5,4,4,151
남성,40대,56.6,중급자,재활/건강,어시스트 풀업 머신,20.0,19,2,111
남성,50대,73.3,초보자,근비대,페이스 풀,22.5,11,4,79
남성,20대,84.0,중급자,다이어트,레그 프레스 머신,52.5,15,3,38
여성,50대,47.4,초보자,스트렝스,어시스트 풀업 머신,15.0,4,4,127
남성,40대,69.6,상급자,근비대,사이드 레터럴 레이즈,65.0,10,3,71
여성,10대,56.8,상급자,다이어트,바벨 로우,25.0,16,3,36
남성,20대,67.1,중급자,다이어트,체스트 프레스 머신,47.5,17,3,55
남성,60대 이상,66.1,중급자,근비대,오버헤드 프레스,42.5,9,3,89
남성,40대,78.5,상급자,재활/건강,루마니안 데드리프트,30.0,18,2,90
여성,40대,65.1,초보자,다이어트,바벨 스쿼트,10.0,17,3,32
남성,60대 이상,80.0,초보자,재활/건강,레그 컬 머신,15.0,20,2,116
여성,20대,53.0,초보자,스트렝스,워킹 런지,12.5,3,5,128
여성,30대,63.5,중급자,근비대,시티드 로우 머신,35.0,11,4,68
여성,10대,70.5,중급자,재활/건강,오버헤드 프레스,12.5,19,2,104
남성,40대,89.8,초보자,다이어트,레그 익스텐션 머신,30.0,16,3,44
여성,10대,52.6,상급자,재활/건강,벤치프레스,15.0,16,2,96
남성,60대 이상,65.4,중급자,근비대,워킹 런지,40.0,8,3,74
여성,40대,57.5,초보자,다이어트,바벨 스쿼트,7.5,16,3,42
여성,60대 이상,51.1,중급자,근비대,레그 컬 머신,27.5,11,3,88
여성,50대,46.8,중급자,스트렝스,시티드 로우 머신,30.0,4,5,142
여성,10대,65.3,초보자,다이어트,펙덱 플라이 머신,15.0,19,3,31
여성,40대,50.6,상급자,근비대,워킹 런지,30.0,11,3,76
남성,50대,80.9,중급자,다이어트,펙덱 플라이 머신,57.5,17,3,35
여성,40대,58.0,중급자,재활/건강,체스트 프레스 머신,15.0,19,3,96
여성,10대,62.3,상급자,근비대,벤치프레스,37.5,8,3,76
남성,30대,73.1,상급자,재활/건강,시티드 로우 머신,45.0,17,3,115
여성,30대,51.8,초보자,재활/건강,워킹 런지,5.0,16,2,98
여성,10대,57.4,상급자,스트렝스,시티드 로우 머신,65.0,4,5,120
남성,30대,74.0,중급자,재활/건강,펙덱 플라이 머신,32.5,16,2,90
남성,40대,83.9,초보자,스트렝스,숄더 프레스 머신,47.5,4,4,175
여성,10대,46.6,초보자,스트렝스,사이드 레터럴 레이즈,10.0,3,5,122
여성,10대,40.9,상급자,재활/건강,인클라인 덤벨 프레스,12.5,20,3,119
남성,60대 이상,76.7,초보자,재활/건강,바벨 로우,12.5,16,3,112
남성,20대,71.8,초보자,스트렝스,사이드 레터럴 레이즈,25.0,5,5,176
남성,60대 이상,66.1,상급자,근비대,레그 컬 머신,90.0,11,4,71
여성,30대,52.5,초보자,근비대,바벨 로우,10.0,10,3,84
남성,60대 이상,66.2,상급자,재활/건강,어시스트 풀업 머신,47.5,19,3,91
여성,40대,50.2,상급자,다이어트,바벨 로우,20.0,20,3,46
여성,50대,49.5,초보자,스트렝스,벤치프레스,10.0,5,4,120
남성,30대,87.7,중급자,스트렝스,체스트 프레스 머신,92.5,4,5,143
남성,20대,71.5,상급자,스트렝스,바벨 스쿼트,80.0,5,5,174
여성,50대,54.0,상급자,스트렝스,레그 컬 머신,57.5,5,5,137
남성,50대,75.1,상급자,근비대,루마니안 데드리프트,67.5,10,3,82
여성,30대,50.7,중급자,근비대,루마니안 데드리프트,20.0,9,4,81
남성,60대 이상,73.5,중급자,스트렝스,레그 익스텐션 머신,75.0,3,4,136
여성,50대,66.8,중급자,다이어트,사이드 레터럴 레이즈,17.5,20,3,52
남성,50대,69.4,상급자,스트렝스,시티드 로우 머신,112.5,5,4,178
남성,50대,80.0,중급자,재활/건강,벤치프레스,25.0,19,2,109
여성,40대,50.0,초보자,다이어트,시티드 로우 머신,10.0,19,3,41
여성,50대,38.3,중급자,다이어트,사이드 레터럴 레이즈,10.0,17,3,49
여성,30대,58.1,초보자,재활/건강,루마니안 데드리프트,5.0,16,2,116
여성,60대 이상,50.3,중급자,다이어트,오버헤드 프레스,15.0,15,3,31
여성,30대,46.3,중급자,재활/건강,펙덱 플라이 머신,12.5,20,2,101
남성,50대,72.6,초보자,재활/건강,랫 풀다운 머신,15.0,17,3,119
여성,20대,56.3,초보자,다이어트,레그 컬 머신,10.0,17,3,51
남성,10대,91.9,초보자,다이어트,오버헤드 프레스,20.0,18,3,32
여성,50대,52.6,초보자,근비대,사이드 레터럴 레이즈,10.0,10,3,65
여성,50대,53.3,초보자,스트렝스,숄더 프레스 머신,17.5,5,5,153
남성,10대,66.9,상급자,다이어트,펙덱 플라이 머신,72.5,16,3,33
남성,10대,76.8,중급자,스트렝스,랫 풀다운 머신,82.5,3,5,161
남성,60대 이상,94.2,상급자,다이어트,펙덱 플라이 머신,87.5,18,3,56
남성,20대,76.0,중급자,다이어트,레그 컬 머신,50.0,18,3,45
남성,40대,76.1,상급자,다이어트,바벨 로우,52.5,15,3,43
여성,30대,49.7,상급자,근비대,펙덱 플라이 머신,45.0,10,3,82
남성,10대,68.5,중급자,스트렝스,바벨 스쿼트,47.5,4,4,170
남성,50대,62.7,중급자,근비대,레그 컬 머신,57.5,8,4,78
남성,50대,90.2,중급자,다이어트,벤치프레스,37.5,16,3,48
여성,50대,57.8,상급자,다이어트,워킹 런지,25.0,17,3,59
여성,50대,51.8,상급자,재활/건강,벤치프레스,15.0,16,3,90
여성,40대,49.8,상급자,다이어트,레그 프레스 머신,35.0,15,3,59
남성,60대 이상,72.1,초보자,재활/건강,랫 풀다운 머신,15.0,19,2,92
여성,30대,46.6,상급자,근비대,레그 프레스 머신,42.5,12,3,72
남성,10대,70.2,중급자,다이어트,워킹 런지,32.5,15,3,43
남성,30대,78.9,상급자,근비대,사이드 레터럴 레이즈,70.0,11,3,61
남성,60대 이상,72.4,상급자,근비대,랫 풀다운 머신,92.5,11,4,70
남성,20대,82.4,상급자,다이어트,워킹 런지,52.5,19,3,52
여성,50대,64.0,초보자,근비대,사이드 레터럴 레이즈,12.5,8,3,80
남성,30대,88.5,초보자,근비대,벤치프레스,25.0,8,4,70
여성,30대,46.2,상급자,스트렝스,바벨 스쿼트,35.0,5,5,121
여성,10대,65.2,상급자,스트렝스,워킹 런지,47.5,4,5,179
여성,20대,62.8,초보자,재활/건강,랫 풀다운 머신,7.5,20,3,106
여성,60대 이상,55.7,초보자,다이어트,시티드 로우 머신,10.0,17,3,56
여성,40대,53.8,중급자,근비대,벤치프레스,20.0,9,4,86
남성,50대,76.7,상급자,근비대,오버헤드 프레스,70.0,12,3,67
남성,60대 이상,74.7,초보자,재활/건강,시티드 로우 머신,15.0,15,3,101
여성,30대,66.0,초보자,근비대,페이스 풀,12.5,9,4,80
남성,10대,57.5,중급자,스트렝스,루마니안 데드리프트,42.5,5,4,152
남성,50대,64.9,상급자,스트렝스,바벨 스쿼트,72.5,5,4,139
남성,60대 이상,68.3,초보자,재활/건강,벤치프레스,10.0,16,3,90
남성,60대 이상,68.5,중급자,근비대,레그 익스텐션 머신,57.5,8,4,78
남성,50대,78.7,상급자,근비대,인클라인 덤벨 프레스,67.5,8,4,89
여성,60대 이상,45.9,상급자,근비대,숄더 프레스 머신,40.0,10,4,79
여성,30대,46.2,중급자,스트렝스,체스트 프레스 머신,30.0,3,4,168
여성,60대 이상,54.6,중급자,근비대,랫 풀다운 머신,30.0,11,4,77
여성,30대,56.2,상급자,다이어트,레그 익스텐션 머신,37.5,19,3,38
여성,50대,55.5,중급자,근비대,숄더 프레스 머신,30.0,12,4,63
남성,40대,77.4,상급자,다이어트,숄더 프레스 머신,77.5,17,3,38
남성,60대 이상,71.5,상급자,근비대,사이드 레터럴 레이즈,67.5,8,4,86
남성,50대,83.2,초보자,스트렝스,숄더 프레스 머신,42.5,4,4,139
남성,10대,93.4,중급자,다이어트,페이스 풀,37.5,17,3,58
여성,50대,48.3,중급자,스트렝스,벤치프레스,22.5,5,5,120
남성,40대,73.0,초보자,재활/건강,페이스 풀,10.0,16,2,101
여성,50대,40.0,중급자,재활/건강,레그 컬 머신,10.0,17,3,107
여성,50대,52.8,초보자,재활/건강,시티드 로우 머신,7.5,17,3,91
여성,40대,47.7,중급자,다이어트,펙덱 플라이 머신,20.0,15,3,45
남성,20대,62.6,상급자,다이어트,펙덱 플라이 머신,60.0,15,3,39
여성,60대 이상,64.0,상급자,재활/건강,페이스 풀,20.0,20,3,119
여성,40대,56.3,중급자,근비대,오버헤드 프레스,20.0,12,3,77
남성,50대,81.8,초보자,다이어트,바벨 로우,20.0,20,3,60
남성,10대,99.5,초보자,스트렝스,레그 프레스 머신,52.5,4,4,149
여성,20대,51.6,상급자,근비대,랫 풀다운 머신,47.5,12,3,73
여성,10대,54.8,초보자,다이어트,시티드 로우 머신,10.0,16,3,37
남성,30대,84.2,초보자,근비대,페이스 풀,27.5,11,3,88
남성,60대 이상,82.5,상급자,재활/건강,레그 컬 머신,50.0,20,2,102
여성,40대,52.7,중급자,근비대,인클라인 덤벨 프레스,20.0,12,3,65
여성,30대,50.4,초보자,다이어트,벤치프레스,7.5,16,3,30
남성,30대,88.2,초보자,근비대,숄더 프레스 머신,40.0,12,4,76
여성,40대,58.1,상급자,스트렝스,루마니안 데드리프트,40.0,4,5,130
여성,20대,55.0,상급자,근비대,루마니안 데드리프트,32.5,10,3,88
여성,20대,68.2,상급자,스트렝스,바벨 로우,47.5,5,4,150
남성,20대,77.2,상급자,스트렝스,바벨 로우,85.0,4,5,163
남성,40대,74.0,상급자,재활/건강,바벨 로우,35.0,16,2,107
여성,10대,57.9,상급자,스트렝스,어시스트 풀업 머신,60.0,3,5,132
여성,50대,45.5,중급자,다이어트,랫 풀다운 머신,17.5,16,3,50
여성,10대,50.0,중급자,스트렝스,인클라인 덤벨 프레스,22.5,5,4,147
남성,30대,60.4,초보자,재활/건강,랫 풀다운 머신,12.5,16,3,110
남성,40대,96.0,중급자,다이어트,바벨 스쿼트,42.5,19,3,48
남성,60대 이상,88.1,초보자,스트렝스,오버헤드 프레스,32.5,5,5,129
남성,10대,57.7,상급자,다이어트,인클라인 덤벨 프레스,40.0,18,3,49
남성,20대,65.1,상급자,다이어트,펙덱 플라이 머신,70.0,18,3,50
남성,40대,71.5,중급자,다이어트,레그 익스텐션 머신,45.0,15,3,31
여성,60대 이상,64.0,상급자,스트렝스,펙덱 플라이 머신,67.5,3,4,176
남성,20대,63.9,상급자,재활/건강,벤치프레스,27.5,18,2,107
남성,10대,63.2,중급자,스트렝스,바벨 스쿼트,45.0,3,5,169
여성,30대,45.6,초보자,재활/건강,랫 풀다운 머신,5.0,15,3,117
여성,20대,69.8,초보자,재활/건강,펙덱 플라이 머신,7.5,17,3,100
여성,30대,59.6,초보자,근비대,벤치프레스,10.0,9,3,79
여성,40대,51.9,초보자,근비대,루마니안 데드리프트,10.0,11,3,87
남성,40대,60.4,초보자,다이어트,바벨 로우,12.5,20,3,35
여성,50대,35.6,상급자,다이어트,루마니안 데드리프트,15.0,19,3,36
여성,40대,28.5,중급자,다이어트,오버헤드 프레스,7.5,19,3,33
남성,40대,72.5,상급자,근비대,레그 컬 머신,102.5,12,3,61
여성,60대 이상,64.1,초보자,재활/건강,어시스트 풀업 머신,7.5,15,2,113
여성,40대,69.1,상급자,근비대,레그 프레스 머신,62.5,8,4,74
여성,30대,62.6,초보자,근비대,벤치프레스,12.5,12,3,80
남성,20대,99.8,초보자,근비대,체스트 프레스 머신,47.5,9,4,63
남성,40대,70.0,중급자,근비대,워킹 런지,40.0,9,3,80
여성,20대,52.5,초보자,다이어트,레그 익스텐션 머신,10.0,16,3,48
여성,10대,50.7,초보자,스트렝스,벤치프레스,10.0,5,4,178
남성,30대,85.7,중급자,재활/건강,페이스 풀,25.0,19,2,112
여성,30대,56.8,초보자,근비대,시티드 로우 머신,17.5,12,3,70
남성,30대,63.2,중급자,근비대,벤치프레스,40.0,8,3,65
남성,60대 이상,75.8,상급자,근비대,레그 프레스 머신,97.5,11,4,79
남성,40대,81.8,중급자,근비대,사이드 레터럴 레이즈,47.5,12,3,72
여성,20대,66.9,상급자,재활/건강,시티드 로우 머신,30.0,19,3,100
남성,10대,80.6,중급자,재활/건강,루마니안 데드리프트,25.0,18,3,113
남성,30대,88.1,초보자,재활/건강,워킹 런지,12.5,18,3,103
남성,30대,78.4,초보자,근비대,바벨 스쿼트,22.5,12,4,62
남성,10대,75.2,초보자,다이어트,레그 프레스 머신,27.5,19,3,32
여성,20대,60.1,중급자,재활/건강,바벨 스쿼트,10.0,18,3,103
여성,10대,50.1,초보자,근비대,페이스 풀,10.0,8,3,84
남성,40대,86.9,초보자,스트렝스,워킹 런지,30.0,3,5,178
여성,40대,59.6,중급자,스트렝스,펙덱 플라이 머신,40.0,3,5,173
남성,30대,76.5,상급자,재활/건강,바벨 스쿼트,27.5,19,3,112
남성,20대,59.3,상급자,다이어트,펙덱 플라이 머신,62.5,19,3,35
여성,60대 이상,46.7,상급자,재활/건강,숄더 프레스 머신,17.5,15,3,101
여성,10대,42.5,상급자,근비대,랫 풀다운 머신,37.5,12,3,84
남성,10대,67.8,중급자,다이어트,레그 프레스 머신,42.5,15,3,35
남성,50대,89.5,초보자,근비대,페이스 풀,27.5,10,3,90
남성,10대,88.2,중급자,스트렝스,루마니안 데드리프트,65.0,5,5,160
여성,10대,56.3,상급자,스트렝스,바벨 스쿼트,42.5,4,4,138
남성,30대,73.2,상급자,스트렝스,바벨 스쿼트,75.0,5,5,154
남성,40대,85.9,상급자,재활/건강,어시스트 풀업 머신,52.5,18,2,103
여성,60대 이상,54.5,상급자,스트렝스,레그 익스텐션 머신,60.0,3,5,155
남성,50대,71.9,중급자,근비대,루마니안 데드리프트,45.0,8,4,89
남성,10대,62.5,초보자,근비대,사이드 레터럴 레이즈,20.0,8,4,87
남성,40대,45.6,중급자,재활/건강,바벨 로우,15.0,15,3,105
여성,50대,60.3,초보자,근비대,오버헤드 프레스,10.0,11,4,76
여성,20대,46.7,상급자,다이어트,레그 컬 머신,32.5,17,3,43
남성,30대,73.7,상급자,스트렝스,어시스트 풀업 머신,115.0,5,4,174
여성,50대,48.1,중급자,재활/건강,오버헤드 프레스,7.5,20,2,93
남성,50대,85.9,초보자,근비대,체스트 프레스 머신,37.5,8,4,69
여성,20대,51.6,중급자,근비대,체스트 프레스 머신,30.0,8,3,70
남성,60대 이상,65.1,초보자,근비대,벤치프레스,20.0,11,3,76
남성,10대,78.7,상급자,근비대,루마니안 데드리프트,70.0,8,3,75
남성,50대,63.5,상급자,스트렝스,숄더 프레스 머신,105.0,5,4,141
남성,50대,90.8,중급자,근비대,바벨 로우,52.5,12,3,67
여성,10대,56.0,상급자,스트렝스,벤치프레스,42.5,4,5,164
남성,20대,67.8,초보자,재활/건강,레그 컬 머신,12.5,17,2,95
여성,50대,58.6,상급자,재활/건강,페이스 풀,17.5,18,2,120
여성,50대,56.6,초보자,재활/건강,랫 풀다운 머신,7.5,19,2,90
남성,30대,65.8,초보자,다이어트,레그 컬 머신,20.0,18,3,52
남성,10대,59.3,초보자,근비대,사이드 레터럴 레이즈,20.0,10,4,88
남성,50대,70.3,중급자,다이어트,오버헤드 프레스,32.5,20,3,45
여성,60대 이상,41.4,중급자,근비대,인클라인 덤벨 프레스,15.0,12,4,63
여성,40대,64.1,중급자,재활/건강,오버헤드 프레스,12.5,18,3,103
남성,40대,100.3,초보자,다이어트,랫 풀다운 머신,35.0,20,3,54
여성,10대,50.1,중급자,근비대,바벨 스쿼트,20.0,11,3,87
남성,10대,64.1,중급자,스트렝스,벤치프레스,45.0,3,4,172
여성,50대,46.9,중급자,다이어트,바벨 스쿼트,12.5,20,3,38
남성,10대,80.8,초보자,다이어트,바벨 로우,20.0,15,3,52
여성,50대,45.7,상급자,다이어트,숄더 프레스 머신,32.5,18,3,45
여성,50대,66.8,중급자,재활/건강,바벨 스쿼트,10.0,17,3,99
남성,60대 이상,69.2,중급자,다이어트,루마니안 데드리프트,30.0,15,3,46
여성,20대,44.0,상급자,재활/건강,레그 컬 머신,20.0,18,3,109
남성,40대,65.0,초보자,근비대,사이드 레터럴 레이즈,20.0,8,3,70
남성,30대,75.1,상급자,다이어트,숄더 프레스 머신,77.5,17,3,54
여성,50대,59.5,중급자,다이어트,오버헤드 프레스,15.0,16,3,55
여성,40대,47.9,중급자,재활/건강,바벨 스쿼트,7.5,17,3,114
남성,60대 이상,73.8,초보자,다이어트,시티드 로우 머신,27.5,19,3,59
여성,20대,71.0,중급자,근비대,인클라인 덤벨 프레스,25.0,11,3,63
남성,10대,80.9,초보자,재활/건강,사이드 레터럴 레이즈,12.5,19,3,100
남성,40대,65.7,상급자,근비대,페이스 풀,60.0,12,3,69
여성,50대,44.7,초보자,재활/건강,사이드 레터럴 레이즈,5.0,16,3,95
남성,40대,69.0,중급자,재활/건강,시티드 로우 머신,30.0,16,2,113
여성,30대,51.8,초보자,스트렝스,워킹 런지,10.0,3,5,165
여성,50대,71.9,중급자,스트렝스,벤치프레스,35.0,3,4,122
남성,50대,71.9,초보자,스트렝스,바벨 스쿼트,25.0,3,4,151
여성,40대,59.5,상급자,다이어트,바벨 스쿼트,25.0,17,3,38
여성,10대,40.2,상급자,근비대,바벨 로우,25.0,12,4,70
남성,50대,79.3,상급자,스트렝스,랫 풀다운 머신,127.5,3,4,179
남성,60대 이상,77.9,상급자,재활/건강,랫 풀다운 머신,47.5,16,3,113
남성,10대,91.9,상급자,재활/건강,벤치프레스,42.5,16,3,120
남성,50대,64.8,중급자,스트렝스,어시스트 풀업 머신,75.0,4,4,158
남성,50대,74.4,중급자,근비대,바벨 스쿼트,42.5,10,4,70
남성,60대 이상,87.9,초보자,재활/건강,펙덱 플라이 머신,20.0,20,3,113
남성,60대 이상,77.0,상급자,다이어트,벤치프레스,50.0,16,3,53
여성,40대,69.5,초보자,다이어트,벤치프레스,10.0,16,3,43
남성,40대,82.9,초보자,재활/건강,레그 익스텐션 머신,17.5,17,3,101
여성,60대 이상,53.8,상급자,재활/건강,워킹 런지,15.0,18,2,99
여성,30대,79.5,중급자,재활/건강,레그 프레스 머신,22.5,20,2,98
남성,40대,92.9,초보자,다이어트,페이스 풀,20.0,17,3,31
남성,60대 이상,63.2,중급자,다이어트,바벨 스쿼트,27.5,20,3,49
여성,30대,61.3,중급자,스트렝스,체스트 프레스 머신,42.5,3,4,167
남성,30대,75.1,초보자,근비대,시티드 로우 머신,32.5,9,3,74
여성,50대,49.8,초보자,근비대,워킹 런지,10.0,9,4,78
남성,50대,74.7,상급자,다이어트,페이스 풀,45.0,17,3,35
여성,60대 이상,58.9,상급자,스트렝스,체스트 프레스 머신,62.5,5,5,167
여성,10대,54.5,중급자,스트렝스,레그 프레스 머신,35.0,5,4,153
남성,50대,67.6,중급자,스트렝스,워킹 런지,47.5,4,5,166
여성,40대,61.5,상급자,근비대,체스트 프레스 머신,52.5,8,4,66
여성,10대,45.4,상급자,재활/건강,랫 풀다운 머신,17.5,20,2,95
남성,40대,78.4,초보자,스트렝스,랫 풀다운 머신,40.0,5,5,172
여성,20대,37.1,상급자,재활/건강,벤치프레스,10.0,20,3,104
남성,50대,78.6,상급자,근비대,시티드 로우 머신,110.0,8,3,66
남성,50대,70.7,상급자,재활/건강,루마니안 데드리프트,32.5,19,3,117
여성,50대,63.3,상급자,근비대,바벨 스쿼트,40.0,8,3,68
여성,60대 이상,67.2,초보자,스트렝스,어시스트 풀업 머신,22.5,5,5,124
여성,20대,57.9,상급자,다이어트,레그 익스텐션 머신,40.0,20,3,50
여성,50대,51.5,상급자,재활/건강,어시스트 풀업 머신,20.0,16,2,102
남성,20대,79.7,중급자,재활/건강,펙덱 플라이 머신,35.0,15,2,98
남성,60대 이상,62.8,상급자,재활/건강,페이스 풀,22.5,19,3,106
여성,50대,67.2,초보자,다이어트,숄더 프레스 머신,12.5,19,3,58
여성,40대,63.0,초보자,재활/건강,페이스 풀,5.0,18,2,92
여성,20대,55.9,중급자,스트렝스,시티드 로우 머신,37.5,5,5,135
여성,20대,39.4,중급자,근비대,페이스 풀,15.0,9,3,84
여성,40대,52.9,상급자,다이어트,루마니안 데드리프트,22.5,17,3,58
남성,30대,66.6,초보자,재활/건강,랫 풀다운 머신,12.5,16,3,111
여성,30대,48.6,상급자,스트렝스,바벨 로우,32.5,4,5,133
여성,10대,52.5,초보자,재활/건강,시티드 로우 머신,7.5,16,3,100
남성,10대,82.4,상급자,스트렝스,인클라인 덤벨 프레스,87.5,5,4,168
여성,50대,69.7,초보자,재활/건강,인클라인 덤벨 프레스,5.0,20,2,102
여성,30대,57.1,중급자,스트렝스,랫 풀다운 머신,37.5,3,5,141
여성,10대,57.1,상급자,스트렝스,랫 풀다운 머신,65.0,3,5,164
여성,60대 이상,42.2,중급자,스트렝스,랫 풀다운 머신,27.5,5,5,135
남성,30대,70.9,중급자,스트렝스,레그 프레스 머신,80.0,3,5,138
남성,30대,80.3,중급자,근비대,바벨 스쿼트,45.0,9,4,63
남성,30대,65.5,중급자,재활/건강,레그 익스텐션 머신,27.5,18,3,98
여성,60대 이상,57.6,중급자,다이어트,바벨 로우,15.0,17,3,39
남성,20대,59.8,초보자,근비대,오버헤드 프레스,17.5,8,3,61
여성,10대,53.9,상급자,재활/건강,레그 컬 머신,25.0,16,2,100
여성,10대,57.6,중급자,다이어트,어시스트 풀업 머신,25.0,20,3,33
여성,60대 이상,54.6,중급자,다이어트,숄더 프레스 머신,22.5,18,3,39
여성,40대,45.3,중급자,스트렝스,벤치프레스,20.0,3,4,146
남성,60대 이상,73.8,중급자,스트렝스,레그 익스텐션 머신,80.0,4,5,121
남성,60대 이상,49.3,상급자,다이어트,인클라인 덤벨 프레스,30.0,20,3,54
남성,50대,65.2,상급자,스트렝스,루마니안 데드리프트,70.0,4,5,133
여성,40대,53.7,중급자,재활/건강,페이스 풀,10.0,19,3,97
여성,60대 이상,57.5,상급자,근비대,펙덱 플라이 머신,50.0,12,3,66
남성,50대,75.0,상급자,스트렝스,바벨 스쿼트,85.0,4,5,131
남성,30대,60.2,중급자,다이어트,레그 프레스 머신,42.5,20,3,53
남성,40대,77.4,상급자,스트렝스,워킹 런지,85.0,4,4,125
여성,40대,52.5,중급자,스트렝스,바벨 로우,25.0,3,5,156
여성,40대,51.7,초보자,스트렝스,레그 익스텐션 머신,17.5,5,5,154
여성,50대,63.6,초보자,재활/건강,페이스 풀,5.0,15,2,102
여성,60대 이상,62.9,중급자,스트렝스,레그 컬 머신,40.0,4,5,154
남성,50대,50.5,상급자,스트렝스,오버헤드 프레스,55.0,4,4,159
여성,50대,48.0,중급자,근비대,레그 프레스 머신,27.5,10,4,78
남성,20대,87.3,상급자,스트렝스,페이스 풀,92.5,5,4,144
여성,30대,42.9,중급자,스트렝스,랫 풀다운 머신,30.0,4,4,160
남성,30대,62.1,상급자,근비대,레그 컬 머신,82.5,11,4,60
여성,30대,46.7,중급자,스트렝스,레그 프레스 머신,30.0,5,4,170
여성,20대,46.6,중급자,스트렝스,체스트 프레스 머신,32.5,4,4,121
여성,10대,45.1,초보자,다이어트,바벨 스쿼트,5.0,18,3,50
남성,20대,68.8,중급자,근비대,레그 컬 머신,65.0,11,4,86
여성,20대,54.2,상급자,다이어트,인클라인 덤벨 프레스,25.0,16,3,36
남성,10대,79.6,상급자,재활/건강,바벨 로우,37.5,15,3,90
남성,20대,78.1,중급자,재활/건강,숄더 프레스 머신,30.0,17,3,110
남성,60대 이상,85.5,중급자,스트렝스,워킹 런지,57.5,4,5,124
여성,40대,54.7,중급자,근비대,바벨 로우,22.5,12,4,82
남성,60대 이상,71.0,상급자,재활/건강,어시스트 풀업 머신,45.0,15,2,116
남성,50대,69.1,중급자,근비대,레그 프레스 머신,65.0,10,3,69
남성,60대 이상,50.9,초보자,스트렝스,체스트 프레스 머신,27.5,3,4,122
남성,30대,77.4,초보자,근비대,루마니안 데드리프트,22.5,8,3,67
여성,50대,51.3,상급자,근비대,사이드 레터럴 레이즈,30.0,8,4,77
여성,60대 이상,59.4,상급자,다이어트,숄더 프레스 머신,37.5,17,3,37
남성,30대,84.0,초보자,스트렝스,바벨 스쿼트,30.0,5,4,179
남성,20대,65.4,중급자,스트렝스,바벨 스쿼트,50.0,4,5,129
여성,20대,54.0,초보자,다이어트,페이스 풀,7.5,15,3,45
남성,20대,73.8,중급자,재활/건강,시티드 로우 머신,32.5,19,2,105
남성,20대,68.7,중급자,다이어트,바벨 로우,30.0,20,3,33
남성,40대,72.1,초보자,스트렝스,어시스트 풀업 머신,37.5,4,5,160
남성,20대,89.8,중급자,재활/건강,시티드 로우 머신,35.0,20,2,116
여성,40대,41.2,초보자,재활/건강,벤치프레스,5.0,17,2,93
남성,10대,68.8,중급자,재활/건강,루마니안 데드리프트,22.5,15,2,96
남성,20대,80.4,중급자,근비대,사이드 레터럴 레이즈,45.0,11,4,67
남성,20대,92.7,중급자,근비대,벤치프레스,52.5,9,4,88
여성,20대,56.2,초보자,재활/건강,체스트 프레스 머신,7.5,17,2,105
여성,30대,47.5,상급자,스트렝스,바벨 로우,32.5,3,4,144
남성,10대,85.5,중급자,스트렝스,루마니안 데드리프트,62.5,4,4,178
여성,10대,54.2,상급자,근비대,펙덱 플라이 머신,45.0,11,4,79
남성,10대,94.8,상급자,스트렝스,루마니안 데드리프트,105.0,3,4,138
남성,10대,84.5,초보자,근비대,바벨 로우,27.5,8,4,63
여성,20대,48.5,상급자,스트렝스,오버헤드 프레스,35.0,5,4,123
남성,10대,82.3,상급자,재활/건강,벤치프레스,35.0,19,2,111
남성,10대,72.7,초보자,근비대,레그 컬 머신,32.5,11,4,63
남성,50대,83.9,중급자,근비대,워킹 런지,50.0,8,4,75
남성,10대,57.9,중급자,재활/건강,랫 풀다운 머신,22.5,20,3,96
남성,40대,74.6,초보자,재활/건강,펙덱 플라이 머신,12.5,16,2,101
남성,60대 이상,79.6,상급자,스트렝스,펙덱 플라이 머신,135.0,5,5,162
남성,60대 이상,71.6,초보자,스트렝스,랫 풀다운 머신,40.0,4,5,151
남성,10대,80.6,상급자,다이어트,시티드 로우 머신,82.5,18,3,54
남성,30대,75.4,상급자,재활/건강,페이스 풀,32.5,16,2,95
남성,10대,66.4,초보자,재활/건강,펙덱 플라이 머신,12.5,18,2,93
남성,30대,82.0,중급자,재활/건강,체스트 프레스 머신,37.5,17,3,97
남성,20대,89.6,상급자,스트렝스,랫 풀다운 머신,142.5,5,4,180
여성,40대,58.4,초보자,스트렝스,워킹 런지,12.5,4,4,164
여성,60대 이상,69.6,초보자,스트렝스,루마니안 데드리프트,15.0,5,4,122
여성,60대 이상,61.5,중급자,근비대,바벨 로우,22.5,8,3,65
여성,50대,49.2,상급자,다이어트,시티드 로우 머신,30.0,19,3,51
여성,10대,57.3,초보자,다이어트,레그 프레스 머신,12.5,17,3,51
여성,50대,52.8,상급자,근비대,벤치프레스,32.5,12,3,61
남성,40대,74.2,초보자,재활/건강,인클라인 덤벨 프레스,10.0,18,2,120
남성,50대,86.4,상급자,다이어트,인클라인 덤벨 프레스,60.0,20,3,38
남성,50대,87.4,초보자,스트렝스,레그 익스텐션 머신,45.0,3,5,148
남성,10대,80.6,초보자,근비대,레그 컬 머신,37.5,10,3,63
여성,20대,52.1,초보자,다이어트,인클라인 덤벨 프레스,7.5,19,3,42
남성,50대,95.3,상급자,스트렝스,레그 프레스 머신,157.5,5,5,166
남성,10대,65.8,초보자,스트렝스,레그 익스텐션 머신,35.0,5,5,141
남성,50대,75.9,상급자,재활/건강,시티드 로우 머신,55.0,17,2,91
남성,60대 이상,65.3,초보자,재활/건강,체스트 프레스 머신,15.0,19,3,95
남성,30대,56.7,상급자,다이어트,바벨 스쿼트,40.0,19,3,46
남성,50대,69.0,상급자,스트렝스,레그 익스텐션 머신,110.0,3,5,164
여성,20대,51.2,중급자,재활/건강,레그 익스텐션 머신,15.0,19,2,111
여성,50대,55.7,상급자,스트렝스,펙덱 플라이 머신,57.5,4,5,129
남성,30대,81.1,상급자,근비대,어시스트 풀업 머신,102.5,10,3,80
여성,50대,70.2,초보자,근비대,루마니안 데드리프트,12.5,11,3,79
여성,20대,56.7,상급자,스트렝스,페이스 풀,40.0,3,5,140
여성,50대,40.0,상급자,재활/건강,인클라인 덤벨 프레스,12.5,18,3,101
남성,60대 이상,74.0,상급자,재활/건강,루마니안 데드리프트,32.5,18,3,97
여성,50대,56.4,중급자,근비대,인클라인 덤벨 프레스,20.0,10,4,70
남성,20대,78.5,중급자,다이어트,워킹 런지,32.5,16,3,55
여성,40대,47.1,상급자,근비대,체스트 프레스 머신,42.5,10,3,64
여성,50대,47.5,상급자,재활/건강,랫 풀다운 머신,22.5,20,2,103
여성,10대,54.4,중급자,스트렝스,오버헤드 프레스,25.0,4,4,158
남성,60대 이상,58.8,초보자,다이어트,오버헤드 프레스,12.5,15,3,52
여성,20대,74.0,상급자,다이어트,숄더 프레스 머신,52.5,20,3,40
여성,30대,83.7,중급자,재활/건강,벤치프레스,15.0,18,2,105
남성,60대 이상,80.2,중급자,다이어트,바벨 로우,35.0,16,3,55
여성,60대 이상,54.8,상급자,다이어트,루마니안 데드리프트,22.5,18,3,51
여성,40대,43.4,중급자,재활/건강,레그 컬 머신,10.0,19,2,90
여성,10대,56.0,초보자,다이어트,루마니안 데드리프트,7.5,15,3,47
여성,10대,43.9,중급자,다이어트,오버헤드 프레스,12.5,20,3,36
여성,40대,46.3,중급자,다이어트,레그 컬 머신,20.0,18,3,39
남성,60대 이상,46.2,초보자,다이어트,숄더 프레스 머신,15.0,20,3,55
여성,30대,56.5,중급자,근비대,오버헤드 프레스,20.0,9,4,81
여성,40대,45.0,초보자,재활/건강,워킹 런지,2.5,18,3,116
여성,10대,46.4,중급자,근비대,루마니안 데드리프트,17.5,12,4,89
남성,10대,82.3,중급자,다이어트,레그 컬 머신,57.5,20,3,36
남성,20대,89.7,초보자,스트렝스,페이스 풀,30.0,3,4,125
여성,50대,55.2,초보자,재활/건강,오버헤드 프레스,5.0,18,3,91
남성,10대,78.1,중급자,스트렝스,벤치프레스,57.5,3,5,175
남성,40대,75.7,상급자,스트렝스,레그 컬 머신,117.5,3,4,172
남성,10대,84.5,상급자,다이어트,벤치프레스,52.5,20,3,42
여성,60대 이상,61.8,초보자,스트렝스,체스트 프레스 머신,22.5,4,5,152
여성,20대,38.0,상급자,다이어트,사이드 레터럴 레이즈,17.5,17,3,35
여성,60대 이상,59.7,상급자,스트렝스,인클라인 덤벨 프레스,40.0,5,4,141
여성,20대,58.5,상급자,재활/건강,시티드 로우 머신,27.5,17,2,93
남성,50대,77.6,중급자,재활/건강,바벨 로우,22.5,15,3,108
남성,40대,70.5,중급자,스트렝스,숄더 프레스 머신,72.5,3,4,145
남성,10대,72.3,상급자,재활/건강,루마니안 데드리프트,30.0,19,3,112
남성,10대,80.6,초보자,근비대,페이스 풀,25.0,12,4,62
여성,40대,64.0,초보자,근비대,랫 풀다운 머신,17.5,11,4,75
여성,20대,48.0,초보자,다이어트,워킹 런지,7.5,19,3,44
남성,40대,56.3,중급자,다이어트,인클라인 덤벨 프레스,25.0,16,3,49
남성,10대,63.3,중급자,재활/건강,인클라인 덤벨 프레스,15.0,16,3,118
여성,30대,51.0,초보자,스트렝스,사이드 레터럴 레이즈,12.5,4,5,134
남성,20대,75.9,중급자,스트렝스,레그 익스텐션 머신,82.5,3,5,164
남성,40대,104.5,중급자,다이어트,레그 컬 머신,67.5,15,3,48
남성,40대,75.9,중급자,재활/건강,페이스 풀,22.5,18,2,102
남성,50대,83.9,상급자,다이어트,바벨 스쿼트,50.0,16,3,55
여성,50대,43.9,중급자,다이어트,사이드 레터럴 레이즈,12.5,18,3,53
남성,20대,68.8,중급자,다이어트,바벨 로우,32.5,20,3,53
여성,30대,41.1,중급자,재활/건강,바벨 스쿼트,7.5,19,2,100
남성,20대,60.3,중급자,스트렝스,체스트 프레스 머신,67.5,4,5,138
여성,60대 이상,54.9,초보자,다이어트,벤치프레스,7.5,20,3,45
남성,60대 이상,64.3,초보자,스트렝스,루마니안 데드리프트,22.5,5,5,165
여성,20대,47.5,상급자,근비대,벤치프레스,30.0,9,3,81
여성,20대,55.7,중급자,재활/건강,숄더 프레스 머신,12.5,19,2,114
여성,40대,45.6,상급자,스트렝스,페이스 풀,35.0,4,5,124
여성,20대,45.1,중급자,스트렝스,바벨 로우,20.0,3,4,174
여성,60대 이상,50.6,초보자,스트렝스,워킹 런지,10.0,3,4,172
남성,20대,74.2,상급자,스트렝스,숄더 프레스 머신,115.0,4,4,158
남성,40대,73.6,중급자,근비대,레그 익스텐션 머신,62.5,9,3,85
남성,30대,83.0,중급자,다이어트,루마니안 데드리프트,35.0,16,3,37
여성,30대,48.7,중급자,스트렝스,랫 풀다운 머신,32.5,3,4,125
여성,10대,60.3,초보자,재활/건강,체스트 프레스 머신,10.0,16,3,104
여성,10대,65.3,초보자,스트렝스,레그 컬 머신,22.5,5,5,150
남성,20대,65.8,중급자,다이어트,바벨 로우,27.5,15,3,56
여성,30대,52.6,상급자,스트렝스,벤치프레스,37.5,4,4,145
남성,20대,84.2,상급자,재활/건강,레그 컬 머신,50.0,18,2,92
남성,10대,63.7,중급자,스트렝스,바벨 스쿼트,45.0,4,5,123
여성,50대,52.3,상급자,근비대,시티드 로우 머신,45.0,10,3,72
남성,30대,83.2,중급자,다이어트,인클라인 덤벨 프레스,35.0,17,3,47
여성,60대 이상,59.4,초보자,근비대,사이드 레터럴 레이즈,10.0,11,4,70
여성,60대 이상,49.9,초보자,스트렝스,인클라인 덤벨 프레스,10.0,5,4,121
남성,30대,67.8,중급자,스트렝스,사이드 레터럴 레이즈,50.0,5,5,123
여성,60대 이상,62.3,상급자,다이어트,인클라인 덤벨 프레스,25.0,19,3,59
여성,10대,54.3,중급자,근비대,페이스 풀,20.0,11,4,66
여성,20대,66.7,초보자,재활/건강,오버헤드 프레스,5.0,15,3,95
여성,20대,50.9,초보자,근비대,사이드 레터럴 레이즈,10.0,11,4,85
남성,30대,77.1,중급자,다이어트,오버헤드 프레스,35.0,19,3,60
남성,20대,81.4,중급자,근비대,워킹 런지,47.5,10,4,63
여성,20대,64.2,상급자,재활/건강,인클라인 덤벨 프레스,20.0,19,3,117
여성,20대,61.8,초보자,근비대,워킹 런지,12.5,11,4,60
남성,60대 이상,75.4,초보자,스트렝스,레그 컬 머신,40.0,5,4,172
남성,10대,66.3,중급자,다이어트,오버헤드 프레스,27.5,16,3,42
남성,40대,91.8,초보자,스트렝스,인클라인 덤벨 프레스,32.5,5,5,145
남성,30대,88.1,초보자,다이어트,시티드 로우 머신,32.5,18,3,44
여성,40대,43.2,중급자,근비대,레그 프레스 머신,22.5,11,3,76
남성,40대,61.6,초보자,스트렝스,레그 익스텐션 머신,35.0,3,5,158
남성,10대,103.6,초보자,재활/건강,체스트 프레스 머신,25.0,15,2,93
여성,20대,55.1,상급자,스트렝스,레그 프레스 머신,62.5,4,4,148
남성,20대,77.5,상급자,스트렝스,시티드 로우 머신,127.5,5,5,152
여성,50대,60.9,초보자,재활/건강,인클라인 덤벨 프레스,5.0,15,2,103
여성,60대 이상,55.2,초보자,다이어트,루마니안 데드리프트,7.5,20,3,60
여성,50대,58.2,초보자,다이어트,바벨 스쿼트,7.5,17,3,30
남성,30대,84.8,상급자,재활/건강,랫 풀다운 머신,50.0,16,3,118
남성,20대,87.5,중급자,재활/건강,인클라인 덤벨 프레스,27.5,15,3,92
남성,50대,71.8,초보자,재활/건강,사이드 레터럴 레이즈,12.5,19,3,119
남성,60대 이상,79.1,중급자,스트렝스,레그 프레스 머신,85.0,3,4,166
남성,50대,65.2,상급자,근비대,어시스트 풀업 머신,87.5,8,4,77
남성,10대,65.5,초보자,다이어트,어시스트 풀업 머신,20.0,17,3,58
여성,40대,58.4,상급자,재활/건강,레그 프레스 머신,25.0,18,2,114
남성,10대,76.6,중급자,근비대,어시스트 풀업 머신,65.0,9,3,83
남성,20대,81.8,상급자,다이어트,바벨 로우,50.0,17,3,47
여성,20대,52.1,중급자,근비대,오버헤드 프레스,20.0,10,4,79
남성,10대,71.7,초보자,근비대,오버헤드 프레스,20.0,11,3,62
여성,10대,52.6,상급자,스트렝스,바벨 스쿼트,40.0,5,5,131
남성,60대 이상,71.9,초보자,근비대,페이스 풀,22.5,9,4,63
여성,30대,68.5,상급자,다이어트,숄더 프레스 머신,45.0,19,3,50
남성,10대,80.7,중급자,재활/건강,랫 풀다운 머신,30.0,20,2,91
여성,30대,69.2,상급자,근비대,루마니안 데드리프트,40.0,10,4,80
남성,20대,69.1,중급자,스트렝스,레그 익스텐션 머신,75.0,4,4,129
남성,10대,83.7,초보자,스트렝스,레그 익스텐션 머신,47.5,5,4,179
여성,50대,39.5,초보자,재활/건강,레그 컬 머신,5.0,17,3,115
여성,20대,66.4,중급자,다이어트,오버헤드 프레스,17.5,16,3,37
여성,30대,52.7,중급자,근비대,시티드 로우 머신,27.5,11,3,90
남성,20대,79.2,초보자,다이어트,랫 풀다운 머신,27.5,18,3,31
남성,10대,84.9,초보자,재활/건강,페이스 풀,12.5,16,3,107
남성,30대,76.4,상급자,다이어트,루마니안 데드리프트,50.0,17,3,37
여성,20대,42.1,상급자,재활/건강,숄더 프레스 머신,17.5,17,3,110
남성,30대,69.7,초보자,근비대,인클라인 덤벨 프레스,20.0,9,3,77
여성,10대,55.3,중급자,스트렝스,숄더 프레스 머신,35.0,3,5,130
남성,40대,87.5,초보자,스트렝스,랫 풀다운 머신,50.0,5,5,132
여성,50대,61.5,상급자,근비대,루마니안 데드리프트,35.0,9,3,66
남성,50대,82.8,중급자,근비대,어시스트 풀업 머신,75.0,8,4,74
여성,30대,59.5,초보자,재활/건강,사이드 레터럴 레이즈,5.0,18,3,103
남성,60대 이상,51.7,초보자,근비대,체스트 프레스 머신,22.5,10,3,82
남성,60대 이상,76.8,중급자,다이어트,체스트 프레스 머신,55.0,16,3,43
여성,30대,52.3,상급자,근비대,인클라인 덤벨 프레스,32.5,11,3,62
남성,40대,82.3,초보자,재활/건강,레그 컬 머신,17.5,17,2,91
여성,30대,45.5,상급자,근비대,벤치프레스,30.0,12,4,71
여성,60대 이상,59.9,초보자,스트렝스,펙덱 플라이 머신,20.0,5,4,170
여성,20대,55.7,중급자,근비대,시티드 로우 머신,32.5,10,4,65
남성,10대,90.4,초보자,다이어트,시티드 로우 머신,30.0,18,3,49
여성,40대,56.4,상급자,근비대,체스트 프레스 머신,55.0,9,3,80
여성,20대,53.7,중급자,다이어트,레그 프레스 머신,22.5,16,3,36
남성,40대,73.5,상급자,근비대,펙덱 플라이 머신,102.5,12,4,71
여성,40대,51.9,중급자,재활/건강,바벨 스쿼트,10.0,18,3,113
남성,30대,63.8,상급자,스트렝스,시티드 로우 머신,102.5,4,4,121
여성,20대,46.7,초보자,스트렝스,체스트 프레스 머신,17.5,5,5,128
남성,10대,102.7,상급자,근비대,바벨 스쿼트,97.5,11,4,63
남성,20대,82.9,상급자,스트렝스,사이드 레터럴 레이즈,92.5,3,5,172
남성,50대,98.5,초보자,재활/건강,바벨 로우,15.0,20,2,95
여성,50대,53.9,중급자,근비대,펙덱 플라이 머신,30.0,8,4,78
여성,50대,62.2,중급자,재활/건강,벤치프레스,12.5,16,3,117
남성,30대,71.2,초보자,근비대,벤치프레스,20.0,12,4,84
여성,60대 이상,59.6,중급자,다이어트,어시스트 풀업 머신,25.0,17,3,41
남성,40대,97.9,상급자,재활/건강,오버헤드 프레스,42.5,17,3,98
여성,60대 이상,57.6,중급자,스트렝스,오버헤드 프레스,25.0,3,4,169
남성,50대,93.1,초보자,다이어트,랫 풀다운 머신,30.0,17,3,55
여성,10대,61.5,중급자,다이어트,랫 풀다운 머신,25.0,15,3,47
여성,50대,49.4,상급자,다이어트,바벨 스쿼트,22.5,15,3,38
여성,10대,50.5,중급자,다이어트,체스트 프레스 머신,20.0,19,3,47
남성,10대,71.9,초보자,스트렝스,바벨 스쿼트,25.0,5,5,179
남성,10대,67.9,상급자,다이어트,인클라인 덤벨 프레스,47.5,17,3,57
남성,40대,61.5,상급자,근비대,페이스 풀,55.0,10,3,87
여성,30대,60.5,초보자,스트렝스,시티드 로우 머신,22.5,4,5,140
남성,60대 이상,79.2,상급자,재활/건강,워킹 런지,37.5,17,2,90
남성,20대,75.9,중급자,재활/건강,오버헤드 프레스,17.5,15,2,90
여성,40대,44.9,초보자,근비대,레그 프레스 머신,12.5,9,4,60
남성,30대,72.8,상급자,근비대,인클라인 덤벨 프레스,65.0,9,3,68
여성,40대,72.3,초보자,다이어트,워킹 런지,10.0,16,3,40
남성,40대,57.5,중급자,근비대,루마니안 데드리프트,32.5,11,3,62
남성,60대 이상,95.7,초보자,근비대,랫 풀다운 머신,40.0,8,3,66
여성,40대,60.4,초보자,근비대,펙덱 플라이 머신,17.5,9,3,81
여성,20대,50.3,중급자,스트렝스,레그 컬 머신,35.0,3,5,136
남성,60대 이상,71.3,초보자,근비대,레그 컬 머신,30.0,9,3,89
남성,60대 이상,81.6,초보자,다이어트,어시스트 풀업 머신,27.5,18,3,42
남성,60대 이상,68.7,초보자,재활/건강,바벨 로우,10.0,16,2,109
여성,10대,54.0,초보자,재활/건강,펙덱 플라이 머신,7.5,18,2,96
남성,20대,71.3,초보자,스트렝스,레그 익스텐션 머신,37.5,5,5,147
여성,40대,46.5,초보자,재활/건강,오버헤드 프레스,5.0,15,2,105
여성,60대 이상,54.1,상급자,스트렝스,벤치프레스,37.5,3,4,151
남성,30대,85.4,초보자,다이어트,레그 프레스 머신,30.0,18,3,48
여성,60대 이상,36.9,중급자,재활/건강,루마니안 데드리프트,5.0,18,3,106
남성,50대,67.4,중급자,근비대,워킹 런지,37.5,11,3,65
여성,40대,55.3,중급자,스트렝스,바벨 로우,25.0,5,4,139
남성,10대,85.6,중급자,재활/건강,랫 풀다운 머신,37.5,19,3,90
여성,40대,52.2,초보자,다이어트,페이스 풀,7.5,20,3,37
여성,40대,45.1,초보자,근비대,인클라인 덤벨 프레스,7.5,10,4,82
남성,10대,64.0,상급자,재활/건강,펙덱 플라이 머신,42.5,19,2,111
여성,10대,43.2,초보자,다이어트,바벨 스쿼트,5.0,17,3,44
남성,10대,78.7,중급자,다이어트,랫 풀다운 머신,55.0,20,3,51
남성,50대,78.8,중급자,다이어트,레그 익스텐션 머신,47.5,20,3,43
남성,60대 이상,75.4,중급자,재활/건강,펙덱 플라이 머신,35.0,17,3,103
여성,20대,62.6,중급자,스트렝스,레그 프레스 머신,42.5,4,4,121
여성,20대,56.8,중급자,다이어트,레그 익스텐션 머신,25.0,17,3,49
남성,20대,63.7,상급자,재활/건강,바벨 로우,25.0,20,3,102
여성,30대,48.0,상급자,근비대,숄더 프레스 머신,45.0,12,3,84
여성,30대,48.4,초보자,재활/건강,바벨 스쿼트,5.0,16,3,104
여성,60대 이상,50.2,상급자,다이어트,펙덱 플라이 머신,30.0,17,3,52
여성,20대,58.1,초보자,스트렝스,루마니안 데드리프트,12.5,3,5,136
남성,30대,80.6,초보자,근비대,랫 풀다운 머신,35.0,9,4,63
남성,50대,63.8,중급자,스트렝스,오버헤드 프레스,47.5,4,5,122
여성,30대,49.5,상급자,재활/건강,페이스 풀,12.5,18,3,100
남성,20대,66.3,초보자,재활/건강,오버헤드 프레스,10.0,18,2,106
남성,60대 이상,71.8,중급자,다이어트,펙덱 플라이 머신,47.5,15,3,38
여성,40대,63.4,상급자,스트렝스,랫 풀다운 머신,70.0,4,4,157
남성,50대,81.4,초보자,스트렝스,레그 프레스 머신,45.0,5,4,134
남성,40대,76.7,중급자,스트렝스,랫 풀다운 머신,87.5,4,4,131
남성,10대,68.5,상급자,근비대,워킹 런지,57.5,10,4,70
남성,60대 이상,66.9,상급자,스트렝스,오버헤드 프레스,70.0,4,5,148
남성,60대 이상,80.2,초보자,다이어트,인클라인 덤벨 프레스,17.5,18,3,59
여성,30대,47.5,중급자,근비대,루마니안 데드리프트,17.5,8,3,61
여성,60대 이상,51.8,중급자,근비대,루마니안 데드리프트,20.0,8,4,60
여성,30대,62.3,상급자,재활/건강,벤치프레스,20.0,18,3,112
여성,10대,50.1,중급자,재활/건강,펙덱 플라이 머신,12.5,18,2,97
남성,10대,75.8,상급자,스트렝스,레그 익스텐션 머신,122.5,5,5,158
여성,20대,54.1,상급자,다이어트,시티드 로우 머신,37.5,17,3,40
남성,10대,81.0,초보자,재활/건강,사이드 레터럴 레이즈,10.0,18,2,115
여성,30대,57.2,중급자,재활/건강,벤치프레스,10.0,15,3,95
남성,10대,84.4,상급자,근비대,어시스트 풀업 머신,112.5,8,4,81
남성,40대,63.9,중급자,다이어트,루마니안 데드리프트,27.5,16,3,55
여성,60대 이상,42.0,초보자,재활/건강,오버헤드 프레스,2.5,20,2,107
남성,50대,77.3,초보자,스트렝스,루마니안 데드리프트,27.5,3,4,126
남성,10대,84.5,초보자,다이어트,숄더 프레스 머신,30.0,15,3,47
여성,30대,67.2,중급자,근비대,오버헤드 프레스,25.0,12,3,68
여성,60대 이상,67.1,중급자,스트렝스,랫 풀다운 머신,45.0,3,4,130
여성,30대,51.1,중급자,근비대,어시스트 풀업 머신,27.5,8,3,73
남성,40대,61.7,상급자,재활/건강,오버헤드 프레스,25.0,18,3,101
여성,40대,58.8,상급자,근비대,바벨 스쿼트,37.5,8,3,77
남성,10대,56.1,상급자,근비대,어시스트 풀업 머신,72.5,12,3,67
남성,50대,72.0,상급자,근비대,페이스 풀,67.5,12,3,69
남성,40대,72.5,초보자,재활/건강,체스트 프레스 머신,17.5,20,2,117
여성,60대 이상,58.8,초보자,재활/건강,랫 풀다운 머신,7.5,15,3,94
여성,50대,54.6,중급자,다이어트,숄더 프레스 머신,22.5,18,3,60
여성,30대,36.5,중급자,근비대,오버헤드 프레스,15.0,9,4,85
남성,50대,86.8,중급자,근비대,벤치프레스,52.5,9,4,81
남성,50대,75.4,중급자,재활/건강,레그 프레스 머신,32.5,17,3,117
남성,60대 이상,63.9,상급자,스트렝스,체스트 프레스 머신,100.0,3,4,134
여성,10대,69.1,초보자,스트렝스,랫 풀다운 머신,22.5,3,5,131
남성,10대,62.0,상급자,다이어트,사이드 레터럴 레이즈,42.5,20,3,47
여성,20대,41.5,초보자,근비대,레그 익스텐션 머신,12.5,12,4,66
남성,60대 이상,87.3,중급자,재활/건강,벤치프레스,27.5,17,3,111
남성,60대 이상,65.7,중급자,다이어트,바벨 스쿼트,27.5,16,3,56
남성,30대,60.1,상급자,다이어트,페이스 풀,40.0,20,3,44
남성,60대 이상,69.0,초보자,근비대,워킹 런지,22.5,8,4,76
남성,10대,77.4,상급자,스트렝스,바벨 로우,85.0,4,5,125
남성,20대,67.4,중급자,스트렝스,숄더 프레스 머신,72.5,5,5,167
여성,20대,43.7,초보자,스트렝스,레그 프레스 머신,15.0,3,5,124
여성,50대,53.1,상급자,다이어트,시티드 로우 머신,32.5,15,3,44
남성,30대,70.8,중급자,재활/건강,페이스 풀,22.5,19,2,90
남성,30대,67.8,초보자,스트렝스,레그 프레스 머신,37.5,5,5,167
남성,30대,73.5,상급자,스트렝스,펙덱 플라이 머신,115.0,5,5,140
여성,50대,48.0,상급자,재활/건강,어시스트 풀업 머신,17.5,17,3,113
여성,20대,60.0,초보자,재활/건강,어시스트 풀업 머신,10.0,20,2,110
여성,30대,46.5,초보자,근비대,레그 컬 머신,12.5,11,4,83
남성,20대,84.7,중급자,재활/건강,워킹 런지,25.0,16,3,113
남성,50대,54.6,초보자,재활/건강,어시스트 풀업 머신,10.0,15,3,107
여성,20대,58.5,초보자,스트렝스,워킹 런지,12.5,3,5,127
남성,30대,79.1,중급자,재활/건강,페이스 풀,22.5,16,2,116
여성,40대,46.0,중급자,근비대,워킹 런지,17.5,8,4,89
여성,60대 이상,59.4,중급자,근비대,사이드 레터럴 레이즈,20.0,12,3,89
남성,50대,76.2,상급자,다이어트,루마니안 데드리프트,55.0,17,3,59
여성,60대 이상,53.3,초보자,스트렝스,레그 컬 머신,20.0,5,5,162
남성,50대,82.7,상급자,스트렝스,오버헤드 프레스,92.5,3,4,155
남성,60대 이상,72.9,초보자,스트렝스,루마니안 데드리프트,25.0,5,4,170
여성,60대 이상,50.9,중급자,재활/건강,레그 익스텐션 머신,15.0,16,2,94
여성,40대,61.2,중급자,근비대,체스트 프레스 머신,32.5,11,4,66
여성,10대,54.2,상급자,다이어트,워킹 런지,25.0,18,3,58
남성,60대 이상,91.6,상급자,근비대,어시스트 풀업 머신,132.5,10,4,67
남성,50대,69.6,상급자,근비대,페이스 풀,57.5,11,4,64
남성,50대,74.1,초보자,근비대,숄더 프레스 머신,32.5,10,4,60
여성,30대,51.1,중급자,스트렝스,펙덱 플라이 머신,35.0,5,4,129
여성,50대,56.7,중급자,스트렝스,랫 풀다운 머신,37.5,4,4,156
남성,60대 이상,60.5,상급자,스트렝스,오버헤드 프레스,65.0,4,5,154
여성,50대,59.3,초보자,재활/건강,워킹 런지,5.0,15,3,102
남성,60대 이상,79.2,상급자,다이어트,체스트 프레스 머신,72.5,17,3,53
여성,30대,52.5,중급자,스트렝스,레그 프레스 머신,37.5,3,5,136
여성,20대,53.7,초보자,다이어트,레그 컬 머신,10.0,18,3,52
여성,30대,62.7,초보자,다이어트,오버헤드 프레스,7.5,20,3,33
여성,40대,41.7,초보자,근비대,어시스트 풀업 머신,12.5,10,4,84
여성,60대 이상,56.2,상급자,다이어트,워킹 런지,25.0,20,3,38
남성,30대,71.6,중급자,다이어트,레그 컬 머신,45.0,20,3,57
여성,30대,42.4,상급자,스트렝스,바벨 스쿼트,30.0,5,4,128
여성,60대 이상,50.4,중급자,스트렝스,랫 풀다운 머신,35.0,3,5,122
여성,60대 이상,50.8,초보자,다이어트,워킹 런지,7.5,16,3,53
남성,20대,79.2,중급자,재활/건강,인클라인 덤벨 프레스,25.0,20,3,116
남성,30대,64.7,상급자,다이어트,바벨 로우,45.0,16,3,42
남성,30대,73.9,중급자,다이어트,어시스트 풀업 머신,52.5,15,3,44
남성,60대 이상,86.5,초보자,근비대,루마니안 데드리프트,25.0,8,4,66
여성,10대,44.7,상급자,재활/건강,레그 프레스 머신,20.0,19,3,111
남성,50대,69.7,초보자,스트렝스,어시스트 풀업 머신,35.0,3,5,156
여성,30대,52.4,중급자,재활/건강,레그 익스텐션 머신,15.0,20,2,116
여성,20대,64.9,상급자,스트렝스,오버헤드 프레스,45.0,4,4,155
남성,10대,68.5,중급자,근비대,시티드 로우 머신,62.5,11,3,73
여성,30대,58.8,중급자,스트렝스,시티드 로우 머신,37.5,5,5,140
여성,50대,45.2,상급자,스트렝스,바벨 로우,30.0,3,5,178
여성,10대,58.8,중급자,근비대,레그 프레스 머신,35.0,10,3,73
남성,60대 이상,68.1,중급자,다이어트,페이스 풀,30.0,15,3,32
남성,30대,72.0,중급자,다이어트,벤치프레스,32.5,16,3,55
여성,50대,46.7,상급자,스트렝스,랫 풀다운 머신,52.5,5,4,173
남성,30대,60.2,중급자,스트렝스,어시스트 풀업 머신,65.0,4,4,149
여성,60대 이상,54.3,초보자,재활/건강,인클라인 덤벨 프레스,5.0,19,2,103
여성,20대,57.4,초보자,재활/건강,어시스트 풀업 머신,7.5,20,3,111
여성,50대,48.1,초보자,재활/건강,페이스 풀,5.0,17,3,104
여성,50대,59.7,초보자,다이어트,펙덱 플라이 머신,12.5,15,3,31
남성,40대,86.2,초보자,근비대,펙덱 플라이 머신,37.5,8,4,67
여성,10대,61.0,초보자,재활/건강,어시스트 풀업 머신,7.5,17,2,118
여성,10대,46.5,상급자,다이어트,오버헤드 프레스,22.5,16,3,54
남성,50대,78.6,초보자,스트렝스,인클라인 덤벨 프레스,27.5,4,4,154
여성,40대,53.0,중급자,재활/건강,페이스 풀,10.0,20,3,99
여성,10대,62.0,상급자,다이어트,펙덱 플라이 머신,40.0,19,3,53
남성,10대,80.2,중급자,다이어트,사이드 레터럴 레이즈,32.5,20,3,60
남성,20대,75.8,중급자,근비대,사이드 레터럴 레이즈,45.0,8,4,68
여성,50대,57.1,중급자,다이어트,펙덱 플라이 머신,22.5,17,3,32
남성,30대,63.0,중급자,근비대,벤치프레스,37.5,11,3,81
남성,50대,78.2,상급자,근비대,오버헤드 프레스,67.5,8,3,89
여성,20대,58.2,상급자,재활/건강,체스트 프레스 머신,27.5,15,3,111
남성,30대,97.5,초보자,스트렝스,페이스 풀,32.5,4,4,135
여성,20대,45.0,상급자,다이어트,레그 컬 머신,30.0,19,3,48
남성,40대,88.4,중급자,근비대,사이드 레터럴 레이즈,50.0,8,3,86
여성,40대,62.7,상급자,재활/건강,페이스 풀,17.5,15,3,99
남성,40대,65.4,초보자,스트렝스,어시스트 풀업 머신,37.5,5,4,148
여성,50대,51.0,초보자,다이어트,체스트 프레스 머신,12.5,19,3,44
남성,60대 이상,85.5,상급자,스트렝스,워킹 런지,97.5,5,4,155
여성,20대,47.5,상급자,재활/건강,바벨 스쿼트,12.5,17,2,101
남성,50대,62.4,초보자,다이어트,레그 프레스 머신,22.5,16,3,48
남성,10대,71.3,중급자,근비대,어시스트 풀업 머신,65.0,11,4,74
여성,50대,50.2,상급자,다이어트,레그 컬 머신,32.5,16,3,60
여성,60대 이상,64.9,상급자,스트렝스,레그 컬 머신,67.5,3,5,162
남성,60대 이상,101.6,중급자,다이어트,페이스 풀,45.0,19,3,36
여성,10대,46.7,중급자,스트렝스,시티드 로우 머신,32.5,3,4,130
여성,50대,55.5,중급자,다이어트,워킹 런지,17.5,20,3,37
여성,10대,49.4,중급자,근비대,숄더 프레스 머신,27.5,12,3,60
남성,60대 이상,71.7,중급자,다이어트,바벨 로우,30.0,20,3,38
여성,60대 이상,68.9,중급자,근비대,랫 풀다운 머신,37.5,8,3,81
남성,10대,85.7,중급자,근비대,바벨 스쿼트,55.0,12,3,90
여성,50대,54.0,상급자,다이어트,워킹 런지,25.0,18,3,33
여성,60대 이상,49.5,중급자,근비대,레그 컬 머신,27.5,9,3,83
남성,40대,59.8,상급자,다이어트,체스트 프레스 머신,62.5,19,3,36
여성,20대,57.2,초보자,근비대,바벨 스쿼트,10.0,11,4,68
여성,30대,64.8,중급자,스트렝스,레그 익스텐션 머신,45.0,3,4,136
여성,50대,67.1,중급자,재활/건강,벤치프레스,12.5,19,2,120
여성,40대,64.8,중급자,다이어트,사이드 레터럴 레이즈,17.5,20,3,35
여성,10대,52.0,초보자,근비대,워킹 런지,10.0,10,3,75
여성,20대,57.3,중급자,다이어트,페이스 풀,15.0,17,3,30
남성,60대 이상,71.2,중급자,근비대,레그 프레스 머신,67.5,10,3,86
여성,40대,44.9,초보자,다이어트,어시스트 풀업 머신,10.0,19,3,38
여성,50대,50.2,중급자,재활/건강,사이드 레터럴 레이즈,10.0,17,3,106
남성,60대 이상,81.7,초보자,근비대,레그 프레스 머신,37.5,11,4,81
남성,60대 이상,98.3,초보자,근비대,숄더 프레스 머신,45.0,9,4,63
남성,50대,74.1,중급자,다이어트,벤치프레스,32.5,20,3,35
남성,10대,87.7,상급자,다이어트,인클라인 덤벨 프레스,60.0,15,3,56
남성,30대,86.6,중급자,재활/건강,인클라인 덤벨 프레스,20.0,20,3,116
남성,10대,70.4,초보자,재활/건강,바벨 스쿼트,10.0,18,2,111
여성,60대 이상,60.6,상급자,근비대,바벨 로우,35.0,8,3,71
여성,30대,47.4,중급자,재활/건강,레그 컬 머신,12.5,20,2,109
남성,60대 이상,61.3,중급자,스트렝스,페이스 풀,42.5,3,4,120
남성,20대,70.1,상급자,다이어트,사이드 레터럴 레이즈,42.5,19,3,31
여성,40대,58.3,중급자,다이어트,인클라인 덤벨 프레스,17.5,16,3,44
남성,40대,55.1,중급자,스트렝스,바벨 스쿼트,40.0,5,4,129
남성,20대,55.8,중급자,근비대,체스트 프레스 머신,50.0,9,4,88
남성,40대,83.7,중급자,스트렝스,오버헤드 프레스,60.0,5,4,166
남성,30대,65.8,초보자,근비대,체스트 프레스 머신,27.5,11,3,78
여성,30대,44.9,상급자,다이어트,워킹 런지,20.0,19,3,33
남성,20대,80.5,상급자,다이어트,사이드 레터럴 레이즈,55.0,15,3,34
여성,60대 이상,58.3,초보자,다이어트,레그 컬 머신,12.5,19,3,47
여성,60대 이상,64.2,상급자,재활/건강,사이드 레터럴 레이즈,15.0,18,2,119
남성,60대 이상,75.3,초보자,재활/건강,사이드 레터럴 레이즈,10.0,16,3,103
남성,60대 이상,76.9,상급자,재활/건강,인클라인 덤벨 프레스,35.0,18,3,116
여성,30대,37.0,초보자,근비대,바벨 스쿼트,7.5,12,4,80
남성,40대,62.4,상급자,재활/건강,레그 프레스 머신,40.0,16,2,107
여성,50대,52.7,상급자,재활/건강,레그 익스텐션 머신,22.5,15,2,90
여성,40대,49.8,상급자,근비대,사이드 레터럴 레이즈,30.0,12,4,72
여성,60대 이상,54.1,초보자,재활/건강,오버헤드 프레스,5.0,18,2,117
남성,10대,73.5,상급자,다이어트,벤치프레스,45.0,15,3,55
남성,40대,83.8,중급자,근비대,인클라인 덤벨 프레스,50.0,9,4,74
남성,50대,78.5,상급자,다이어트,랫 풀다운 머신,82.5,20,3,39
남성,30대,80.6,상급자,근비대,워킹 런지,70.0,9,4,90
남성,50대,47.7,상급자,재활/건강,레그 프레스 머신,27.5,15,3,92
남성,10대,69.4,중급자,스트렝스,레그 익스텐션 머신,77.5,5,4,173
남성,60대 이상,62.6,상급자,다이어트,펙덱 플라이 머신,67.5,18,3,60
남성,20대,79.3,중급자,스트렝스,시티드 로우 머신,82.5,3,4,162
여성,60대 이상,60.9,상급자,재활/건강,시티드 로우 머신,25.0,16,2,114
남성,30대,53.8,초보자,재활/건강,벤치프레스,7.5,20,3,111
남성,60대 이상,50.6,상급자,다이어트,체스트 프레스 머신,52.5,18,3,32
여성,40대,54.6,초보자,근비대,인클라인 덤벨 프레스,10.0,8,4,63
남성,50대,51.3,중급자,스트렝스,레그 익스텐션 머신,55.0,3,4,133
남성,10대,65.2,상급자,근비대,바벨 스쿼트,57.5,12,4,86
남성,10대,71.3,중급자,스트렝스,바벨 스쿼트,50.0,4,5,126
여성,20대,66.6,상급자,스트렝스,바벨 로우,47.5,3,5,167
여성,20대,43.7,중급자,다이어트,사이드 레터럴 레이즈,12.5,16,3,53
남성,60대 이상,81.8,초보자,스트렝스,펙덱 플라이 머신,42.5,3,4,172
여성,60대 이상,60.4,초보자,근비대,레그 익스텐션 머신,17.5,11,4,88
남성,40대,85.5,중급자,재활/건강,바벨 스쿼트,20.0,16,2,117
여성,40대,44.1,상급자,근비대,사이드 레터럴 레이즈,25.0,10,4,79
여성,50대,74.0,중급자,다이어트,사이드 레터럴 레이즈,22.5,16,3,33
남성,40대,63.7,상급자,재활/건강,시티드 로우 머신,40.0,16,3,117
남성,20대,62.9,중급자,다이어트,바벨 스쿼트,27.5,15,3,30
여성,20대,53.8,초보자,근비대,사이드 레터럴 레이즈,10.0,10,4,68
남성,40대,99.8,상급자,근비대,오버헤드 프레스,92.5,12,3,83
여성,50대,70.2,초보자,다이어트,어시스트 풀업 머신,15.0,17,3,53
여성,10대,57.5,초보자,다이어트,오버헤드 프레스,7.5,20,3,39
여성,40대,65.1,중급자,근비대,벤치프레스,25.0,8,3,76
여성,60대 이상,39.4,초보자,다이어트,바벨 스쿼트,5.0,19,3,36
여성,20대,65.3,중급자,재활/건강,어시스트 풀업 머신,15.0,16,2,110
여성,40대,43.2,초보자,다이어트,시티드 로우 머신,7.5,19,3,51
남성,40대,82.2,중급자,근비대,어시스트 풀업 머신,72.5,9,4,65
여성,20대,65.5,상급자,스트렝스,숄더 프레스 머신,67.5,4,4,143
여성,60대 이상,55.7,중급자,근비대,오버헤드 프레스,22.5,11,3,90
남성,40대,79.1,상급자,재활/건강,바벨 로우,32.5,17,3,94
남성,50대,71.9,상급자,스트렝스,벤치프레스,75.0,3,5,131
여성,20대,65.0,초보자,근비대,바벨 로우,12.5,11,3,90
여성,10대,50.0,중급자,스트렝스,레그 익스텐션 머신,35.0,4,4,153
여성,60대 이상,67.1,상급자,근비대,인클라인 덤벨 프레스,40.0,9,3,84
여성,60대 이상,55.2,중급자,다이어트,페이스 풀,15.0,15,3,40
여성,50대,53.4,상급자,재활/건강,인클라인 덤벨 프레스,12.5,16,2,117
여성,20대,61.8,상급자,재활/건강,레그 프레스 머신,27.5,17,2,102
여성,50대,59.7,중급자,다이어트,인클라인 덤벨 프레스,17.5,16,3,43
여성,10대,67.1,상급자,재활/건강,워킹 런지,17.5,17,3,101
여성,40대,60.9,상급자,근비대,체스트 프레스 머신,52.5,12,4,86
여성,10대,34.3,중급자,재활/건강,시티드 로우 머신,10.0,19,2,107
여성,20대,51.3,상급자,재활/건강,오버헤드 프레스,15.0,16,2,115
여성,50대,61.1,상급자,근비대,레그 프레스 머신,57.5,12,3,80
남성,50대,74.5,중급자,스트렝스,바벨 스쿼트,57.5,3,5,126
여성,30대,50.7,상급자,근비대,오버헤드 프레스,30.0,9,4,67
남성,50대,80.7,상급자,재활/건강,레그 컬 머신,50.0,15,3,104
남성,20대,66.1,상급자,다이어트,사이드 레터럴 레이즈,42.5,19,3,32
남성,30대,63.0,초보자,근비대,숄더 프레스 머신,27.5,9,4,72
여성,10대,45.7,초보자,근비대,레그 익스텐션 머신,12.5,8,4,80
여성,20대,58.6,초보자,재활/건강,루마니안 데드리프트,5.0,18,2,92
여성,50대,53.2,초보자,근비대,오버헤드 프레스,10.0,12,4,70
여성,60대 이상,51.0,초보자,스트렝스,랫 풀다운 머신,17.5,4,5,140
남성,30대,77.9,초보자,다이어트,시티드 로우 머신,25.0,20,3,55
여성,60대 이상,58.7,중급자,다이어트,숄더 프레스 머신,22.5,16,3,52
남성,60대 이상,80.1,상급자,근비대,워킹 런지,72.5,8,4,83
여성,50대,65.2,초보자,근비대,숄더 프레스 머신,17.5,12,3,75
남성,50대,85.1,중급자,근비대,레그 프레스 머신,75.0,9,4,90
여성,40대,55.7,중급자,근비대,벤치프레스,20.0,11,3,85
여성,10대,63.5,중급자,재활/건강,오버헤드 프레스,12.5,19,2,114
여성,50대,50.9,중급자,스트렝스,숄더 프레스 머신,35.0,3,4,147
여성,30대,56.4,중급자,스트렝스,레그 익스텐션 머신,37.5,3,5,173
남성,40대,84.2,초보자,재활/건강,오버헤드 프레스,12.5,19,2,102
여성,40대,47.3,중급자,근비대,랫 풀다운 머신,25.0,12,4,66
여성,30대,42.2,중급자,스트렝스,레그 프레스 머신,27.5,3,5,162
남성,60대 이상,78.2,중급자,스트렝스,인클라인 덤벨 프레스,57.5,4,4,177
남성,20대,70.8,중급자,재활/건강,레그 컬 머신,30.0,18,2,95
여성,20대,48.6,중급자,재활/건강,레그 컬 머신,12.5,16,2,110
남성,20대,71.7,상급자,다이어트,펙덱 플라이 머신,67.5,20,3,34
여성,20대,48.6,상급자,재활/건강,루마니안 데드리프트,12.5,19,3,120
남성,30대,61.7,중급자,스트렝스,인클라인 덤벨 프레스,45.0,4,4,144
여성,40대,61.4,초보자,다이어트,시티드 로우 머신,12.5,18,3,57
여성,10대,64.3,중급자,다이어트,숄더 프레스 머신,27.5,15,3,59
남성,20대,67.2,초보자,근비대,시티드 로우 머신,30.0,8,3,68
여성,40대,53.1,상급자,근비대,펙덱 플라이 머신,47.5,8,4,79
여성,20대,56.2,상급자,재활/건강,워킹 런지,15.0,19,3,90
여성,50대,40.6,상급자,다이어트,어시스트 풀업 머신,25.0,20,3,32
여성,20대,51.8,중급자,근비대,워킹 런지,20.0,11,4,60
여성,30대,48.3,상급자,재활/건강,시티드 로우 머신,20.0,16,3,109
남성,50대,74.2,초보자,재활/건강,바벨 스쿼트,10.0,15,3,95
남성,60대 이상,74.0,초보자,재활/건강,워킹 런지,10.0,16,2,111
여성,40대,57.4,초보자,근비대,인클라인 덤벨 프레스,12.5,11,3,77
여성,20대,62.6,상급자,스트렝스,사이드 레터럴 레이즈,45.0,4,4,180
남성,20대,73.0,상급자,다이어트,페이스 풀,50.0,18,3,47
여성,30대,64.0,중급자,근비대,펙덱 플라이 머신,32.5,8,4,89
남성,40대,85.1,중급자,스트렝스,벤치프레스,62.5,4,4,126
남성,60대 이상,90.6,초보자,다이어트,어시스트 풀업 머신,30.0,18,3,50
남성,20대,68.7,중급자,스트렝스,숄더 프레스 머신,75.0,5,4,134
여성,10대,59.2,중급자,다이어트,사이드 레터럴 레이즈,17.5,18,3,39
여성,40대,53.6,중급자,재활/건강,숄더 프레스 머신,15.0,20,3,104
남성,50대,85.7,초보자,스트렝스,체스트 프레스 머신,45.0,3,4,166
남성,30대,71.7,초보자,스트렝스,루마니안 데드리프트,25.0,3,5,157
남성,50대,67.8,상급자,재활/건강,루마니안 데드리프트,27.5,19,2,93
남성,20대,77.8,초보자,근비대,바벨 스쿼트,22.5,10,3,62
여성,10대,52.3,상급자,다이어트,시티드 로우 머신,37.5,20,3,35
여성,30대,60.6,중급자,재활/건강,바벨 스쿼트,10.0,18,3,95
남성,20대,82.0,상급자,스트렝스,어시스트 풀업 머신,140.0,3,5,160
남성,20대,85.0,초보자,다이어트,사이드 레터럴 레이즈,17.5,20,3,32
여성,50대,63.9,중급자,다이어트,워킹 런지,17.5,18,3,52
남성,60대 이상,69.6,초보자,스트렝스,오버헤드 프레스,25.0,4,4,176
남성,30대,76.1,상급자,근비대,어시스트 풀업 머신,97.5,11,3,67
여성,50대,60.2,상급자,재활/건강,바벨 로우,20.0,17,2,104
여성,60대 이상,38.6,상급자,스트렝스,숄더 프레스 머신,42.5,5,5,156
여성,40대,43.1,초보자,근비대,워킹 런지,7.5,12,4,86
여성,60대 이상,69.0,중급자,근비대,벤치프레스,25.0,10,3,63
여성,40대,54.2,초보자,근비대,레그 익스텐션 머신,15.0,11,4,75
남성,40대,71.3,초보자,다이어트,바벨 스쿼트,15.0,20,3,39
여성,30대,50.6,중급자,재활/건강,체스트 프레스 머신,12.5,17,2,94
남성,10대,64.0,초보자,재활/건강,레그 프레스 머신,12.5,17,3,92
남성,40대,74.9,중급자,다이어트,워킹 런지,32.5,15,3,45
남성,20대,83.2,중급자,다이어트,레그 익스텐션 머신,52.5,15,3,40
남성,60대 이상,83.5,초보자,다이어트,레그 프레스 머신,25.0,18,3,48
여성,40대,60.1,초보자,스트렝스,레그 프레스 머신,20.0,5,4,180
여성,60대 이상,50.7,상급자,재활/건강,어시스트 풀업 머신,20.0,16,3,100
남성,40대,81.6,초보자,재활/건강,오버헤드 프레스,12.5,17,3,99
여성,50대,47.9,중급자,다이어트,바벨 스쿼트,12.5,19,3,39
여성,50대,63.9,초보자,스트렝스,어시스트 풀업 머신,20.0,3,4,128
남성,50대,62.0,중급자,다이어트,오버헤드 프레스,25.0,15,3,60
여성,40대,59.0,상급자,스트렝스,워킹 런지,42.5,4,5,169
남성,10대,80.3,초보자,다이어트,인클라인 덤벨 프레스,17.5,15,3,49
남성,50대,61.8,초보자,근비대,시티드 로우 머신,27.5,12,4,87
남성,60대 이상,71.6,중급자,재활/건강,인클라인 덤벨 프레스,20.0,15,3,114
여성,60대 이상,59.3,중급자,스트렝스,레그 프레스 머신,40.0,5,5,167
남성,60대 이상,74.3,초보자,다이어트,오버헤드 프레스,17.5,20,3,51
남성,20대,85.0,초보자,재활/건강,인클라인 덤벨 프레스,10.0,16,3,114
여성,50대,66.3,중급자,근비대,어시스트 풀업 머신,40.0,12,4,84
여성,30대,48.7,중급자,재활/건강,랫 풀다운 머신,12.5,19,2,113
남성,20대,71.7,상급자,스트렝스,숄더 프레스 머신,122.5,5,5,123
여성,10대,46.6,상급자,재활/건강,바벨 로우,15.0,19,3,111
여성,20대,47.4,초보자,다이어트,사이드 레터럴 레이즈,7.5,20,3,38
여성,30대,62.1,중급자,근비대,오버헤드 프레스,22.5,11,4,78
여성,60대 이상,51.6,중급자,다이어트,랫 풀다운 머신,20.0,15,3,37
남성,40대,64.0,중급자,다이어트,루마니안 데드리프트,30.0,16,3,58
여성,30대,54.7,초보자,스트렝스,인클라인 덤벨 프레스,12.5,3,4,137
여성,50대,55.0,상급자,재활/건강,어시스트 풀업 머신,27.5,19,2,101
남성,40대,85.3,상급자,재활/건강,어시스트 풀업 머신,47.5,20,3,92
남성,40대,89.3,상급자,근비대,시티드 로우 머신,127.5,11,3,70
남성,10대,85.3,상급자,스트렝스,루마니안 데드리프트,92.5,4,4,124
여성,40대,49.3,중급자,스트렝스,사이드 레터럴 레이즈,22.5,3,5,170
남성,20대,67.1,상급자,스트렝스,레그 컬 머신,112.5,5,5,162
여성,40대,55.1,초보자,재활/건강,워킹 런지,5.0,16,2,108
남성,50대,70.6,초보자,근비대,사이드 레터럴 레이즈,20.0,8,3,73
남성,60대 이상,68.3,상급자,재활/건강,워킹 런지,30.0,18,3,99
여성,30대,44.6,상급자,다이어트,바벨 스쿼트,20.0,18,3,51
여성,60대 이상,48.6,중급자,다이어트,레그 컬 머신,20.0,20,3,46
여성,30대,58.6,상급자,다이어트,레그 익스텐션 머신,35.0,20,3,33
남성,30대,66.8,중급자,재활/건강,레그 프레스 머신,25.0,16,3,100
여성,30대,51.7,중급자,근비대,벤치프레스,20.0,10,3,68
여성,30대,49.5,중급자,근비대,오버헤드 프레스,20.0,12,3,75
여성,50대,57.3,초보자,재활/건강,시티드 로우 머신,7.5,20,3,101
여성,20대,41.6,상급자,근비대,인클라인 덤벨 프레스,22.5,10,4,84
여성,50대,54.8,상급자,스트렝스,페이스 풀,40.0,4,5,171
여성,20대,67.8,초보자,근비대,워킹 런지,12.5,10,3,62
여성,40대,57.5,초보자,재활/건강,바벨 로우,5.0,18,2,116
여성,50대,50.2,상급자,스트렝스,페이스 풀,35.0,4,4,153
남성,20대,64.7,상급자,스트렝스,숄더 프레스 머신,105.0,5,4,170
여성,50대,49.5,중급자,재활/건강,레그 컬 머신,12.5,18,3,94
여성,50대,45.5,상급자,다이어트,시티드 로우 머신,30.0,19,3,51
남성,40대,78.7,중급자,스트렝스,바벨 로우,55.0,5,4,149
여성,60대 이상,46.8,상급자,재활/건강,벤치프레스,12.5,18,2,93
여성,30대,59.6,초보자,다이어트,랫 풀다운 머신,12.5,16,3,44
여성,40대,66.9,중급자,다이어트,인클라인 덤벨 프레스,20.0,17,3,31
남성,60대 이상,80.3,상급자,근비대,바벨 로우,77.5,11,4,71
남성,50대,80.0,초보자,다이어트,레그 프레스 머신,25.0,19,3,53
남성,60대 이상,67.1,상급자,재활/건강,인클라인 덤벨 프레스,25.0,15,2,113
여성,50대,40.0,초보자,재활/건강,바벨 스쿼트,5.0,20,3,111
여성,30대,39.1,상급자,근비대,랫 풀다운 머신,35.0,12,3,90
여성,20대,72.7,상급자,다이어트,레그 컬 머신,45.0,19,3,30
남성,30대,75.9,중급자,다이어트,페이스 풀,32.5,17,3,59
여성,30대,59.5,초보자,다이어트,펙덱 플라이 머신,10.0,20,3,42
여성,60대 이상,54.7,초보자,스트렝스,레그 컬 머신,20.0,3,5,163
여성,10대,51.8,초보자,다이어트,페이스 풀,7.5,18,3,51
남성,50대,79.0,상급자,근비대,레그 컬 머신,110.0,11,3,71
남성,30대,66.0,중급자,근비대,루마니안 데드리프트,42.5,9,3,62
여성,50대,57.9,초보자,재활/건강,인클라인 덤벨 프레스,5.0,15,2,114
여성,10대,53.6,상급자,재활/건강,레그 컬 머신,22.5,15,3,120
남성,40대,59.0,중급자,다이어트,레그 컬 머신,37.5,18,3,44
남성,50대,86.4,초보자,스트렝스,페이스 풀,30.0,3,4,142
남성,30대,88.0,초보자,다이어트,바벨 스쿼트,17.5,15,3,37
남성,30대,66.9,상급자,재활/건강,랫 풀다운 머신,47.5,16,2,111
여성,40대,61.1,상급자,재활/건강,어시스트 풀업 머신,22.5,16,2,113
남성,40대,69.9,초보자,재활/건강,인클라인 덤벨 프레스,10.0,18,3,104
남성,60대 이상,69.9,상급자,재활/건강,숄더 프레스 머신,42.5,18,3,99
남성,30대,88.8,상급자,근비대,워킹 런지,77.5,10,4,64
남성,30대,82.3,상급자,재활/건강,레그 컬 머신,52.5,16,3,120
여성,50대,64.3,상급자,근비대,레그 익스텐션 머신,60.0,11,4,67
여성,30대,53.8,중급자,스트렝스,페이스 풀,25.0,5,5,140
남성,60대 이상,83.1,중급자,다이어트,벤치프레스,37.5,20,3,36
남성,40대,78.5,중급자,근비대,벤치프레스,47.5,8,4,77
남성,60대 이상,87.3,초보자,다이어트,체스트 프레스 머신,27.5,16,3,39
남성,40대,56.5,중급자,스트렝스,레그 프레스 머신,62.5,3,4,128
여성,60대 이상,63.0,초보자,근비대,워킹 런지,12.5,12,4,61
여성,30대,57.0,중급자,근비대,벤치프레스,22.5,8,4,69
여성,10대,59.4,상급자,근비대,인클라인 덤벨 프레스,35.0,8,4,74
남성,50대,67.0,상급자,스트렝스,펙덱 플라이 머신,115.0,4,4,143
남성,10대,80.9,중급자,근비대,바벨 스쿼트,50.0,8,4,73
여성,20대,60.9,상급자,근비대,워킹 런지,35.0,9,3,86
남성,40대,63.8,중급자,재활/건강,레그 컬 머신,27.5,15,2,111
남성,30대,62.7,상급자,다이어트,시티드 로우 머신,57.5,17,3,47
여성,30대,69.1,중급자,재활/건강,어시스트 풀업 머신,17.5,16,3,95
남성,40대,67.2,중급자,재활/건강,사이드 레터럴 레이즈,17.5,15,2,112
남성,30대,67.5,상급자,근비대,워킹 런지,62.5,9,3,81
여성,40대,64.6,상급자,재활/건강,펙덱 플라이 머신,30.0,16,2,116
여성,40대,50.5,중급자,근비대,오버헤드 프레스,17.5,8,4,75
남성,10대,76.6,중급자,다이어트,인클라인 덤벨 프레스,32.5,17,3,58
남성,20대,69.3,중급자,다이어트,레그 컬 머신,42.5,19,3,43
여성,20대,48.4,중급자,스트렝스,페이스 풀,22.5,3,5,160
여성,20대,51.5,초보자,스트렝스,레그 컬 머신,17.5,4,5,155
남성,20대,52.1,초보자,재활/건강,페이스 풀,7.5,20,3,105
여성,60대 이상,56.7,초보자,근비대,레그 익스텐션 머신,15.0,10,4,88
남성,30대,89.4,중급자,재활/건강,인클라인 덤벨 프레스,25.0,15,3,114
남성,20대,85.1,상급자,재활/건강,숄더 프레스 머신,60.0,17,2,91
여성,30대,57.2,중급자,근비대,벤치프레스,22.5,11,3,66
남성,60대 이상,84.7,중급자,스트렝스,펙덱 플라이 머신,92.5,4,5,129
여성,60대 이상,47.2,상급자,재활/건강,레그 프레스 머신,22.5,20,3,107
남성,10대,69.0,초보자,재활/건강,숄더 프레스 머신,15.0,18,2,113
여성,40대,61.9,상급자,다이어트,어시스트 풀업 머신,40.0,20,3,30
여성,40대,54.4,상급자,근비대,사이드 레터럴 레이즈,32.5,12,3,79
남성,60대 이상,72.8,중급자,스트렝스,워킹 런지,50.0,5,4,120
남성,20대,69.6,초보자,스트렝스,어시스트 풀업 머신,37.5,4,4,180
여성,20대,51.8,상급자,근비대,벤치프레스,30.0,9,4,74
여성,50대,61.4,중급자,스트렝스,랫 풀다운 머신,40.0,5,5,139
남성,20대,67.0,중급자,재활/건강,어시스트 풀업 머신,25.0,16,3,96
여성,20대,44.0,초보자,스트렝스,루마니안 데드리프트,10.0,3,5,162
여성,20대,64.7,초보자,근비대,바벨 로우,12.5,8,3,68
남성,30대,79.7,초보자,다이어트,레그 프레스 머신,25.0,18,3,36
여성,40대,52.0,상급자,근비대,체스트 프레스 머신,45.0,8,3,83
남성,20대,85.3,중급자,스트렝스,오버헤드 프레스,65.0,3,5,140
여성,50대,56.1,상급자,스트렝스,숄더 프레스 머신,60.0,5,5,141
남성,20대,50.3,초보자,다이어트,레그 익스텐션 머신,17.5,16,3,48
남성,60대 이상,74.4,상급자,재활/건강,레그 프레스 머신,42.5,15,2,98
여성,50대,50.8,상급자,스트렝스,사이드 레터럴 레이즈,35.0,3,4,120
여성,60대 이상,58.5,상급자,스트렝스,사이드 레터럴 레이즈,42.5,4,4,160
남성,10대,66.5,상급자,재활/건강,루마니안 데드리프트,30.0,17,3,108
여성,40대,75.7,초보자,다이어트,바벨 로우,10.0,17,3,43
남성,40대,65.3,상급자,근비대,펙덱 플라이 머신,90.0,9,4,60
남성,40대,91.1,초보자,스트렝스,워킹 런지,32.5,3,5,133
남성,10대,40.9,상급자,스트렝스,레그 컬 머신,67.5,5,4,154
남성,50대,63.3,초보자,재활/건강,펙덱 플라이 머신,12.5,18,3,117
여성,40대,43.3,초보자,재활/건강,사이드 레터럴 레이즈,2.5,20,2,116
남성,10대,87.9,초보자,다이어트,인클라인 덤벨 프레스,17.5,18,3,30
여성,20대,54.7,상급자,스트렝스,인클라인 덤벨 프레스,37.5,3,5,132
남성,30대,91.4,상급자,다이어트,페이스 풀,65.0,15,3,47
여성,20대,61.4,초보자,재활/건강,레그 컬 머신,7.5,19,2,115
여성,10대,37.8,상급자,재활/건강,시티드 로우 머신,15.0,17,2,96
남성,10대,82.0,중급자,재활/건강,레그 프레스 머신,35.0,15,2,109
남성,40대,79.7,중급자,다이어트,페이스 풀,37.5,19,3,46
여성,60대 이상,60.9,중급자,근비대,레그 프레스 머신,32.5,8,3,65
여성,20대,51.6,상급자,근비대,레그 프레스 머신,50.0,10,4,70
남성,60대 이상,92.1,초보자,근비대,체스트 프레스 머신,40.0,8,3,74
여성,50대,55.9,초보자,다이어트,바벨 로우,7.5,16,3,58
여성,50대,61.9,중급자,재활/건강,사이드 레터럴 레이즈,10.0,20,3,95
여성,30대,66.4,상급자,스트렝스,바벨 로우,50.0,5,5,153
여성,20대,68.6,상급자,근비대,펙덱 플라이 머신,60.0,8,3,80
남성,40대,68.3,상급자,재활/건강,숄더 프레스 머신,45.0,16,3,95
남성,20대,85.8,중급자,다이어트,레그 익스텐션 머신,57.5,15,3,56
남성,50대,84.3,중급자,다이어트,오버헤드 프레스,37.5,18,3,53
남성,40대,66.8,중급자,재활/건강,숄더 프레스 머신,27.5,17,3,102
여성,40대,54.2,중급자,다이어트,바벨 스쿼트,15.0,16,3,53
여성,20대,66.6,상급자,재활/건강,벤치프레스,20.0,20,3,93
남성,40대,71.2,초보자,재활/건강,벤치프레스,10.0,15,2,97
남성,40대,61.4,초보자,근비대,랫 풀다운 머신,30.0,9,4,66
남성,60대 이상,72.0,초보자,다이어트,레그 익스텐션 머신,22.5,18,3,55
여성,30대,46.7,초보자,재활/건강,어시스트 풀업 머신,7.5,16,3,107
남성,10대,74.9,초보자,스트렝스,레그 프레스 머신,40.0,5,5,163
남성,60대 이상,78.7,초보자,다이어트,레그 프레스 머신,25.0,20,3,53
여성,40대,50.7,중급자,다이어트,벤치프레스,12.5,20,3,49
남성,40대,65.2,초보자,근비대,루마니안 데드리프트,17.5,11,3,65
남성,30대,67.4,상급자,다이어트,루마니안 데드리프트,47.5,15,3,53
여성,10대,47.6,초보자,다이어트,페이스 풀,7.5,16,3,30
여성,60대 이상,62.8,초보자,스트렝스,어시스트 풀업 머신,22.5,4,4,147
남성,30대,66.1,상급자,근비대,체스트 프레스 머신,90.0,9,3,88
남성,20대,69.4,중급자,재활/건강,루마니안 데드리프트,20.0,19,3,108
여성,40대,58.4,중급자,재활/건강,레그 익스텐션 머신,15.0,18,3,96
여성,30대,58.4,중급자,근비대,숄더 프레스 머신,32.5,11,4,87
남성,60대 이상,70.3,초보자,근비대,랫 풀다운 머신,32.5,12,3,86
남성,10대,86.7,초보자,재활/건강,시티드 로우 머신,20.0,16,2,111
여성,50대,64.5,초보자,재활/건강,랫 풀다운 머신,10.0,20,3,108
여성,10대,62.7,초보자,재활/건강,루마니안 데드리프트,5.0,20,3,108
남성,30대,77.3,상급자,스트렝스,레그 익스텐션 머신,130.0,5,5,147
남성,60대 이상,79.2,중급자,다이어트,인클라인 덤벨 프레스,32.5,17,3,39
남성,10대,82.7,상급자,다이어트,바벨 스쿼트,52.5,16,3,30
여성,30대,44.4,초보자,근비대,시티드 로우 머신,12.5,9,3,62
여성,60대 이상,64.5,초보자,재활/건강,인클라인 덤벨 프레스,5.0,16,3,95
여성,50대,65.1,상급자,근비대,바벨 로우,42.5,11,3,71
여성,40대,62.5,초보자,재활/건강,사이드 레터럴 레이즈,5.0,17,3,118
여성,10대,57.2,상급자,근비대,펙덱 플라이 머신,50.0,9,3,82
여성,60대 이상,43.9,상급자,재활/건강,오버헤드 프레스,12.5,20,2,117
여성,30대,62.5,초보자,다이어트,바벨 스쿼트,7.5,18,3,56
남성,10대,70.3,초보자,재활/건강,바벨 스쿼트,10.0,16,2,108
남성,50대,79.4,중급자,근비대,랫 풀다운 머신,72.5,10,4,68
남성,20대,71.1,중급자,재활/건강,펙덱 플라이 머신,27.5,16,2,96
여성,30대,56.1,중급자,다이어트,벤치프레스,17.5,16,3,39
남성,40대,89.2,중급자,재활/건강,워킹 런지,27.5,18,3,111
여성,60대 이상,56.0,중급자,스트렝스,레그 프레스 머신,40.0,5,5,126
여성,10대,66.5,초보자,다이어트,인클라인 덤벨 프레스,10.0,17,3,53
남성,10대,79.0,중급자,재활/건강,레그 프레스 머신,35.0,15,2,92
남성,60대 이상,84.2,초보자,근비대,바벨 로우,25.0,8,3,66
여성,30대,66.2,중급자,다이어트,랫 풀다운 머신,25.0,15,3,50
여성,30대,55.0,초보자,근비대,루마니안 데드리프트,10.0,11,3,72
여성,40대,60.1,초보자,재활/건강,레그 컬 머신,7.5,17,2,119
남성,50대,83.3,상급자,다이어트,사이드 레터럴 레이즈,55.0,20,3,44
여성,50대,54.7,중급자,근비대,바벨 스쿼트,20.0,12,3,72
여성,20대,42.4,초보자,근비대,인클라인 덤벨 프레스,7.5,9,3,85
남성,40대,81.8,초보자,근비대,체스트 프레스 머신,35.0,9,3,63
남성,60대 이상,71.3,상급자,근비대,랫 풀다운 머신,100.0,9,4,78
남성,10대,82.7,중급자,근비대,어시스트 풀업 머신,75.0,9,3,73
여성,40대,70.9,초보자,다이어트,시티드 로우 머신,12.5,20,3,50
남성,20대,65.4,초보자,재활/건강,레그 컬 머신,12.5,18,2,110
남성,60대 이상,98.9,중급자,재활/건강,레그 프레스 머신,40.0,17,2,107
여성,40대,46.2,상급자,재활/건강,레그 프레스 머신,20.0,16,2,91
여성,50대,64.7,중급자,다이어트,레그 컬 머신,25.0,20,3,56
여성,50대,45.4,중급자,스트렝스,레그 컬 머신,32.5,5,4,147
남성,40대,70.7,중급자,다이어트,펙덱 플라이 머신,42.5,16,3,30
남성,60대 이상,64.4,상급자,다이어트,어시스트 풀업 머신,62.5,15,3,37
남성,40대,70.3,중급자,근비대,오버헤드 프레스,40.0,9,4,82
남성,60대 이상,62.8,상급자,근비대,루마니안 데드리프트,57.5,11,3,85
남성,50대,80.1,중급자,스트렝스,어시스트 풀업 머신,85.0,5,4,162
남성,40대,53.1,중급자,근비대,인클라인 덤벨 프레스,32.5,8,4,67
남성,40대,86.5,초보자,스트렝스,펙덱 플라이 머신,45.0,5,4,139
남성,50대,69.8,초보자,근비대,체스트 프레스 머신,30.0,9,4,90
남성,10대,48.2,중급자,재활/건강,레그 컬 머신,20.0,20,2,116
여성,20대,45.2,초보자,스트렝스,체스트 프레스 머신,15.0,4,5,124
남성,30대,82.2,초보자,재활/건강,페이스 풀,12.5,15,2,99
여성,60대 이상,67.6,초보자,재활/건강,바벨 로우,5.0,17,2,111
남성,50대,83.3,중급자,근비대,바벨 스쿼트,47.5,10,3,70
여성,40대,52.6,상급자,다이어트,오버헤드 프레스,22.5,15,3,53
여성,30대,43.3,상급자,재활/건강,워킹 런지,12.5,20,2,99
남성,60대 이상,88.6,초보자,스트렝스,루마니안 데드리프트,32.5,4,4,139
남성,10대,70.8,중급자,근비대,어시스트 풀업 머신,65.0,12,3,69
여성,20대,47.5,초보자,다이어트,바벨 로우,7.5,17,3,57
여성,60대 이상,78.4,상급자,다이어트,레그 프레스 머신,55.0,16,3,53
여성,30대,45.1,중급자,다이어트,바벨 로우,12.5,18,3,43
남성,50대,84.7,중급자,다이어트,레그 익스텐션 머신,57.5,19,3,44
남성,10대,87.2,중급자,재활/건강,펙덱 플라이 머신,42.5,18,3,99
여성,30대,66.1,중급자,근비대,펙덱 플라이 머신,37.5,10,4,68
여성,30대,51.5,초보자,근비대,오버헤드 프레스,10.0,11,3,88
여성,60대 이상,49.0,초보자,근비대,체스트 프레스 머신,15.0,10,4,78
여성,10대,56.4,상급자,근비대,펙덱 플라이 머신,47.5,8,3,61
남성,60대 이상,77.2,상급자,근비대,사이드 레터럴 레이즈,72.5,9,3,74
남성,30대,82.6,초보자,다이어트,숄더 프레스 머신,27.5,20,3,36
여성,30대,67.0,중급자,다이어트,레그 익스텐션 머신,27.5,16,3,50
남성,10대,77.1,초보자,근비대,사이드 레터럴 레이즈,25.0,12,3,71
여성,50대,59.0,상급자,스트렝스,레그 컬 머신,65.0,3,5,127
여성,60대 이상,61.7,중급자,근비대,랫 풀다운 머신,35.0,8,3,64
남성,10대,61.9,중급자,근비대,인클라인 덤벨 프레스,35.0,11,3,74
남성,20대,74.7,중급자,근비대,숄더 프레스 머신,70.0,11,4,70
여성,10대,58.8,초보자,스트렝스,루마니안 데드리프트,12.5,4,5,164
여성,10대,56.6,초보자,근비대,시티드 로우 머신,15.0,9,4,66
여성,60대 이상,63.4,초보자,근비대,레그 프레스 머신,17.5,10,4,66
남성,30대,69.1,초보자,스트렝스,루마니안 데드리프트,25.0,3,4,173
여성,60대 이상,60.2,초보자,재활/건강,워킹 런지,5.0,18,3,119
여성,40대,59.6,상급자,근비대,바벨 로우,35.0,10,4,82
남성,40대,84.0,초보자,스트렝스,펙덱 플라이 머신,45.0,3,4,144
남성,40대,100.4,상급자,스트렝스,레그 컬 머신,165.0,5,4,141
남성,60대 이상,67.5,중급자,근비대,벤치프레스,40.0,9,4,85
남성,30대,64.7,중급자,근비대,어시스트 풀업 머신,60.0,9,3,90
여성,10대,56.9,초보자,근비대,레그 컬 머신,17.5,10,4,78
남성,50대,80.2,초보자,스트렝스,루마니안 데드리프트,30.0,4,4,164
남성,50대,98.7,초보자,스트렝스,오버헤드 프레스,37.5,3,5,124
남성,50대,63.0,상급자,근비대,페이스 풀,55.0,10,3,73
남성,30대,70.1,중급자,근비대,레그 프레스 머신,60.0,11,3,72
여성,20대,47.0,상급자,재활/건강,펙덱 플라이 머신,17.5,17,2,99
남성,30대,79.3,중급자,스트렝스,바벨 로우,55.0,3,4,178
남성,40대,75.4,중급자,근비대,바벨 로우,42.5,10,3,63
여성,10대,57.7,상급자,재활/건강,워킹 런지,17.5,19,3,115
남성,60대 이상,70.7,상급자,재활/건강,체스트 프레스 머신,42.5,19,2,110
여성,40대,69.3,초보자,재활/건강,체스트 프레스 머신,7.5,19,2,93
여성,30대,58.5,상급자,다이어트,체스트 프레스 머신,40.0,19,3,41
남성,10대,55.6,중급자,다이어트,랫 풀다운 머신,35.0,19,3,41
남성,40대,66.5,중급자,근비대,워킹 런지,42.5,12,4,82
여성,50대,60.4,상급자,다이어트,오버헤드 프레스,27.5,18,3,30
남성,50대,95.8,중급자,다이어트,레그 익스텐션 머신,60.0,17,3,46
남성,30대,75.8,상급자,재활/건강,바벨 로우,35.0,19,2,106
남성,60대 이상,60.2,초보자,근비대,랫 풀다운 머신,27.5,11,3,65
남성,40대,64.5,초보자,다이어트,숄더 프레스 머신,20.0,18,3,39
여성,60대 이상,40.4,상급자,스트렝스,사이드 레터럴 레이즈,27.5,4,5,125
남성,50대,76.3,중급자,재활/건강,바벨 스쿼트,22.5,17,3,113
여성,30대,54.6,초보자,다이어트,레그 프레스 머신,10.0,19,3,37
남성,60대 이상,74.0,중급자,근비대,페이스 풀,47.5,8,4,66
여성,50대,52.9,초보자,스트렝스,오버헤드 프레스,12.5,3,4,151
남성,40대,62.9,상급자,스트렝스,펙덱 플라이 머신,100.0,3,5,127
남성,20대,82.5,상급자,스트렝스,숄더 프레스 머신,135.0,4,4,134
여성,10대,63.4,초보자,스트렝스,펙덱 플라이 머신,20.0,3,4,130
여성,60대 이상,54.9,상급자,근비대,레그 익스텐션 머신,50.0,12,4,79
여성,50대,71.0,중급자,재활/건강,시티드 로우 머신,20.0,18,3,99
남성,20대,70.3,초보자,다이어트,시티드 로우 머신,25.0,19,3,47
남성,10대,81.3,상급자,재활/건강,사이드 레터럴 레이즈,32.5,19,3,104
남성,50대,72.1,중급자,스트렝스,오버헤드 프레스,55.0,3,5,144
여성,60대 이상,48.1,상급자,스트렝스,펙덱 플라이 머신,52.5,3,5,179
여성,30대,55.9,상급자,근비대,펙덱 플라이 머신,50.0,8,3,68
여성,50대,56.6,초보자,다이어트,페이스 풀,7.5,18,3,43
남성,40대,73.8,상급자,다이어트,어시스트 풀업 머신,77.5,19,3,47
여성,30대,52.9,중급자,재활/건강,사이드 레터럴 레이즈,10.0,18,3,97
여성,50대,63.3,초보자,스트렝스,벤치프레스,12.5,4,4,121
여성,60대 이상,53.7,초보자,다이어트,체스트 프레스 머신,10.0,16,3,60
여성,60대 이상,55.5,중급자,근비대,오버헤드 프레스,20.0,12,4,60
남성,60대 이상,56.4,중급자,재활/건강,레그 프레스 머신,22.5,18,2,92
여성,60대 이상,40.3,상급자,재활/건강,펙덱 플라이 머신,17.5,17,2,90
여성,30대,44.6,초보자,스트렝스,바벨 로우,10.0,4,4,149
남성,60대 이상,72.5,상급자,다이어트,사이드 레터럴 레이즈,50.0,20,3,45
여성,50대,55.3,중급자,재활/건강,랫 풀다운 머신,12.5,20,3,95
여성,40대,49.0,초보자,다이어트,벤치프레스,7.5,15,3,60
남성,10대,83.6,초보자,근비대,벤치프레스,25.0,10,4,79
남성,50대,70.9,중급자,근비대,벤치프레스,45.0,10,4,69
여성,50대,57.6,상급자,근비대,펙덱 플라이 머신,50.0,10,4,68
남성,50대,65.9,중급자,스트렝스,오버헤드 프레스,45.0,3,5,179
남성,20대,64.1,상급자,다이어트,바벨 스쿼트,42.5,15,3,45
남성,30대,87.6,중급자,스트렝스,체스트 프레스 머신,95.0,5,4,159
여성,50대,47.2,상급자,재활/건강,레그 컬 머신,17.5,15,3,103
남성,10대,55.1,상급자,스트렝스,루마니안 데드리프트,62.5,4,5,130
남성,50대,88.5,초보자,근비대,펙덱 플라이 머신,37.5,12,4,83
남성,30대,71.2,초보자,스트렝스,루마니안 데드리프트,27.5,4,4,178
남성,20대,70.8,초보자,다이어트,펙덱 플라이 머신,25.0,17,3,32
남성,50대,65.6,상급자,스트렝스,레그 프레스 머신,107.5,5,4,160
남성,60대 이상,91.2,상급자,스트렝스,어시스트 풀업 머신,145.0,5,5,124
여성,20대,61.7,상급자,근비대,인클라인 덤벨 프레스,35.0,10,4,75
남성,40대,85.1,상급자,재활/건강,벤치프레스,32.5,17,2,101
남성,10대,71.4,초보자,근비대,체스트 프레스 머신,30.0,11,4,86
여성,50대,52.2,상급자,다이어트,바벨 스쿼트,22.5,20,3,51
여성,50대,58.0,상급자,스트렝스,사이드 레터럴 레이즈,42.5,3,4,143
남성,10대,68.7,초보자,근비대,오버헤드 프레스,20.0,10,4,62
여성,60대 이상,50.2,중급자,스트렝스,사이드 레터럴 레이즈,22.5,3,4,161
여성,30대,64.8,초보자,다이어트,시티드 로우 머신,12.5,17,3,32
남성,60대 이상,66.0,상급자,다이어트,페이스 풀,47.5,18,3,55
여성,20대,49.6,초보자,스트렝스,시티드 로우 머신,17.5,4,5,123
여성,10대,57.8,초보자,스트렝스,오버헤드 프레스,12.5,5,4,179
여성,60대 이상,62.5,상급자,스트렝스,바벨 스쿼트,45.0,4,5,167
여성,20대,69.5,중급자,다이어트,오버헤드 프레스,20.0,20,3,41
남성,50대,73.4,상급자,재활/건강,벤치프레스,30.0,15,2,103
여성,50대,67.7,중급자,다이어트,바벨 스쿼트,17.5,15,3,36
여성,40대,46.5,상급자,재활/건강,어시스트 풀업 머신,20.0,18,3,101
남성,10대,87.0,중급자,스트렝스,랫 풀다운 머신,90.0,3,4,171
남성,30대,66.4,상급자,재활/건강,루마니안 데드리프트,25.0,18,2,91
남성,10대,83.2,중급자,다이어트,레그 익스텐션 머신,55.0,16,3,52
여성,50대,59.3,중급자,다이어트,레그 프레스 머신,25.0,18,3,52
여성,60대 이상,66.4,상급자,다이어트,숄더 프레스 머신,45.0,16,3,48
남성,60대 이상,59.0,초보자,근비대,레그 프레스 머신,27.5,11,3,81
남성,40대,74.4,중급자,근비대,페이스 풀,45.0,8,4,69
여성,50대,56.3,초보자,다이어트,바벨 로우,7.5,20,3,34
남성,40대,79.4,중급자,근비대,루마니안 데드리프트,45.0,10,3,64
여성,50대,60.7,상급자,근비대,숄더 프레스 머신,55.0,8,4,60
여성,20대,65.6,중급자,스트렝스,펙덱 플라이 머신,45.0,4,5,150
여성,60대 이상,53.0,초보자,스트렝스,어시스트 풀업 머신,17.5,3,5,125
남성,40대,67.7,중급자,근비대,벤치프레스,40.0,8,4,77
남성,40대,83.2,초보자,스트렝스,레그 익스텐션 머신,47.5,4,4,172
여성,30대,47.1,초보자,재활/건강,벤치프레스,5.0,16,3,117
남성,30대,60.8,중급자,근비대,시티드 로우 머신,57.5,10,4,70
남성,30대,72.6,상급자,근비대,루마니안 데드리프트,65.0,11,4,69
남성,20대,88.1,상급자,근비대,체스트 프레스 머신,122.5,8,4,62
남성,20대,79.9,초보자,재활/건강,레그 컬 머신,17.5,17,2,96
남성,20대,97.6,상급자,다이어트,시티드 로우 머신,102.5,15,3,47
여성,40대,48.3,상급자,스트렝스,체스트 프레스 머신,55.0,3,5,128
남성,40대,53.8,초보자,근비대,랫 풀다운 머신,25.0,8,3,74
여성,30대,47.7,상급자,근비대,펙덱 플라이 머신,45.0,9,3,87
여성,20대,63.6,중급자,재활/건강,레그 익스텐션 머신,17.5,15,3,119
남성,20대,91.5,중급자,스트렝스,사이드 레터럴 레이즈,62.5,3,4,174
여성,50대,59.9,상급자,근비대,루마니안 데드리프트,35.0,8,3,66
여성,60대 이상,51.2,중급자,재활/건강,체스트 프레스 머신,12.5,20,3,107
남성,50대,90.3,초보자,스트렝스,펙덱 플라이 머신,47.5,4,5,170
남성,20대,61.4,중급자,재활/건강,시티드 로우 머신,25.0,19,2,101
남성,20대,88.4,중급자,재활/건강,레그 컬 머신,32.5,15,3,107
남성,60대 이상,73.1,상급자,스트렝스,인클라인 덤벨 프레스,80.0,5,5,172
남성,60대 이상,58.1,상급자,스트렝스,시티드 로우 머신,92.5,4,4,173
남성,20대,75.6,중급자,다이어트,숄더 프레스 머신,52.5,15,3,37
여성,20대,53.5,상급자,다이어트,루마니안 데드리프트,25.0,17,3,55
여성,10대,62.5,중급자,근비대,레그 컬 머신,37.5,10,4,79
남성,30대,79.0,초보자,다이어트,숄더 프레스 머신,25.0,16,3,48
여성,40대,55.0,중급자,근비대,레그 컬 머신,30.0,9,4,74
남성,60대 이상,96.9,중급자,다이어트,벤치프레스,42.5,18,3,42
여성,60대 이상,58.0,중급자,다이어트,벤치프레스,15.0,18,3,45
여성,40대,60.0,상급자,스트렝스,숄더 프레스 머신,67.5,5,4,173
여성,60대 이상,56.0,초보자,다이어트,인클라인 덤벨 프레스,7.5,16,3,44
남성,20대,87.7,초보자,재활/건강,벤치프레스,12.5,16,2,96
여성,40대,48.2,중급자,재활/건강,레그 프레스 머신,12.5,15,2,92
남성,40대,74.9,초보자,근비대,워킹 런지,22.5,11,4,88
여성,10대,59.3,중급자,다이어트,루마니안 데드리프트,15.0,18,3,48
여성,60대 이상,44.5,초보자,재활/건강,레그 컬 머신,5.0,16,2,106
여성,10대,46.7,상급자,근비대,벤치프레스,30.0,11,4,83
남성,40대,67.6,상급자,스트렝스,레그 컬 머신,115.0,4,4,160
남성,30대,77.9,상급자,재활/건강,오버헤드 프레스,30.0,15,3,93
여성,20대,60.3,초보자,근비대,어시스트 풀업 머신,17.5,9,3,69
여성,60대 이상,60.2,상급자,근비대,시티드 로우 머신,57.5,9,3,72
여성,60대 이상,48.8,상급자,재활/건강,바벨 스쿼트,15.0,18,3,109
남성,10대,60.1,초보자,근비대,바벨 로우,17.5,9,4,67
남성,10대,68.4,초보자,근비대,페이스 풀,20.0,8,4,72
남성,20대,62.4,상급자,근비대,루마니안 데드리프트,57.5,12,3,69
남성,60대 이상,57.3,중급자,스트렝스,워킹 런지,42.5,3,4,132
여성,20대,44.3,초보자,근비대,레그 프레스 머신,12.5,9,3,87
남성,20대,81.0,초보자,다이어트,바벨 스쿼트,17.5,17,3,48
여성,50대,55.6,상급자,다이어트,레그 프레스 머신,35.0,19,3,60
여성,50대,47.2,초보자,재활/건강,숄더 프레스 머신,5.0,16,3,117
여성,30대,53.7,초보자,근비대,시티드 로우 머신,15.0,12,3,78
여성,50대,44.6,초보자,다이어트,랫 풀다운 머신,7.5,17,3,59
여성,40대,61.0,초보자,근비대,사이드 레터럴 레이즈,10.0,8,3,60
남성,20대,75.2,상급자,다이어트,레그 익스텐션 머신,72.5,16,3,32
남성,10대,67.6,초보자,스트렝스,바벨 로우,25.0,3,5,180
여성,10대,59.9,초보자,재활/건강,어시스트 풀업 머신,7.5,15,2,96
남성,40대,81.2,상급자,근비대,바벨 로우,70.0,8,3,61
여성,10대,60.3,초보자,다이어트,랫 풀다운 머신,12.5,20,3,37
여성,60대 이상,57.4,상급자,다이어트,어시스트 풀업 머신,35.0,16,3,54
여성,10대,60.2,중급자,근비대,펙덱 플라이 머신,32.5,8,4,78
남성,60대 이상,74.0,상급자,스트렝스,시티드 로우 머신,120.0,5,4,154
남성,40대,38.7,초보자,재활/건강,레그 익스텐션 머신,7.5,19,2,104
남성,40대,81.0,중급자,다이어트,레그 프레스 머신,55.0,20,3,35
여성,10대,61.2,중급자,다이어트,시티드 로우 머신,25.0,18,3,30
여성,30대,42.5,초보자,근비대,페이스 풀,7.5,8,3,84
남성,30대,70.8,중급자,스트렝스,펙덱 플라이 머신,75.0,5,5,168
여성,40대,42.9,초보자,스트렝스,어시스트 풀업 머신,15.0,4,4,128
남성,20대,95.5,상급자,재활/건강,시티드 로우 머신,62.5,18,3,115
여성,10대,39.8,중급자,스트렝스,벤치프레스,17.5,5,4,149
남성,40대,64.1,상급자,근비대,사이드 레터럴 레이즈,57.5,9,3,85
남성,20대,78.0,중급자,다이어트,어시스트 풀업 머신,52.5,16,3,52
여성,20대,53.6,상급자,스트렝스,레그 컬 머신,57.5,3,5,180
여성,50대,56.2,중급자,재활/건강,벤치프레스,10.0,15,2,111
남성,40대,94.1,상급자,스트렝스,펙덱 플라이 머신,152.5,3,4,126
여성,20대,53.6,상급자,스트렝스,펙덱 플라이 머신,55.0,4,4,178
남성,10대,88.7,초보자,근비대,레그 프레스 머신,40.0,10,4,64
여성,60대 이상,41.8,상급자,다이어트,워킹 런지,17.5,19,3,39
여성,50대,52.9,상급자,재활/건강,어시스트 풀업 머신,25.0,20,3,108
여성,50대,59.3,초보자,스트렝스,루마니안 데드리프트,12.5,5,4,140
남성,40대,88.1,중급자,재활/건강,시티드 로우 머신,32.5,15,3,112
여성,40대,62.8,상급자,근비대,페이스 풀,40.0,12,4,77
여성,50대,66.8,초보자,다이어트,바벨 로우,10.0,20,3,37
남성,50대,74.7,상급자,근비대,랫 풀다운 머신,97.5,10,4,72
남성,10대,87.4,상급자,근비대,펙덱 플라이 머신,120.0,9,3,83
여성,30대,46.8,초보자,근비대,바벨 스쿼트,10.0,10,3,75
여성,40대,50.6,중급자,근비대,숄더 프레스 머신,27.5,11,3,67
남성,10대,58.6,상급자,근비대,어시스트 풀업 머신,80.0,10,3,65
남성,40대,73.2,초보자,다이어트,페이스 풀,15.0,17,3,32
남성,50대,78.4,초보자,스트렝스,시티드 로우 머신,42.5,3,4,136
여성,40대,47.6,중급자,다이어트,어시스트 풀업 머신,17.5,20,3,35
남성,40대,76.6,초보자,재활/건강,루마니안 데드리프트,10.0,20,3,111
여성,50대,64.2,초보자,재활/건강,랫 풀다운 머신,7.5,19,3,93
여성,50대,58.3,초보자,스트렝스,시티드 로우 머신,20.0,3,5,164
여성,30대,61.9,중급자,다이어트,레그 프레스 머신,27.5,16,3,37
여성,50대,68.2,중급자,근비대,랫 풀다운 머신,37.5,11,3,60
여성,20대,46.9,상급자,스트렝스,시티드 로우 머신,52.5,3,4,178
남성,10대,69.8,중급자,재활/건강,숄더 프레스 머신,32.5,17,3,91
여성,10대,66.0,초보자,근비대,레그 프레스 머신,17.5,8,4,61
여성,30대,49.6,초보자,스트렝스,레그 프레스 머신,17.5,3,5,175
여성,20대,51.3,중급자,다이어트,벤치프레스,15.0,20,3,54
남성,60대 이상,67.5,중급자,근비대,인클라인 덤벨 프레스,40.0,12,4,68
남성,60대 이상,85.6,상급자,재활/건강,레그 익스텐션 머신,50.0,19,2,112
남성,20대,73.2,중급자,재활/건강,사이드 레터럴 레이즈,22.5,18,2,116
남성,10대,80.0,초보자,재활/건강,어시스트 풀업 머신,15.0,15,2,93
남성,10대,95.4,중급자,근비대,체스트 프레스 머신,87.5,12,4,66
남성,10대,84.3,초보자,근비대,랫 풀다운 머신,40.0,11,3,87
남성,30대,73.9,중급자,다이어트,어시스트 풀업 머신,52.5,18,3,36
남성,20대,79.6,초보자,재활/건강,레그 익스텐션 머신,15.0,17,2,97
여성,10대,55.4,중급자,재활/건강,벤치프레스,10.0,15,3,111
남성,20대,63.4,상급자,스트렝스,워킹 런지,70.0,3,5,164
남성,40대,66.2,초보자,재활/건강,사이드 레터럴 레이즈,7.5,18,3,110
남성,30대,69.5,중급자,근비대,레그 컬 머신,60.0,8,3,73
여성,20대,68.8,초보자,근비대,숄더 프레스 머신,20.0,12,3,89
남성,50대,83.5,초보자,근비대,바벨 스쿼트,25.0,10,4,89
여성,40대,56.6,상급자,재활/건강,오버헤드 프레스,15.0,15,2,97
남성,10대,97.4,상급자,재활/건강,인클라인 덤벨 프레스,35.0,16,2,114
남성,30대,75.2,중급자,다이어트,워킹 런지,32.5,20,3,30
남성,10대,68.8,초보자,근비대,시티드 로우 머신,32.5,8,4,88
남성,60대 이상,82.2,초보자,다이어트,펙덱 플라이 머신,27.5,16,3,59
남성,50대,80.4,상급자,다이어트,어시스트 풀업 머신,80.0,17,3,37
남성,10대,69.8,초보자,재활/건강,벤치프레스,10.0,18,3,113
여성,20대,44.3,중급자,스트렝스,시티드 로우 머신,30.0,3,5,169
남성,50대,55.9,중급자,다이어트,워킹 런지,22.5,19,3,46
남성,20대,70.8,초보자,다이어트,사이드 레터럴 레이즈,15.0,20,3,33
남성,60대 이상,63.5,상급자,재활/건강,벤치프레스,22.5,18,3,90
남성,50대,75.1,상급자,스트렝스,시티드 로우 머신,125.0,4,5,123
남성,30대,93.3,상급자,다이어트,체스트 프레스 머신,90.0,16,3,53
남성,10대,79.2,초보자,근비대,숄더 프레스 머신,35.0,10,3,65
여성,30대,48.5,중급자,다이어트,바벨 로우,12.5,20,3,32
남성,40대,80.1,상급자,스트렝스,어시스트 풀업 머신,125.0,3,4,168
여성,10대,62.4,중급자,스트렝스,시티드 로우 머신,42.5,4,5,132
여성,10대,36.3,중급자,스트렝스,레그 프레스 머신,22.5,3,4,155
남성,30대,85.7,초보자,재활/건강,벤치프레스,10.0,20,3,114
남성,40대,78.2,상급자,근비대,랫 풀다운 머신,100.0,11,3,71
여성,10대,52.1,초보자,다이어트,페이스 풀,7.5,17,3,54
여성,30대,42.8,상급자,스트렝스,펙덱 플라이 머신,47.5,5,5,169
남성,30대,71.1,초보자,재활/건강,페이스 풀,12.5,15,2,118
여성,50대,58.0,초보자,스트렝스,펙덱 플라이 머신,17.5,3,4,170
남성,20대,74.8,상급자,재활/건강,오버헤드 프레스,27.5,18,3,94
여성,40대,45.4,중급자,스트렝스,체스트 프레스 머신,32.5,3,5,130
여성,30대,46.1,중급자,근비대,바벨 로우,17.5,9,3,61
남성,40대,79.8,중급자,근비대,벤치프레스,45.0,10,4,74
여성,10대,42.6,중급자,다이어트,사이드 레터럴 레이즈,12.5,17,3,31
여성,60대 이상,55.5,초보자,근비대,오버헤드 프레스,10.0,10,4,71
남성,40대,70.6,초보자,재활/건강,사이드 레터럴 레이즈,10.0,18,2,110
여성,30대,58.6,초보자,근비대,바벨 스쿼트,10.0,10,4,89
남성,20대,75.8,상급자,재활/건강,벤치프레스,27.5,16,2,101
여성,50대,68.9,상급자,근비대,벤치프레스,42.5,9,4,75
남성,40대,89.1,상급자,근비대,시티드 로우 머신,125.0,12,4,74
남성,20대,83.8,초보자,스트렝스,레그 프레스 머신,45.0,4,4,132
남성,40대,88.8,중급자,근비대,벤치프레스,55.0,9,4,71
여성,20대,57.5,상급자,다이어트,숄더 프레스 머신,42.5,16,3,48
남성,30대,77.6,중급자,재활/건강,바벨 로우,22.5,17,2,98
여성,30대,63.6,중급자,근비대,레그 컬 머신,37.5,10,4,89
남성,40대,75.6,중급자,다이어트,시티드 로우 머신,50.0,19,3,57
여성,40대,59.3,상급자,다이어트,랫 풀다운 머신,40.0,19,3,34
여성,40대,58.7,상급자,다이어트,레그 익스텐션 머신,40.0,17,3,60
여성,50대,59.6,초보자,다이어트,오버헤드 프레스,7.5,20,3,47
여성,60대 이상,57.9,상급자,재활/건강,레그 컬 머신,27.5,17,2,111
여성,40대,66.3,상급자,근비대,숄더 프레스 머신,60.0,8,3,67
여성,50대,57.7,상급자,스트렝스,숄더 프레스 머신,62.5,5,4,126
여성,10대,63.1,초보자,근비대,바벨 로우,12.5,11,4,85
여성,40대,45.2,초보자,다이어트,루마니안 데드리프트,5.0,16,3,37
여성,10대,62.7,초보자,다이어트,페이스 풀,10.0,18,3,56
여성,20대,62.9,초보자,다이어트,랫 풀다운 머신,12.5,20,3,52
남성,30대,49.7,상급자,스트렝스,시티드 로우 머신,80.0,5,5,151
남성,60대 이상,74.5,중급자,재활/건강,체스트 프레스 머신,27.5,15,3,109
남성,60대 이상,78.5,상급자,다이어트,레그 프레스 머신,72.5,16,3,58
여성,30대,60.2,초보자,재활/건강,레그 프레스 머신,10.0,15,2,116
여성,10대,50.7,초보자,스트렝스,페이스 풀,10.0,3,5,179
여성,50대,56.3,상급자,스트렝스,루마니안 데드리프트,40.0,5,5,127
남성,40대,60.7,중급자,다이어트,레그 익스텐션 머신,40.0,15,3,51
여성,10대,58.5,중급자,다이어트,사이드 레터럴 레이즈,15.0,19,3,32
여성,10대,53.8,초보자,스트렝스,랫 풀다운 머신,17.5,4,5,147
여성,20대,56.5,초보자,재활/건강,랫 풀다운 머신,7.5,17,2,104
여성,50대,63.5,상급자,재활/건강,페이스 풀,20.0,18,2,91
여성,40대,49.9,초보자,다이어트,숄더 프레스 머신,10.0,20,3,42
남성,10대,79.5,초보자,스트렝스,워킹 런지,27.5,3,5,175
여성,20대,54.1,상급자,스트렝스,루마니안 데드리프트,37.5,5,4,154
남성,40대,74.2,중급자,스트렝스,벤치프레스,55.0,4,4,149
여성,50대,34.7,중급자,다이어트,워킹 런지,10.0,20,3,49
남성,20대,82.1,초보자,근비대,바벨 로우,25.0,11,4,88
남성,20대,64.8,중급자,근비대,사이드 레터럴 레이즈,40.0,12,3,73
남성,20대,85.6,상급자,근비대,숄더 프레스 머신,122.5,8,4,70
남성,40대,80.7,상급자,다이어트,펙덱 플라이 머신,82.5,15,3,55
여성,40대,58.3,중급자,재활/건강,체스트 프레스 머신,15.0,15,3,107
남성,60대 이상,62.7,초보자,근비대,사이드 레터럴 레이즈,17.5,9,4,86
여성,30대,45.0,중급자,다이어트,바벨 스쿼트,12.5,17,3,55
여성,60대 이상,61.0,중급자,근비대,체스트 프레스 머신,37.5,10,3,62
남성,40대,70.4,중급자,재활/건강,벤치프레스,20.0,20,2,118
남성,30대,64.5,초보자,근비대,사이드 레터럴 레이즈,20.0,11,4,79
여성,40대,59.7,초보자,다이어트,사이드 레터럴 레이즈,7.5,17,3,39
남성,40대,88.3,초보자,다이어트,루마니안 데드리프트,20.0,17,3,54
여성,10대,65.0,상급자,스트렝스,체스트 프레스 머신,70.0,3,4,136
남성,20대,89.6,상급자,스트렝스,오버헤드 프레스,92.5,5,5,163
여성,20대,56.2,상급자,다이어트,레그 익스텐션 머신,40.0,18,3,31
여성,30대,66.4,초보자,재활/건강,레그 컬 머신,10.0,18,2,118
여성,40대,62.5,중급자,다이어트,오버헤드 프레스,17.5,16,3,34
여성,50대,55.7,초보자,스트렝스,사이드 레터럴 레이즈,12.5,5,5,145
여성,10대,63.9,초보자,재활/건강,레그 프레스 머신,7.5,19,3,113
남성,60대 이상,84.7,상급자,스트렝스,벤치프레스,87.5,4,4,147
남성,20대,56.4,중급자,근비대,어시스트 풀업 머신,52.5,8,4,83
남성,40대,73.6,중급자,스트렝스,바벨 스쿼트,55.0,4,4,121
여성,10대,51.0,상급자,스트렝스,레그 프레스 머신,55.0,3,5,158
남성,30대,83.0,중급자,재활/건강,바벨 스쿼트,22.5,16,2,103
여성,20대,51.5,중급자,다이어트,사이드 레터럴 레이즈,15.0,16,3,42
남성,20대,53.3,중급자,스트렝스,레그 컬 머신,55.0,5,4,155
남성,20대,74.5,중급자,다이어트,사이드 레터럴 레이즈,35.0,17,3,36
여성,60대 이상,48.2,초보자,스트렝스,레그 프레스 머신,17.5,3,5,130
여성,40대,53.6,초보자,스트렝스,레그 익스텐션 머신,17.5,5,5,130
남성,20대,72.0,상급자,다이어트,숄더 프레스 머신,70.0,17,3,56
여성,60대 이상,47.3,중급자,스트렝스,랫 풀다운 머신,30.0,5,4,174
여성,20대,56.7,상급자,스트렝스,랫 풀다운 머신,65.0,3,4,177
여성,20대,56.2,중급자,재활/건강,바벨 스쿼트,10.0,18,2,106
여성,60대 이상,64.7,상급자,다이어트,사이드 레터럴 레이즈,27.5,17,3,35
남성,10대,64.0,상급자,스트렝스,벤치프레스,65.0,4,4,175
남성,50대,72.2,중급자,다이어트,사이드 레터럴 레이즈,32.5,17,3,30
여성,10대,66.5,중급자,근비대,랫 풀다운 머신,35.0,12,4,68
남성,10대,64.0,초보자,근비대,루마니안 데드리프트,20.0,8,4,68
남성,60대 이상,74.3,상급자,재활/건강,바벨 스쿼트,35.0,15,2,111
남성,60대 이상,83.1,상급자,스트렝스,바벨 로우,92.5,4,4,178
여성,10대,59.1,중급자,다이어트,사이드 레터럴 레이즈,15.0,17,3,59
여성,40대,46.5,초보자,재활/건강,오버헤드 프레스,2.5,20,3,99
남성,30대,89.5,중급자,근비대,레그 프레스 머신,77.5,11,3,77
남성,20대,66.6,상급자,근비대,루마니안 데드리프트,60.0,11,4,85
남성,10대,86.1,초보자,다이어트,벤치프레스,20.0,17,3,47
여성,30대,46.3,상급자,다이어트,바벨 스쿼트,20.0,16,3,40
여성,10대,49.6,상급자,근비대,인클라인 덤벨 프레스,30.0,9,3,86
남성,60대 이상,85.5,초보자,다이어트,어시스트 풀업 머신,30.0,17,3,39
여성,30대,63.1,상급자,다이어트,랫 풀다운 머신,42.5,15,3,47
남성,10대,71.4,중급자,스트렝스,펙덱 플라이 머신,80.0,5,4,164
여성,60대 이상,47.6,초보자,근비대,숄더 프레스 머신,15.0,9,3,64
남성,40대,78.2,중급자,재활/건강,시티드 로우 머신,30.0,17,2,116
여성,40대,50.0,초보자,스트렝스,레그 컬 머신,17.5,4,4,140
남성,20대,66.9,중급자,다이어트,오버헤드 프레스,30.0,16,3,47
여성,60대 이상,46.3,초보자,근비대,루마니안 데드리프트,7.5,12,3,66
남성,40대,67.2,중급자,근비대,레그 익스텐션 머신,62.5,8,4,67
여성,40대,59.1,중급자,다이어트,레그 익스텐션 머신,25.0,18,3,39
여성,40대,50.8,초보자,스트렝스,펙덱 플라이 머신,15.0,4,4,171
남성,60대 이상,65.3,초보자,재활/건강,어시스트 풀업 머신,12.5,20,3,99
여성,40대,72.5,초보자,스트렝스,어시스트 풀업 머신,25.0,4,5,155
남성,10대,98.2,중급자,다이어트,바벨 스쿼트,42.5,17,3,59
남성,30대,79.8,초보자,근비대,시티드 로우 머신,35.0,11,4,65
남성,50대,85.8,초보자,스트렝스,인클라인 덤벨 프레스,30.0,3,5,138
여성,10대,60.3,상급자,다이어트,워킹 런지,25.0,19,3,52
여성,30대,54.7,초보자,근비대,체스트 프레스 머신,15.0,8,3,76
여성,60대 이상,50.9,상급자,스트렝스,숄더 프레스 머신,55.0,3,5,153
남성,40대,88.5,상급자,재활/건강,랫 풀다운 머신,55.0,16,2,113
여성,30대,52.5,상급자,다이어트,사이드 레터럴 레이즈,22.5,15,3,47
남성,50대,67.2,상급자,다이어트,레그 컬 머신,62.5,15,3,30
남성,50대,86.2,중급자,스트렝스,바벨 로우,62.5,3,5,161
여성,30대,39.9,초보자,스트렝스,사이드 레터럴 레이즈,7.5,3,5,124
남성,30대,72.9,중급자,재활/건강,체스트 프레스 머신,32.5,16,2,103
여성,40대,54.3,상급자,근비대,페이스 풀,30.0,10,4,83
남성,30대,67.7,상급자,재활/건강,랫 풀다운 머신,47.5,19,3,98
여성,10대,52.0,초보자,다이어트,오버헤드 프레스,7.5,19,3,60
남성,50대,63.9,상급자,다이어트,숄더 프레스 머신,62.5,17,3,48
여성,10대,50.0,상급자,재활/건강,워킹 런지,15.0,16,3,98
여성,40대,68.1,초보자,다이어트,랫 풀다운 머신,15.0,15,3,50
남성,30대,79.1,초보자,재활/건강,레그 프레스 머신,17.5,16,3,111
여성,10대,65.4,중급자,재활/건강,어시스트 풀업 머신,17.5,15,2,120
여성,60대 이상,65.9,상급자,재활/건강,체스트 프레스 머신,25.0,15,2,114
여성,40대,59.7,초보자,근비대,레그 컬 머신,17.5,11,3,73
여성,60대 이상,53.0,중급자,근비대,시티드 로우 머신,30.0,8,3,73
남성,20대,81.8,중급자,다이어트,워킹 런지,37.5,16,3,48
여성,40대,63.7,중급자,스트렝스,사이드 레터럴 레이즈,30.0,5,5,149
여성,50대,61.8,초보자,스트렝스,페이스 풀,12.5,4,5,174
남성,10대,73.7,중급자,재활/건강,벤치프레스,22.5,16,2,94
여성,40대,57.1,중급자,근비대,페이스 풀,20.0,9,4,62
여성,50대,49.5,상급자,재활/건강,바벨 로우,12.5,18,2,97
여성,10대,58.5,중급자,다이어트,페이스 풀,15.0,16,3,37
여성,50대,45.0,중급자,재활/건강,루마니안 데드리프트,7.5,15,2,114
여성,10대,69.4,상급자,근비대,시티드 로우 머신,65.0,10,4,60
남성,20대,84.2,초보자,재활/건강,루마니안 데드리프트,12.5,15,2,92
남성,60대 이상,93.8,중급자,스트렝스,시티드 로우 머신,105.0,3,4,144
남성,60대 이상,82.5,상급자,다이어트,바벨 로우,50.0,15,3,50
여성,20대,51.2,중급자,다이어트,사이드 레터럴 레이즈,15.0,19,3,60
여성,50대,59.2,중급자,스트렝스,바벨 로우,25.0,5,4,128
여성,30대,43.7,중급자,근비대,레그 프레스 머신,25.0,10,4,73
남성,30대,81.2,초보자,스트렝스,어시스트 풀업 머신,42.5,3,4,164
여성,20대,69.8,초보자,재활/건강,시티드 로우 머신,10.0,17,2,99
여성,60대 이상,57.5,상급자,근비대,워킹 런지,35.0,9,3,68
여성,50대,56.3,상급자,스트렝스,체스트 프레스 머신,57.5,3,5,126
남성,30대,78.3,초보자,재활/건강,인클라인 덤벨 프레스,12.5,17,2,100
남성,50대,71.8,상급자,근비대,펙덱 플라이 머신,95.0,11,3,82
남성,10대,78.1,초보자,재활/건강,페이스 풀,12.5,20,2,108
여성,60대 이상,48.6,초보자,다이어트,인클라인 덤벨 프레스,7.5,15,3,59
남성,40대,82.2,중급자,근비대,워킹 런지,52.5,8,3,73
남성,60대 이상,68.1,초보자,재활/건강,펙덱 플라이 머신,12.5,15,3,97
남성,40대,90.9,상급자,근비대,워킹 런지,77.5,12,4,76
여성,40대,60.4,중급자,재활/건강,벤치프레스,12.5,16,3,120
여성,50대,51.2,중급자,재활/건강,어시스트 풀업 머신,15.0,20,3,95
남성,10대,76.0,중급자,근비대,어시스트 풀업 머신,72.5,10,4,68
여성,30대,65.1,상급자,다이어트,바벨 스쿼트,30.0,16,3,58
여성,50대,64.9,상급자,재활/건강,바벨 로우,20.0,15,3,100
남성,10대,83.5,중급자,다이어트,워킹 런지,35.0,16,3,58
남성,40대,80.1,중급자,다이어트,시티드 로우 머신,55.0,18,3,60
여성,60대 이상,50.5,상급자,스트렝스,숄더 프레스 머신,55.0,3,5,162
여성,60대 이상,41.7,상급자,재활/건강,체스트 프레스 머신,20.0,19,3,94
여성,10대,54.7,중급자,다이어트,벤치프레스,15.0,20,3,47
남성,60대 이상,83.6,중급자,재활/건강,레그 프레스 머신,35.0,16,2,110
여성,60대 이상,40.5,상급자,근비대,레그 프레스 머신,37.5,11,3,77
여성,50대,55.1,상급자,스트렝스,페이스 풀,40.0,5,4,130
남성,40대,71.6,상급자,근비대,레그 프레스 머신,100.0,12,3,79
여성,50대,47.1,중급자,근비대,레그 익스텐션 머신,27.5,10,3,70
여성,20대,54.1,중급자,다이어트,페이스 풀,15.0,19,3,35
여성,60대 이상,54.8,상급자,근비대,바벨 로우,32.5,12,3,79
남성,30대,61.6,중급자,다이어트,바벨 로우,30.0,18,3,58
남성,50대,67.1,초보자,재활/건강,레그 프레스 머신,15.0,15,2,111
여성,50대,50.8,중급자,다이어트,시티드 로우 머신,22.5,16,3,44
남성,40대,75.6,상급자,재활/건강,루마니안 데드리프트,32.5,17,2,106
남성,60대 이상,62.8,초보자,근비대,레그 익스텐션 머신,27.5,10,3,76
남성,30대,71.8,초보자,스트렝스,인클라인 덤벨 프레스,27.5,3,5,153
남성,30대,76.9,초보자,다이어트,루마니안 데드리프트,17.5,15,3,30
여성,30대,63.9,상급자,스트렝스,레그 컬 머신,70.0,3,5,171
남성,20대,90.3,중급자,근비대,숄더 프레스 머신,77.5,9,4,61
남성,10대,71.5,초보자,근비대,바벨 스쿼트,20.0,9,3,90
남성,20대,96.1,상급자,다이어트,사이드 레터럴 레이즈,62.5,17,3,55
여성,30대,50.0,초보자,재활/건강,랫 풀다운 머신,5.0,16,2,98
남성,20대,69.7,초보자,스트렝스,페이스 풀,25.0,4,5,145
남성,30대,78.8,상급자,재활/건강,랫 풀다운 머신,42.5,18,3,114
여성,50대,53.6,상급자,근비대,인클라인 덤벨 프레스,32.5,10,3,75
여성,10대,47.2,초보자,재활/건강,펙덱 플라이 머신,7.5,16,3,94
여성,50대,34.9,상급자,다이어트,인클라인 덤벨 프레스,15.0,16,3,54
여성,60대 이상,41.5,상급자,재활/건강,페이스 풀,12.5,17,3,118
남성,60대 이상,78.8,상급자,다이어트,오버헤드 프레스,50.0,17,3,54
남성,10대,97.9,중급자,재활/건강,시티드 로우 머신,42.5,20,2,113
남성,10대,72.9,중급자,스트렝스,시티드 로우 머신,77.5,3,4,140
여성,60대 이상,51.5,상급자,근비대,펙덱 플라이 머신,45.0,10,3,81
여성,20대,61.9,초보자,스트렝스,인클라인 덤벨 프레스,15.0,4,4,134
여성,20대,61.2,중급자,스트렝스,숄더 프레스 머신,40.0,5,5,121
남성,60대 이상,69.1,상급자,다이어트,랫 풀다운 머신,70.0,20,3,50
여성,10대,54.7,초보자,근비대,바벨 스쿼트,10.0,10,4,65
여성,60대 이상,62.3,초보자,재활/건강,벤치프레스,5.0,15,3,91
여성,10대,53.7,상급자,스트렝스,루마니안 데드리프트,40.0,3,4,154
여성,50대,58.8,초보자,다이어트,벤치프레스,7.5,20,3,47
여성,20대,38.9,초보자,다이어트,벤치프레스,5.0,17,3,42
남성,30대,69.1,상급자,다이어트,워킹 런지,42.5,20,3,36
여성,60대 이상,53.0,중급자,재활/건강,벤치프레스,10.0,17,3,116
여성,40대,60.9,상급자,재활/건강,오버헤드 프레스,17.5,16,3,102
남성,40대,69.6,초보자,재활/건강,레그 프레스 머신,15.0,17,2,105
남성,30대,74.7,중급자,스트렝스,펙덱 플라이 머신,85.0,3,5,144
여성,40대,54.2,초보자,다이어트,레그 익스텐션 머신,10.0,19,3,38
남성,50대,73.1,중급자,근비대,숄더 프레스 머신,65.0,8,4,61
남성,40대,72.2,상급자,재활/건강,인클라인 덤벨 프레스,27.5,18,2,109
여성,10대,53.6,중급자,스트렝스,레그 익스텐션 머신,37.5,3,4,136
여성,10대,61.1,상급자,다이어트,루마니안 데드리프트,25.0,15,3,32
남성,30대,68.2,상급자,스트렝스,벤치프레스,77.5,5,4,126
남성,50대,69.0,중급자,근비대,벤치프레스,42.5,10,4,64
여성,20대,41.7,초보자,스트렝스,인클라인 덤벨 프레스,10.0,3,4,143
여성,30대,61.3,중급자,재활/건강,오버헤드 프레스,12.5,17,2,110
남성,30대,71.4,중급자,재활/건강,시티드 로우 머신,32.5,17,2,118
남성,50대,78.5,초보자,다이어트,랫 풀다운 머신,27.5,17,3,51
여성,40대,34.1,중급자,재활/건강,페이스 풀,5.0,19,2,101
여성,10대,43.3,중급자,근비대,레그 익스텐션 머신,25.0,9,3,74
남성,20대,67.0,상급자,스트렝스,페이스 풀,70.0,5,4,144
여성,40대,70.5,상급자,근비대,루마니안 데드리프트,40.0,10,3,75
남성,40대,76.8,중급자,재활/건강,레그 컬 머신,30.0,18,2,102
남성,60대 이상,75.0,중급자,다이어트,어시스트 풀업 머신,52.5,16,3,45
여성,50대,74.8,상급자,다이어트,체스트 프레스 머신,50.0,17,3,49
여성,20대,37.6,초보자,다이어트,레그 컬 머신,7.5,17,3,35
남성,40대,57.6,상급자,스트렝스,인클라인 덤벨 프레스,60.0,5,4,126
여성,50대,51.3,중급자,스트렝스,체스트 프레스 머신,32.5,3,4,146
남성,10대,76.9,상급자,스트렝스,펙덱 플라이 머신,130.0,4,5,139
남성,20대,67.7,초보자,근비대,체스트 프레스 머신,30.0,9,4,62
여성,50대,61.8,중급자,스트렝스,숄더 프레스 머신,42.5,5,5,162
남성,50대,73.0,상급자,다이어트,레그 익스텐션 머신,67.5,20,3,60
남성,30대,85.1,중급자,재활/건강,레그 컬 머신,35.0,20,2,120
남성,10대,76.2,상급자,재활/건강,숄더 프레스 머신,52.5,17,2,101
여성,50대,42.2,상급자,근비대,레그 프레스 머신,37.5,9,3,88
여성,30대,41.2,초보자,다이어트,레그 익스텐션 머신,10.0,17,3,46
여성,30대,50.1,초보자,다이어트,페이스 풀,7.5,19,3,48
여성,50대,58.7,초보자,근비대,시티드 로우 머신,17.5,8,3,76
남성,50대,67.6,중급자,근비대,사이드 레터럴 레이즈,42.5,8,4,86
남성,60대 이상,74.1,상급자,재활/건강,워킹 런지,30.0,15,2,97
여성,20대,55.6,중급자,근비대,숄더 프레스 머신,30.0,8,3,84
남성,50대,81.4,상급자,재활/건강,펙덱 플라이 머신,52.5,15,2,112
여성,40대,51.1,중급자,근비대,벤치프레스,20.0,9,4,68
남성,40대,75.4,중급자,스트렝스,체스트 프레스 머신,77.5,5,4,124
여성,30대,51.5,상급자,재활/건강,레그 프레스 머신,22.5,20,2,118
여성,40대,49.7,중급자,다이어트,레그 컬 머신,22.5,17,3,38
남성,10대,82.4,초보자,다이어트,체스트 프레스 머신,25.0,15,3,31
남성,60대 이상,66.7,중급자,근비대,바벨 로우,37.5,12,3,60
여성,60대 이상,55.8,상급자,근비대,체스트 프레스 머신,50.0,10,3,76
남성,10대,72.0,초보자,근비대,숄더 프레스 머신,35.0,8,3,66
남성,20대,79.6,초보자,다이어트,페이스 풀,17.5,15,3,48
여성,40대,45.7,초보자,다이어트,레그 프레스 머신,10.0,19,3,55
여성,20대,51.6,초보자,재활/건강,인클라인 덤벨 프레스,5.0,19,2,114
남성,40대,84.5,중급자,근비대,숄더 프레스 머신,75.0,10,3,69
여성,40대,50.4,초보자,스트렝스,레그 컬 머신,17.5,4,4,140
남성,20대,88.9,상급자,근비대,레그 프레스 머신,117.5,11,4,77
여성,10대,47.2,초보자,재활/건강,시티드 로우 머신,5.0,16,2,119
남성,40대,67.0,초보자,근비대,루마니안 데드리프트,20.0,12,4,72
남성,20대,75.1,초보자,근비대,루마니안 데드리프트,22.5,8,3,79
여성,10대,43.8,상급자,다이어트,루마니안 데드리프트,17.5,16,3,48
남성,20대,59.0,상급자,다이어트,페이스 풀,35.0,15,3,55
남성,20대,71.1,상급자,근비대,사이드 레터럴 레이즈,62.5,12,3,80
남성,30대,86.2,중급자,스트렝스,어시스트 풀업 머신,95.0,5,5,161
남성,20대,78.1,초보자,스트렝스,랫 풀다운 머신,40.0,5,5,174
남성,10대,81.3,중급자,재활/건강,벤치프레스,22.5,19,2,95
남성,40대,66.0,초보자,스트렝스,어시스트 풀업 머신,37.5,3,4,162
여성,10대,63.4,중급자,재활/건강,인클라인 덤벨 프레스,12.5,18,3,91
여성,30대,47.6,상급자,근비대,숄더 프레스 머신,45.0,8,4,68
남성,60대 이상,75.3,중급자,재활/건강,사이드 레터럴 레이즈,22.5,20,2,118
남성,50대,61.8,상급자,다이어트,시티드 로우 머신,60.0,15,3,30
남성,30대,78.4,중급자,스트렝스,인클라인 덤벨 프레스,57.5,3,5,166
남성,30대,78.2,초보자,근비대,바벨 로우,22.5,12,3,85
남성,60대 이상,73.0,초보자,스트렝스,워킹 런지,27.5,5,5,162
여성,60대 이상,52.4,중급자,다이어트,체스트 프레스 머신,20.0,16,3,40
여성,50대,58.2,중급자,재활/건강,레그 익스텐션 머신,12.5,18,2,94
여성,60대 이상,57.3,상급자,재활/건강,시티드 로우 머신,25.0,17,3,115
여성,20대,49.2,상급자,스트렝스,워킹 런지,35.0,5,5,172
남성,60대 이상,71.3,초보자,근비대,인클라인 덤벨 프레스,22.5,12,4,78
남성,60대 이상,60.7,초보자,스트렝스,시티드 로우 머신,32.5,4,4,129
남성,30대,77.4,초보자,재활/건강,펙덱 플라이 머신,17.5,16,2,92
남성,30대,81.3,초보자,근비대,숄더 프레스 머신,40.0,12,4,63
여성,20대,66.7,초보자,근비대,인클라인 덤벨 프레스,12.5,9,3,67
남성,30대,70.0,초보자,스트렝스,벤치프레스,25.0,4,5,153
여성,30대,45.8,중급자,다이어트,벤치프레스,12.5,18,3,33
여성,30대,68.4,상급자,재활/건강,숄더 프레스 머신,25.0,20,2,108
여성,20대,57.9,중급자,재활/건강,시티드 로우 머신,12.5,18,2,90
남성,60대 이상,81.2,상급자,재활/건강,레그 익스텐션 머신,52.5,19,2,109
여성,40대,72.1,초보자,다이어트,시티드 로우 머신,15.0,17,3,52
여성,20대,55.3,중급자,다이어트,레그 프레스 머신,22.5,20,3,37
남성,10대,60.9,중급자,근비대,체스트 프레스 머신,57.5,11,4,80
여성,60대 이상,45.3,상급자,재활/건강,숄더 프레스 머신,20.0,15,3,98
남성,10대,83.0,중급자,다이어트,체스트 프레스 머신,55.0,18,3,60
여성,10대,63.1,초보자,근비대,펙덱 플라이 머신,17.5,11,3,82
여성,60대 이상,65.6,중급자,스트렝스,레그 프레스 머신,42.5,4,5,175
남성,30대,55.4,중급자,재활/건강,벤치프레스,15.0,20,2,113
여성,40대,47.6,중급자,스트렝스,레그 프레스 머신,32.5,5,5,143
여성,10대,58.7,상급자,근비대,어시스트 풀업 머신,50.0,9,3,64
여성,20대,61.8,초보자,스트렝스,바벨 스쿼트,15.0,4,5,138
남성,20대,63.4,상급자,다이어트,바벨 스쿼트,42.5,15,3,40
여성,50대,43.2,상급자,다이어트,벤치프레스,20.0,17,3,47
여성,40대,58.7,상급자,근비대,숄더 프레스 머신,50.0,9,4,66
남성,10대,73.1,상급자,근비대,인클라인 덤벨 프레스,65.0,10,3,83
여성,10대,52.6,상급자,스트렝스,펙덱 플라이 머신,57.5,4,5,170
남성,60대 이상,72.7,상급자,재활/건강,벤치프레스,30.0,19,3,116
남성,40대,80.5,상급자,다이어트,바벨 스쿼트,50.0,16,3,58
여성,60대 이상,44.9,중급자,스트렝스,어시스트 풀업 머신,32.5,3,4,145
남성,20대,67.9,중급자,다이어트,바벨 스쿼트,30.0,15,3,43
남성,50대,61.2,중급자,재활/건강,레그 컬 머신,30.0,16,2,108
남성,60대 이상,70.9,상급자,다이어트,사이드 레터럴 레이즈,45.0,15,3,42
남성,30대,70.8,초보자,스트렝스,페이스 풀,25.0,3,4,124
남성,40대,85.2,중급자,재활/건강,시티드 로우 머신,37.5,18,2,113
여성,50대,57.9,초보자,근비대,사이드 레터럴 레이즈,12.5,10,4,67
남성,40대,80.1,상급자,재활/건강,루마니안 데드리프트,37.5,15,3,108
여성,60대 이상,61.8,초보자,스트렝스,레그 프레스 머신,20.0,3,5,156
여성,20대,45.8,상급자,근비대,펙덱 플라이 머신,40.0,8,4,60
여성,40대,67.5,상급자,근비대,레그 익스텐션 머신,60.0,9,4,67
남성,40대,86.3,중급자,스트렝스,펙덱 플라이 머신,92.5,3,4,138
남성,50대,79.7,중급자,다이어트,레그 프레스 머신,57.5,19,3,48
여성,10대,51.0,중급자,스트렝스,사이드 레터럴 레이즈,22.5,5,5,139
남성,40대,69.2,상급자,다이어트,레그 프레스 머신,75.0,18,3,56
남성,20대,84.5,상급자,재활/건강,레그 컬 머신,50.0,17,3,97
남성,40대,73.5,중급자,재활/건강,페이스 풀,20.0,19,2,113
남성,10대,63.5,중급자,근비대,바벨 로우,37.5,11,3,82
여성,30대,71.2,중급자,근비대,바벨 로우,25.0,11,4,80
여성,50대,67.1,상급자,다이어트,루마니안 데드리프트,27.5,19,3,39
여성,40대,48.0,중급자,다이어트,체스트 프레스 머신,20.0,17,3,37
여성,10대,51.5,중급자,다이어트,펙덱 플라이 머신,22.5,20,3,43
남성,20대,76.5,초보자,재활/건강,시티드 로우 머신,15.0,20,2,94
여성,50대,56.6,초보자,다이어트,페이스 풀,7.5,15,3,51
남성,50대,77.8,상급자,재활/건강,체스트 프레스 머신,52.5,20,3,104
남성,40대,94.5,상급자,근비대,숄더 프레스 머신,122.5,9,4,90
남성,30대,82.3,중급자,재활/건강,레그 프레스 머신,32.5,16,2,103
남성,20대,80.4,초보자,스트렝스,레그 컬 머신,45.0,4,4,122
남성,20대,90.1,상급자,재활/건강,벤치프레스,35.0,16,3,119
여성,60대 이상,50.2,상급자,다이어트,시티드 로우 머신,35.0,16,3,54
남성,20대,83.9,상급자,다이어트,숄더 프레스 머신,77.5,16,3,32
여성,10대,52.9,상급자,스트렝스,바벨 로우,37.5,4,5,168
여성,10대,60.5,초보자,스트렝스,시티드 로우 머신,20.0,5,4,169
남성,50대,48.5,중급자,다이어트,인클라인 덤벨 프레스,22.5,18,3,60
여성,40대,58.9,초보자,스트렝스,워킹 런지,12.5,4,4,161
남성,50대,65.4,상급자,스트렝스,바벨 스쿼트,67.5,5,4,153
남성,20대,53.6,상급자,스트렝스,인클라인 덤벨 프레스,55.0,5,5,132
여성,10대,48.1,상급자,재활/건강,펙덱 플라이 머신,20.0,18,3,119
여성,60대 이상,59.7,상급자,재활/건강,페이스 풀,15.0,15,2,104
여성,50대,55.4,초보자,재활/건강,바벨 스쿼트,5.0,19,2,90
여성,60대 이상,52.2,중급자,다이어트,랫 풀다운 머신,22.5,20,3,33
여성,50대,54.0,초보자,다이어트,오버헤드 프레스,7.5,19,3,54
여성,10대,40.8,중급자,근비대,펙덱 플라이 머신,22.5,8,4,73
여성,30대,46.5,초보자,재활/건강,페이스 풀,5.0,17,3,117
여성,60대 이상,46.2,중급자,재활/건강,인클라인 덤벨 프레스,7.5,17,2,95
여성,50대,52.1,상급자,근비대,펙덱 플라이 머신,47.5,9,4,90
남성,10대,89.5,초보자,스트렝스,펙덱 플라이 머신,50.0,3,5,168
남성,20대,72.9,중급자,다이어트,벤치프레스,30.0,18,3,32
남성,40대,79.4,상급자,스트렝스,인클라인 덤벨 프레스,85.0,3,5,156
남성,30대,66.0,중급자,재활/건강,벤치프레스,20.0,19,2,99
남성,30대,78.7,중급자,다이어트,벤치프레스,37.5,19,3,33
남성,50대,76.9,상급자,재활/건강,인클라인 덤벨 프레스,35.0,18,3,99
남성,50대,86.7,상급자,근비대,벤치프레스,82.5,9,3,60
남성,10대,69.7,초보자,근비대,루마니안 데드리프트,20.0,11,3,84
여성,60대 이상,49.4,중급자,근비대,바벨 스쿼트,20.0,9,4,80
남성,20대,71.4,초보자,재활/건강,레그 컬 머신,15.0,16,3,90
여성,10대,68.9,상급자,근비대,오버헤드 프레스,42.5,12,3,87
여성,20대,59.9,상급자,스트렝스,바벨 로우,40.0,5,5,166
남성,10대,65.9,상급자,다이어트,인클라인 덤벨 프레스,45.0,20,3,56
남성,40대,70.3,초보자,다이어트,오버헤드 프레스,15.0,20,3,39
여성,20대,57.6,초보자,다이어트,워킹 런지,7.5,20,3,42
여성,60대 이상,40.2,상급자,스트렝스,사이드 레터럴 레이즈,27.5,5,4,141
남성,10대,64.1,초보자,근비대,페이스 풀,17.5,11,4,60
여성,60대 이상,56.2,상급자,재활/건강,벤치프레스,15.0,16,2,100
여성,60대 이상,49.9,중급자,근비대,페이스 풀,20.0,9,4,67
여성,40대,45.0,중급자,스트렝스,체스트 프레스 머신,32.5,5,5,130
남성,10대,85.7,상급자,재활/건강,워킹 런지,37.5,19,3,95
여성,60대 이상,53.1,중급자,근비대,펙덱 플라이 머신,27.5,12,3,62
남성,50대,67.2,초보자,재활/건강,오버헤드 프레스,10.0,17,3,99
남성,60대 이상,80.7,초보자,다이어트,레그 익스텐션 머신,25.0,19,3,37
여성,30대,62.7,상급자,재활/건강,랫 풀다운 머신,25.0,16,2,110
여성,60대 이상,70.9,상급자,근비대,오버헤드 프레스,42.5,9,4,88
여성,10대,51.2,상급자,스트렝스,레그 프레스 머신,55.0,3,5,160
여성,40대,56.5,상급자,스트렝스,시티드 로우 머신,60.0,5,4,135
남성,30대,70.5,중급자,근비대,레그 프레스 머신,60.0,11,3,66
여성,20대,55.4,상급자,다이어트,레그 프레스 머신,37.5,16,3,31
여성,10대,64.3,초보자,스트렝스,시티드 로우 머신,22.5,5,5,157
남성,60대 이상,80.6,중급자,재활/건강,인클라인 덤벨 프레스,25.0,19,2,118
여성,10대,63.1,초보자,재활/건강,레그 컬 머신,7.5,16,2,93
남성,60대 이상,78.5,상급자,스트렝스,펙덱 플라이 머신,125.0,3,5,132
여성,20대,58.1,초보자,스트렝스,레그 프레스 머신,20.0,3,5,179
여성,50대,62.3,상급자,다이어트,숄더 프레스 머신,40.0,16,3,42
남성,40대,78.2,초보자,근비대,펙덱 플라이 머신,35.0,9,3,87
남성,60대 이상,73.2,중급자,다이어트,체스트 프레스 머신,52.5,19,3,49
남성,20대,72.5,상급자,다이어트,오버헤드 프레스,45.0,20,3,36
남성,60대 이상,88.5,초보자,재활/건강,워킹 런지,12.5,19,3,98
여성,10대,65.0,초보자,다이어트,레그 프레스 머신,15.0,18,3,52
여성,40대,50.4,초보자,근비대,바벨 스쿼트,10.0,9,3,61
여성,20대,48.1,중급자,스트렝스,벤치프레스,20.0,4,5,175
여성,10대,61.8,중급자,재활/건강,루마니안 데드리프트,10.0,19,2,93
남성,40대,61.0,중급자,근비대,바벨 스쿼트,40.0,11,4,78
남성,60대 이상,69.7,초보자,재활/건강,체스트 프레스 머신,15.0,19,3,99
여성,20대,53.1,초보자,다이어트,숄더 프레스 머신,10.0,18,3,55
남성,40대,97.7,초보자,다이어트,랫 풀다운 머신,32.5,15,3,42
여성,40대,45.4,중급자,근비대,레그 컬 머신,27.5,11,3,75
남성,40대,79.3,초보자,근비대,랫 풀다운 머신,37.5,10,3,79
남성,20대,83.2,초보자,다이어트,레그 익스텐션 머신,27.5,15,3,55
남성,10대,63.9,상급자,재활/건강,시티드 로우 머신,45.0,16,2,105
여성,30대,57.8,초보자,다이어트,체스트 프레스 머신,12.5,17,3,34
여성,50대,45.7,상급자,근비대,인클라인 덤벨 프레스,30.0,8,3,87
남성,30대,86.6,상급자,재활/건강,워킹 런지,37.5,17,3,90
남성,10대,77.9,중급자,다이어트,워킹 런지,35.0,19,3,30
여성,30대,61.3,상급자,근비대,레그 프레스 머신,55.0,10,4,88
여성,20대,49.3,초보자,스트렝스,워킹 런지,10.0,4,5,175
여성,10대,53.0,초보자,다이어트,벤치프레스,7.5,18,3,53
남성,20대,59.1,중급자,근비대,오버헤드 프레스,35.0,11,3,79
여성,60대 이상,63.3,중급자,재활/건강,레그 컬 머신,15.0,18,2,97
남성,50대,57.4,초보자,근비대,숄더 프레스 머신,27.5,8,3,61
여성,60대 이상,64.5,중급자,스트렝스,루마니안 데드리프트,30.0,4,4,166
여성,10대,48.5,초보자,스트렝스,레그 컬 머신,15.0,3,5,132
여성,60대 이상,69.4,초보자,스트렝스,레그 컬 머신,22.5,5,4,145
여성,40대,51.8,상급자,재활/건강,인클라인 덤벨 프레스,12.5,19,2,108
여성,20대,42.8,초보자,근비대,오버헤드 프레스,7.5,11,3,66
여성,40대,51.7,상급자,근비대,루마니안 데드리프트,30.0,9,3,89
여성,20대,43.7,중급자,근비대,사이드 레터럴 레이즈,17.5,12,3,79
여성,30대,55.6,초보자,다이어트,페이스 풀,7.5,19,3,52
여성,30대,58.3,중급자,스트렝스,랫 풀다운 머신,37.5,5,5,170
여성,40대,57.2,초보자,다이어트,루마니안 데드리프트,7.5,20,3,57
여성,20대,51.8,중급자,근비대,레그 컬 머신,27.5,8,3,68
남성,40대,94.0,상급자,근비대,펙덱 플라이 머신,127.5,9,3,71
남성,20대,90.0,중급자,다이어트,루마니안 데드리프트,37.5,19,3,43
남성,60대 이상,86.8,중급자,다이어트,레그 익스텐션 머신,57.5,20,3,34
여성,50대,63.7,상급자,다이어트,페이스 풀,27.5,20,3,54
남성,30대,65.7,상급자,스트렝스,워킹 런지,72.5,5,4,157
남성,30대,88.5,상급자,다이어트,펙덱 플라이 머신,95.0,19,3,36
여성,40대,51.1,중급자,다이어트,사이드 레터럴 레이즈,12.5,16,3,58
여성,20대,52.4,상급자,다이어트,레그 익스텐션 머신,37.5,19,3,50
남성,30대,59.8,중급자,다이어트,랫 풀다운 머신,42.5,17,3,40
남성,50대,75.7,상급자,스트렝스,인클라인 덤벨 프레스,80.0,4,5,148
여성,10대,66.4,상급자,스트렝스,페이스 풀,50.0,3,4,133
여성,10대,55.7,상급자,다이어트,워킹 런지,22.5,15,3,40
여성,40대,62.5,중급자,근비대,루마니안 데드리프트,22.5,9,4,66
남성,50대,77.3,초보자,다이어트,워킹 런지,17.5,18,3,45
남성,40대,85.3,상급자,다이어트,레그 프레스 머신,90.0,20,3,58
남성,10대,74.4,초보자,다이어트,어시스트 풀업 머신,25.0,18,3,60
남성,50대,79.5,중급자,재활/건강,벤치프레스,22.5,20,3,106
여성,20대,52.0,상급자,다이어트,인클라인 덤벨 프레스,22.5,18,3,33
여성,50대,45.1,초보자,다이어트,펙덱 플라이 머신,10.0,15,3,42
남성,60대 이상,91.7,상급자,재활/건강,벤치프레스,35.0,20,3,98
여성,40대,68.3,초보자,다이어트,루마니안 데드리프트,10.0,18,3,46
남성,50대,62.3,초보자,스트렝스,사이드 레터럴 레이즈,22.5,3,4,131
남성,40대,74.8,중급자,근비대,사이드 레터럴 레이즈,45.0,12,3,90
여성,50대,54.1,상급자,스트렝스,바벨 스쿼트,37.5,4,4,179
남성,40대,75.9,초보자,스트렝스,숄더 프레스 머신,42.5,3,4,132
여성,20대,61.5,상급자,근비대,바벨 스쿼트,37.5,8,3,74
남성,10대,81.3,상급자,다이어트,인클라인 덤벨 프레스,55.0,18,3,32
남성,60대 이상,67.9,상급자,근비대,페이스 풀,62.5,11,4,72
여성,50대,44.1,중급자,다이어트,워킹 런지,12.5,19,3,60
여성,10대,41.8,중급자,재활/건강,체스트 프레스 머신,10.0,17,3,103
여성,10대,40.2,중급자,재활/건강,페이스 풀,7.5,15,3,103
남성,40대,89.4,상급자,스트렝스,벤치프레스,95.0,5,4,159
여성,60대 이상,66.6,상급자,다이어트,바벨 스쿼트,32.5,18,3,46
여성,10대,59.3,초보자,재활/건강,숄더 프레스 머신,7.5,17,3,94
여성,10대,60.7,중급자,근비대,벤치프레스,25.0,9,3,64
여성,50대,63.3,상급자,다이어트,사이드 레터럴 레이즈,30.0,18,3,54
남성,40대,84.0,중급자,다이어트,워킹 런지,40.0,20,3,50
남성,20대,59.9,상급자,다이어트,시티드 로우 머신,60.0,19,3,55
남성,40대,72.9,초보자,근비대,오버헤드 프레스,22.5,10,3,79
여성,60대 이상,57.5,중급자,다이어트,인클라인 덤벨 프레스,15.0,17,3,60
남성,30대,48.7,중급자,근비대,펙덱 플라이 머신,42.5,12,3,86
남성,30대,79.9,중급자,스트렝스,워킹 런지,60.0,5,5,177
여성,20대,58.1,초보자,다이어트,루마니안 데드리프트,7.5,18,3,36
남성,60대 이상,82.2,상급자,스트렝스,인클라인 덤벨 프레스,85.0,4,5,180
여성,40대,57.5,상급자,근비대,바벨 로우,35.0,8,4,78
여성,50대,55.9,상급자,근비대,벤치프레스,35.0,11,4,84
여성,10대,56.9,초보자,근비대,랫 풀다운 머신,15.0,9,3,76
남성,10대,92.1,중급자,스트렝스,레그 프레스 머신,95.0,5,4,173
남성,20대,72.4,중급자,스트렝스,체스트 프레스 머신,77.5,4,4,126
여성,10대,58.2,초보자,근비대,레그 컬 머신,15.0,9,3,65
남성,60대 이상,82.7,중급자,다이어트,체스트 프레스 머신,55.0,20,3,32
남성,50대,79.2,상급자,근비대,사이드 레터럴 레이즈,70.0,11,3,65
여성,30대,54.0,초보자,스트렝스,인클라인 덤벨 프레스,12.5,4,5,128
남성,40대,78.3,초보자,다이어트,벤치프레스,17.5,16,3,59
남성,10대,73.1,중급자,재활/건강,오버헤드 프레스,17.5,18,3,108
여성,60대 이상,60.8,초보자,재활/건강,인클라인 덤벨 프레스,5.0,15,3,103
여성,40대,55.3,중급자,다이어트,시티드 로우 머신,20.0,20,3,45
남성,40대,78.6,초보자,다이어트,레그 컬 머신,25.0,17,3,32
남성,40대,77.1,상급자,다이어트,바벨 스쿼트,50.0,17,3,50
남성,10대,66.3,초보자,스트렝스,루마니안 데드리프트,22.5,5,5,139
여성,20대,41.8,중급자,재활/건강,랫 풀다운 머신,10.0,16,2,101
남성,40대,64.9,초보자,재활/건강,바벨 스쿼트,7.5,15,2,117
남성,60대 이상,71.0,중급자,스트렝스,사이드 레터럴 레이즈,52.5,3,4,133
남성,50대,91.8,상급자,다이어트,레그 익스텐션 머신,95.0,15,3,48
남성,60대 이상,81.6,초보자,다이어트,랫 풀다운 머신,30.0,18,3,57
남성,40대,58.8,초보자,재활/건강,루마니안 데드리프트,7.5,17,2,100
여성,10대,64.9,상급자,다이어트,펙덱 플라이 머신,42.5,19,3,38
여성,10대,50.8,중급자,근비대,오버헤드 프레스,20.0,11,4,86
남성,50대,77.3,상급자,스트렝스,사이드 레터럴 레이즈,87.5,3,5,163
남성,10대,77.4,초보자,다이어트,인클라인 덤벨 프레스,17.5,16,3,44
남성,30대,68.9,중급자,근비대,숄더 프레스 머신,60.0,9,4,90
여성,20대,59.6,상급자,근비대,레그 익스텐션 머신,55.0,10,3,63
여성,50대,70.0,초보자,근비대,레그 컬 머신,17.5,10,4,87
여성,60대 이상,55.7,초보자,다이어트,시티드 로우 머신,10.0,16,3,38
남성,50대,63.4,상급자,재활/건강,페이스 풀,27.5,16,3,95
여성,10대,44.5,초보자,다이어트,인클라인 덤벨 프레스,7.5,17,3,56
여성,10대,35.8,중급자,스트렝스,페이스 풀,17.5,5,4,152
여성,40대,49.5,초보자,스트렝스,펙덱 플라이 머신,17.5,4,4,124
남성,30대,83.5,중급자,다이어트,체스트 프레스 머신,55.0,19,3,39
여성,20대,49.7,초보자,다이어트,인클라인 덤벨 프레스,7.5,19,3,33
남성,40대,76.9,상급자,스트렝스,워킹 런지,87.5,3,5,176
여성,60대 이상,60.7,초보자,근비대,펙덱 플라이 머신,17.5,10,4,79
남성,40대,100.0,초보자,다이어트,사이드 레터럴 레이즈,25.0,16,3,34
남성,30대,88.3,중급자,재활/건강,루마니안 데드리프트,27.5,16,3,91
남성,50대,66.4,중급자,다이어트,숄더 프레스 머신,40.0,20,3,31
남성,40대,78.6,상급자,재활/건강,랫 풀다운 머신,45.0,15,3,113
여성,50대,51.2,초보자,재활/건강,펙덱 플라이 머신,7.5,20,2,99
여성,10대,42.9,상급자,재활/건강,어시스트 풀업 머신,20.0,16,3,107
남성,20대,61.8,초보자,스트렝스,어시스트 풀업 머신,32.5,5,4,144
여성,20대,44.5,초보자,근비대,시티드 로우 머신,12.5,11,4,69
남성,60대 이상,73.8,초보자,재활/건강,어시스트 풀업 머신,15.0,15,3,97
여성,10대,68.3,초보자,다이어트,레그 익스텐션 머신,15.0,19,3,45
여성,60대 이상,61.8,중급자,스트렝스,루마니안 데드리프트,27.5,3,4,166
남성,30대,82.6,중급자,다이어트,오버헤드 프레스,37.5,17,3,35
남성,60대 이상,58.5,중급자,스트렝스,레그 컬 머신,65.0,3,5,142
남성,20대,85.5,초보자,다이어트,랫 풀다운 머신,30.0,19,3,53
여성,20대,50.7,중급자,다이어트,시티드 로우 머신,20.0,16,3,54
여성,30대,54.6,초보자,다이어트,페이스 풀,7.5,17,3,35
여성,40대,58.4,초보자,스트렝스,바벨 로우,12.5,5,4,169
여성,40대,66.6,중급자,스트렝스,레그 프레스 머신,42.5,4,4,162
여성,30대,49.8,초보자,근비대,워킹 런지,10.0,9,3,64
남성,30대,85.2,중급자,재활/건강,레그 컬 머신,37.5,15,2,112
여성,20대,62.5,상급자,근비대,펙덱 플라이 머신,55.0,12,4,68
남성,10대,71.8,상급자,재활/건강,숄더 프레스 머신,47.5,20,3,91
여성,50대,61.4,중급자,다이어트,바벨 로우,15.0,18,3,32
여성,60대 이상,59.5,중급자,근비대,숄더 프레스 머신,35.0,10,3,74
남성,30대,78.0,중급자,재활/건강,시티드 로우 머신,30.0,20,2,111
여성,60대 이상,67.7,상급자,재활/건강,레그 프레스 머신,32.5,19,3,107
남성,60대 이상,79.1,상급자,근비대,오버헤드 프레스,70.0,10,3,67
여성,60대 이상,58.5,중급자,근비대,페이스 풀,22.5,9,4,81
남성,20대,71.9,상급자,근비대,오버헤드 프레스,62.5,9,3,63
남성,50대,84.8,중급자,근비대,숄더 프레스 머신,80.0,12,4,86
여성,30대,56.0,상급자,재활/건강,루마니안 데드리프트,15.0,15,3,92
여성,60대 이상,62.6,중급자,다이어트,레그 프레스 머신,27.5,17,3,46
남성,50대,82.3,중급자,스트렝스,레그 프레스 머신,92.5,4,4,131
여성,50대,50.5,중급자,스트렝스,워킹 런지,22.5,5,4,121
남성,50대,84.2,상급자,재활/건강,오버헤드 프레스,32.5,15,3,120
남성,20대,98.3,중급자,다이어트,벤치프레스,47.5,20,3,49
여성,10대,49.5,초보자,근비대,어시스트 풀업 머신,12.5,12,3,64
여성,50대,45.6,상급자,다이어트,숄더 프레스 머신,32.5,15,3,56
남성,40대,85.7,초보자,재활/건강,어시스트 풀업 머신,20.0,16,2,105
여성,10대,55.2,초보자,재활/건강,어시스트 풀업 머신,7.5,20,2,90
남성,10대,86.5,중급자,근비대,루마니안 데드리프트,52.5,11,3,86
남성,60대 이상,57.5,상급자,재활/건강,레그 컬 머신,37.5,16,3,109
여성,60대 이상,59.0,중급자,다이어트,레그 익스텐션 머신,22.5,16,3,58
여성,40대,69.7,초보자,다이어트,레그 컬 머신,15.0,18,3,40
남성,50대,58.7,상급자,다이어트,레그 익스텐션 머신,62.5,19,3,55
남성,10대,46.4,상급자,재활/건강,워킹 런지,20.0,20,3,100
여성,30대,64.3,중급자,근비대,오버헤드 프레스,25.0,9,4,85
남성,50대,76.5,초보자,재활/건강,벤치프레스,10.0,19,3,112
여성,10대,59.0,중급자,재활/건강,페이스 풀,12.5,20,2,112
남성,20대,82.3,중급자,재활/건강,바벨 로우,22.5,17,3,100
남성,60대 이상,79.2,초보자,다이어트,루마니안 데드리프트,17.5,16,3,55
남성,40대,87.5,상급자,다이어트,오버헤드 프레스,60.0,18,3,55
남성,50대,60.6,중급자,재활/건강,레그 프레스 머신,25.0,15,3,118
여성,20대,62.0,중급자,스트렝스,레그 프레스 머신,42.5,4,4,166
남성,50대,60.3,중급자,근비대,루마니안 데드리프트,35.0,11,4,71
여성,40대,43.5,상급자,근비대,레그 익스텐션 머신,40.0,12,3,66
남성,10대,80.1,초보자,근비대,레그 프레스 머신,37.5,11,4,62
여성,30대,56.8,상급자,재활/건강,레그 프레스 머신,25.0,19,3,106
남성,30대,70.0,상급자,재활/건강,바벨 로우,30.0,17,2,107
남성,50대,73.3,중급자,재활/건강,레그 프레스 머신,30.0,18,3,96
남성,50대,68.0,상급자,재활/건강,벤치프레스,25.0,18,3,114
여성,40대,58.4,상급자,근비대,인클라인 덤벨 프레스,35.0,9,4,84
남성,20대,74.8,초보자,재활/건강,벤치프레스,10.0,19,2,94
남성,10대,80.7,중급자,재활/건강,루마니안 데드리프트,20.0,18,2,112
남성,10대,73.9,중급자,근비대,바벨 스쿼트,45.0,10,4,76
남성,40대,81.2,중급자,스트렝스,바벨 로우,57.5,5,5,153
여성,30대,66.1,초보자,근비대,체스트 프레스 머신,20.0,10,3,85
남성,10대,82.0,중급자,재활/건강,바벨 스쿼트,22.5,19,3,96
여성,10대,63.7,상급자,스트렝스,루마니안 데드리프트,47.5,5,4,134
여성,30대,55.3,초보자,다이어트,레그 컬 머신,10.0,19,3,35
남성,60대 이상,87.0,상급자,스트렝스,어시스트 풀업 머신,137.5,5,5,149
남성,10대,64.0,상급자,다이어트,루마니안 데드리프트,42.5,19,3,33
남성,50대,74.7,중급자,다이어트,바벨 로우,35.0,19,3,48
남성,10대,73.6,초보자,근비대,숄더 프레스 머신,35.0,9,3,86
남성,50대,72.4,초보자,다이어트,랫 풀다운 머신,25.0,17,3,56
남성,20대,76.3,상급자,재활/건강,레그 프레스 머신,45.0,19,2,117
남성,60대 이상,74.0,초보자,근비대,루마니안 데드리프트,22.5,10,3,89
남성,60대 이상,68.9,상급자,재활/건강,워킹 런지,30.0,19,2,102
여성,30대,58.7,중급자,스트렝스,랫 풀다운 머신,37.5,3,4,149
여성,20대,57.3,초보자,다이어트,바벨 스쿼트,7.5,17,3,45
여성,60대 이상,63.1,중급자,근비대,레그 컬 머신,35.0,9,3,83
남성,20대,75.7,초보자,다이어트,숄더 프레스 머신,22.5,15,3,54
여성,30대,75.4,상급자,다이어트,어시스트 풀업 머신,45.0,17,3,42
남성,40대,72.8,상급자,다이어트,어시스트 풀업 머신,67.5,18,3,44
남성,50대,63.4,중급자,다이어트,오버헤드 프레스,27.5,20,3,30
남성,60대 이상,78.3,상급자,다이어트,인클라인 덤벨 프레스,55.0,20,3,47
여성,40대,67.3,중급자,재활/건강,어시스트 풀업 머신,20.0,16,2,117
여성,60대 이상,54.7,상급자,스트렝스,바벨 로우,37.5,5,5,179
여성,50대,58.0,상급자,근비대,시티드 로우 머신,50.0,10,3,77
여성,10대,47.2,초보자,재활/건강,인클라인 덤벨 프레스,5.0,16,2,103
여성,60대 이상,64.1,중급자,스트렝스,오버헤드 프레스,27.5,4,5,162
여성,20대,59.2,중급자,스트렝스,레그 프레스 머신,40.0,5,4,141
남성,10대,76.1,중급자,근비대,레그 컬 머신,67.5,8,3,89
남성,30대,91.9,초보자,근비대,체스트 프레스 머신,42.5,12,3,71
남성,30대,68.6,중급자,스트렝스,바벨 스쿼트,50.0,5,4,170
여성,20대,58.3,초보자,다이어트,펙덱 플라이 머신,12.5,20,3,56
남성,10대,79.4,중급자,재활/건강,레그 프레스 머신,35.0,20,3,119
남성,20대,91.8,중급자,스트렝스,인클라인 덤벨 프레스,62.5,5,5,156
남성,50대,71.5,상급자,재활/건강,페이스 풀,30.0,20,2,101
남성,40대,72.8,초보자,다이어트,벤치프레스,17.5,17,3,41
남성,60대 이상,97.6,중급자,다이어트,시티드 로우 머신,62.5,18,3,42
남성,10대,89.4,초보자,스트렝스,레그 익스텐션 머신,50.0,5,5,175
남성,60대 이상,80.9,초보자,재활/건강,페이스 풀,12.5,19,2,101
여성,30대,55.0,중급자,근비대,오버헤드 프레스,20.0,9,3,68
남성,30대,72.6,상급자,다이어트,어시스트 풀업 머신,67.5,16,3,44
여성,40대,63.0,중급자,근비대,루마니안 데드리프트,22.5,11,3,76
남성,20대,63.1,중급자,재활/건강,워킹 런지,17.5,19,2,101
남성,40대,61.8,상급자,스트렝스,펙덱 플라이 머신,100.0,4,4,168
여성,20대,52.9,초보자,근비대,벤치프레스,10.0,12,3,73
여성,10대,48.0,초보자,다이어트,사이드 레터럴 레이즈,7.5,16,3,31
여성,10대,49.4,초보자,스트렝스,인클라인 덤벨 프레스,10.0,3,4,138
여성,60대 이상,41.0,상급자,재활/건강,숄더 프레스 머신,15.0,19,3,113
남성,40대,75.4,상급자,근비대,펙덱 플라이 머신,100.0,9,3,81
여성,30대,51.0,상급자,근비대,바벨 로우,32.5,8,3,79
남성,60대 이상,81.4,상급자,재활/건강,오버헤드 프레스,35.0,18,3,115
남성,30대,74.8,초보자,재활/건강,벤치프레스,12.5,16,2,114
남성,40대,73.2,중급자,재활/건강,벤치프레스,20.0,20,3,107
여성,30대,61.9,중급자,근비대,오버헤드 프레스,22.5,11,4,86
여성,60대 이상,58.8,상급자,다이어트,레그 프레스 머신,37.5,20,3,31
여성,60대 이상,52.9,중급자,근비대,루마니안 데드리프트,20.0,10,4,86
여성,20대,52.6,초보자,다이어트,어시스트 풀업 머신,12.5,15,3,34
여성,10대,43.8,초보자,근비대,바벨 스쿼트,7.5,11,3,72
남성,50대,76.6,상급자,다이어트,오버헤드 프레스,50.0,16,3,43
남성,60대 이상,64.8,초보자,근비대,레그 프레스 머신,27.5,8,3,60
남성,30대,71.4,상급자,다이어트,오버헤드 프레스,47.5,20,3,41
남성,30대,58.2,초보자,스트렝스,바벨 로우,22.5,4,5,169
남성,60대 이상,97.5,중급자,다이어트,레그 컬 머신,65.0,16,3,49
여성,30대,48.7,중급자,재활/건강,루마니안 데드리프트,7.5,15,2,112
여성,50대,58.5,중급자,재활/건강,랫 풀다운 머신,15.0,18,2,99
여성,20대,50.9,중급자,근비대,벤치프레스,20.0,10,4,74
여성,30대,49.7,초보자,스트렝스,어시스트 풀업 머신,17.5,4,4,173
여성,30대,49.0,상급자,재활/건강,랫 풀다운 머신,22.5,15,3,116
여성,20대,61.1,중급자,다이어트,워킹 런지,17.5,15,3,42
여성,20대,52.4,상급자,재활/건강,어시스트 풀업 머신,20.0,20,2,101
여성,10대,64.6,초보자,다이어트,어시스트 풀업 머신,12.5,16,3,47
여성,10대,86.1,초보자,재활/건강,루마니안 데드리프트,7.5,16,2,107
여성,10대,54.0,초보자,스트렝스,사이드 레터럴 레이즈,12.5,4,5,161
여성,10대,48.8,초보자,다이어트,루마니안 데드리프트,7.5,20,3,52
남성,40대,71.1,중급자,다이어트,페이스 풀,30.0,18,3,51
남성,50대,69.2,중급자,다이어트,루마니안 데드리프트,27.5,15,3,50
남성,60대 이상,73.4,초보자,재활/건강,오버헤드 프레스,10.0,17,3,114
남성,20대,72.6,초보자,다이어트,워킹 런지,15.0,15,3,47
남성,50대,76.5,중급자,스트렝스,펙덱 플라이 머신,80.0,5,4,134
여성,10대,52.4,중급자,재활/건강,바벨 로우,7.5,17,3,90
남성,20대,77.4,초보자,다이어트,레그 컬 머신,25.0,15,3,44
남성,10대,80.9,중급자,스트렝스,랫 풀다운 머신,87.5,5,5,143
남성,30대,79.6,상급자,다이어트,레그 프레스 머신,82.5,16,3,35
여성,50대,54.9,중급자,재활/건강,바벨 스쿼트,10.0,16,3,107
남성,30대,77.1,상급자,스트렝스,레그 익스텐션 머신,125.0,4,5,155
남성,20대,82.2,상급자,다이어트,시티드 로우 머신,87.5,15,3,30
여성,10대,62.0,초보자,다이어트,벤치프레스,7.5,20,3,37
남성,20대,72.7,초보자,재활/건강,워킹 런지,10.0,18,2,110
여성,20대,55.2,초보자,스트렝스,오버헤드 프레스,12.5,5,4,160
남성,30대,75.4,중급자,재활/건강,바벨 로우,22.5,20,2,98
남성,40대,73.1,상급자,재활/건강,시티드 로우 머신,42.5,17,2,119
남성,50대,70.5,상급자,재활/건강,루마니안 데드리프트,30.0,16,3,114
여성,50대,56.1,상급자,스트렝스,숄더 프레스 머신,62.5,4,4,154
남성,40대,67.3,초보자,재활/건강,숄더 프레스 머신,15.0,17,3,119
여성,30대,55.0,초보자,근비대,어시스트 풀업 머신,15.0,10,4,90
남성,40대,61.7,상급자,근비대,페이스 풀,57.5,12,3,80
여성,60대 이상,49.0,상급자,스트렝스,오버헤드 프레스,37.5,5,4,163
남성,40대,59.6,초보자,스트렝스,바벨 스쿼트,20.0,4,4,149
여성,50대,54.7,상급자,재활/건강,페이스 풀,12.5,18,3,120
여성,40대,69.1,상급자,재활/건강,어시스트 풀업 머신,30.0,18,3,108
여성,30대,56.3,중급자,스트렝스,레그 프레스 머신,37.5,4,5,126
남성,30대,62.8,중급자,다이어트,벤치프레스,27.5,19,3,38
남성,20대,59.3,중급자,스트렝스,랫 풀다운 머신,65.0,3,4,173
여성,30대,47.8,상급자,다이어트,바벨 로우,20.0,19,3,48
여성,60대 이상,51.4,상급자,재활/건강,오버헤드 프레스,15.0,15,3,100
여성,20대,47.4,중급자,다이어트,체스트 프레스 머신,20.0,16,3,43
여성,10대,51.4,중급자,스트렝스,숄더 프레스 머신,35.0,3,4,152
남성,50대,76.2,중급자,근비대,어시스트 풀업 머신,72.5,9,4,66
남성,10대,69.3,중급자,재활/건강,페이스 풀,17.5,17,2,109
남성,10대,73.5,중급자,재활/건강,사이드 레터럴 레이즈,20.0,19,3,109
여성,20대,58.6,초보자,스트렝스,바벨 스쿼트,12.5,4,5,173
여성,30대,54.2,중급자,다이어트,오버헤드 프레스,15.0,19,3,52
여성,10대,62.9,초보자,다이어트,바벨 로우,7.5,17,3,33
여성,20대,56.1,상급자,재활/건강,레그 익스텐션 머신,22.5,17,3,92
남성,50대,87.3,중급자,근비대,바벨 로우,55.0,9,4,90
여성,40대,57.4,초보자,재활/건강,바벨 로우,5.0,15,3,116
남성,30대,79.2,상급자,다이어트,오버헤드 프레스,52.5,20,3,32
남성,30대,60.4,초보자,재활/건강,레그 컬 머신,12.5,17,3,107
여성,10대,34.2,상급자,스트렝스,랫 풀다운 머신,35.0,3,4,150
남성,50대,56.4,중급자,스트렝스,레그 컬 머신,60.0,4,5,163
여성,30대,47.8,상급자,다이어트,바벨 로우,20.0,15,3,55
남성,60대 이상,50.6,초보자,근비대,어시스트 풀업 머신,22.5,12,4,80
여성,10대,53.2,초보자,다이어트,펙덱 플라이 머신,10.0,16,3,57
여성,50대,42.2,상급자,재활/건강,인클라인 덤벨 프레스,10.0,19,2,95
남성,20대,69.8,상급자,스트렝스,페이스 풀,72.5,4,5,139
남성,10대,85.5,초보자,근비대,체스트 프레스 머신,37.5,8,4,90
여성,10대,53.4,초보자,다이어트,레그 프레스 머신,10.0,18,3,37
남성,40대,73.2,상급자,스트렝스,레그 컬 머신,125.0,3,5,157
여성,20대,58.5,초보자,다이어트,펙덱 플라이 머신,12.5,17,3,50
남성,10대,79.2,상급자,재활/건강,루마니안 데드리프트,32.5,20,2,107
남성,10대,68.1,중급자,다이어트,바벨 로우,27.5,18,3,34
여성,30대,61.6,중급자,다이어트,체스트 프레스 머신,25.0,16,3,35
여성,30대,58.2,상급자,재활/건강,레그 프레스 머신,22.5,15,3,98
남성,10대,65.5,중급자,스트렝스,사이드 레터럴 레이즈,47.5,3,5,131
남성,50대,65.3,중급자,근비대,사이드 레터럴 레이즈,40.0,11,3,87
여성,30대,53.7,상급자,재활/건강,펙덱 플라이 머신,20.0,15,2,97
여성,30대,48.9,상급자,스트렝스,워킹 런지,35.0,5,4,120
여성,40대,64.1,초보자,근비대,벤치프레스,12.5,11,4,75
여성,30대,77.4,상급자,다이어트,시티드 로우 머신,52.5,20,3,53
여성,20대,48.3,중급자,다이어트,페이스 풀,12.5,18,3,49
여성,30대,65.9,중급자,근비대,레그 프레스 머신,40.0,8,3,70
여성,60대 이상,51.0,상급자,스트렝스,레그 컬 머신,55.0,3,5,137
남성,40대,82.9,초보자,스트렝스,사이드 레터럴 레이즈,30.0,5,4,158
남성,10대,69.5,중급자,근비대,오버헤드 프레스,40.0,12,4,79
여성,60대 이상,53.8,중급자,스트렝스,인클라인 덤벨 프레스,25.0,4,5,147
남성,50대,57.9,상급자,다이어트,워킹 런지,37.5,17,3,45
여성,30대,59.0,중급자,스트렝스,벤치프레스,27.5,4,5,128
여성,30대,61.5,상급자,다이어트,레그 프레스 머신,42.5,19,3,39
남성,10대,63.1,초보자,재활/건강,바벨 로우,7.5,19,2,103
여성,60대 이상,40.8,중급자,근비대,바벨 로우,15.0,12,3,85
남성,50대,74.3,초보자,다이어트,인클라인 덤벨 프레스,15.0,20,3,36
남성,60대 이상,63.7,초보자,스트렝스,레그 익스텐션 머신,37.5,3,5,175
여성,60대 이상,44.5,초보자,스트렝스,인클라인 덤벨 프레스,10.0,4,5,146
여성,60대 이상,58.2,상급자,재활/건강,바벨 스쿼트,17.5,16,3,109
남성,20대,71.5,초보자,근비대,바벨 스쿼트,22.5,11,4,65
남성,30대,80.0,초보자,스트렝스,인클라인 덤벨 프레스,27.5,3,5,120
남성,60대 이상,79.2,초보자,스트렝스,오버헤드 프레스,30.0,3,5,132
남성,40대,87.4,초보자,스트렝스,페이스 풀,32.5,5,4,156
여성,60대 이상,58.1,초보자,재활/건강,벤치프레스,5.0,17,3,106
남성,30대,85.3,상급자,재활/건강,펙덱 플라이 머신,52.5,18,2,105
여성,10대,63.1,초보자,근비대,숄더 프레스 머신,17.5,11,4,82
남성,50대,90.4,중급자,재활/건강,레그 익스텐션 머신,35.0,18,2,102
남성,30대,82.5,중급자,근비대,벤치프레스,50.0,12,3,71
여성,40대,40.0,상급자,다이어트,체스트 프레스 머신,27.5,16,3,55
여성,10대,50.1,중급자,스트렝스,페이스 풀,22.5,5,4,158
남성,60대 이상,61.4,초보자,스트렝스,오버헤드 프레스,22.5,5,5,120
남성,60대 이상,81.5,상급자,스트렝스,체스트 프레스 머신,130.0,3,4,147
여성,10대,51.5,상급자,근비대,벤치프레스,30.0,11,4,74
여성,60대 이상,31.4,상급자,다이어트,시티드 로우 머신,20.0,20,3,38
남성,60대 이상,59.2,초보자,다이어트,워킹 런지,12.5,20,3,37
남성,50대,68.4,초보자,스트렝스,페이스 풀,25.0,3,4,152
남성,20대,80.5,중급자,스트렝스,레그 익스텐션 머신,82.5,4,4,155
여성,40대,52.4,상급자,근비대,오버헤드 프레스,30.0,12,3,70
여성,10대,52.4,중급자,근비대,바벨 스쿼트,20.0,9,4,75
여성,30대,60.0,초보자,다이어트,숄더 프레스 머신,12.5,19,3,54
여성,50대,52.3,중급자,근비대,레그 컬 머신,30.0,12,3,86
남성,10대,80.4,초보자,다이어트,레그 익스텐션 머신,27.5,19,3,33
남성,60대 이상,71.5,중급자,재활/건강,시티드 로우 머신,30.0,18,2,98
여성,40대,62.0,중급자,재활/건강,레그 컬 머신,15.0,16,3,101
여성,20대,44.0,상급자,재활/건강,바벨 로우,15.0,18,2,119
남성,60대 이상,81.8,중급자,재활/건강,체스트 프레스 머신,30.0,16,3,103
남성,60대 이상,90.0,초보자,근비대,바벨 스쿼트,27.5,10,3,68
여성,60대 이상,69.2,중급자,다이어트,루마니안 데드리프트,20.0,15,3,33
남성,50대,58.6,중급자,스트렝스,바벨 로우,42.5,4,5,154
여성,60대 이상,48.5,초보자,근비대,펙덱 플라이 머신,12.5,11,3,67
남성,20대,79.1,중급자,재활/건강,페이스 풀,22.5,15,2,106
남성,20대,60.2,초보자,재활/건강,레그 익스텐션 머신,12.5,19,2,92
남성,10대,85.7,중급자,재활/건강,워킹 런지,22.5,20,3,112
여성,60대 이상,50.1,상급자,근비대,레그 컬 머신,47.5,11,3,82
남성,60대 이상,70.3,상급자,스트렝스,어시스트 풀업 머신,117.5,5,5,131
남성,50대,75.7,초보자,재활/건강,체스트 프레스 머신,15.0,15,3,97
여성,60대 이상,65.6,상급자,다이어트,레그 익스텐션 머신,42.5,15,3,60
여성,50대,50.8,중급자,다이어트,펙덱 플라이 머신,20.0,19,3,47
여성,30대,44.5,상급자,다이어트,페이스 풀,17.5,19,3,30
여성,20대,63.6,상급자,다이어트,레그 컬 머신,37.5,15,3,32
남성,50대,67.2,초보자,스트렝스,바벨 로우,25.0,4,4,166
남성,30대,70.1,상급자,스트렝스,펙덱 플라이 머신,115.0,3,5,180
여성,30대,48.3,초보자,재활/건강,바벨 로우,5.0,20,2,120
남성,20대,95.7,초보자,재활/건강,오버헤드 프레스,15.0,19,2,101
여성,60대 이상,44.6,중급자,다이어트,오버헤드 프레스,12.5,18,3,56
남성,20대,80.5,초보자,재활/건강,루마니안 데드리프트,10.0,17,2,100
여성,10대,62.7,상급자,스트렝스,시티드 로우 머신,70.0,4,5,177
여성,50대,47.4,상급자,재활/건강,워킹 런지,12.5,15,2,92
남성,30대,86.5,상급자,스트렝스,펙덱 플라이 머신,137.5,3,4,149
남성,20대,90.4,상급자,근비대,인클라인 덤벨 프레스,82.5,11,3,73
여성,10대,56.7,상급자,다이어트,레그 컬 머신,40.0,16,3,36
남성,20대,76.8,초보자,재활/건강,숄더 프레스 머신,17.5,20,3,96
남성,50대,82.5,상급자,근비대,오버헤드 프레스,70.0,9,3,65
여성,40대,53.9,상급자,근비대,숄더 프레스 머신,47.5,9,3,78
남성,30대,84.8,상급자,스트렝스,랫 풀다운 머신,135.0,4,5,165
남성,10대,69.2,초보자,근비대,펙덱 플라이 머신,30.0,11,4,63
남성,60대 이상,82.3,상급자,근비대,레그 프레스 머신,110.0,9,4,72
여성,50대,65.2,상급자,다이어트,펙덱 플라이 머신,42.5,15,3,41
여성,40대,57.8,초보자,스트렝스,체스트 프레스 머신,20.0,5,4,140
여성,50대,45.6,초보자,근비대,펙덱 플라이 머신,12.5,9,4,66
남성,30대,80.9,초보자,근비대,인클라인 덤벨 프레스,25.0,11,3,70
남성,30대,63.8,초보자,스트렝스,펙덱 플라이 머신,35.0,3,4,121
여성,10대,56.9,상급자,다이어트,인클라인 덤벨 프레스,27.5,16,3,34
여성,10대,55.1,상급자,재활/건강,사이드 레터럴 레이즈,17.5,16,3,115
여성,60대 이상,48.2,초보자,스트렝스,어시스트 풀업 머신,15.0,5,5,124
남성,40대,87.7,중급자,재활/건강,워킹 런지,27.5,17,2,92
여성,40대,52.0,상급자,스트렝스,레그 컬 머신,55.0,3,4,121
남성,60대 이상,83.1,상급자,스트렝스,루마니안 데드리프트,90.0,4,4,128
남성,50대,66.2,중급자,다이어트,시티드 로우 머신,45.0,18,3,35
여성,10대,65.1,초보자,근비대,체스트 프레스 머신,17.5,10,3,63
여성,50대,43.0,초보자,재활/건강,레그 프레스 머신,5.0,18,2,117
남성,50대,89.9,초보자,근비대,레그 익스텐션 머신,37.5,8,3,85
여성,60대 이상,54.1,상급자,재활/건강,체스트 프레스 머신,20.0,19,2,120
남성,50대,54.7,상급자,스트렝스,레그 컬 머신,92.5,4,5,142
여성,60대 이상,57.8,중급자,근비대,루마니안 데드리프트,22.5,8,3,73
남성,60대 이상,68.3,중급자,재활/건강,벤치프레스,17.5,16,2,99
남성,30대,73.4,초보자,근비대,레그 프레스 머신,35.0,12,4,60
여성,20대,58.0,상급자,스트렝스,사이드 레터럴 레이즈,42.5,5,4,150
남성,40대,76.9,상급자,근비대,오버헤드 프레스,72.5,11,4,83
여성,10대,61.7,상급자,스트렝스,오버헤드 프레스,45.0,3,4,124
여성,50대,47.7,중급자,근비대,루마니안 데드리프트,17.5,9,4,69
남성,20대,59.5,초보자,재활/건강,벤치프레스,7.5,16,2,94
여성,20대,55.0,상급자,스트렝스,레그 프레스 머신,60.0,5,4,146
남성,40대,66.4,상급자,스트렝스,숄더 프레스 머신,102.5,5,4,132
남성,30대,68.1,중급자,재활/건강,숄더 프레스 머신,25.0,16,3,109
남성,50대,79.4,상급자,다이어트,레그 프레스 머신,80.0,18,3,44
여성,10대,60.4,상급자,근비대,인클라인 덤벨 프레스,37.5,11,4,69
여성,20대,58.4,초보자,근비대,바벨 스쿼트,10.0,8,4,70
남성,10대,94.3,상급자,다이어트,루마니안 데드리프트,60.0,15,3,50
남성,50대,83.9,상급자,스트렝스,벤치프레스,90.0,4,5,133
남성,10대,71.6,상급자,다이어트,레그 컬 머신,70.0,19,3,58
여성,30대,59.4,초보자,스트렝스,시티드 로우 머신,20.0,4,4,153
여성,50대,61.7,초보자,다이어트,어시스트 풀업 머신,12.5,16,3,41
여성,30대,51.2,상급자,다이어트,루마니안 데드리프트,22.5,15,3,38
여성,10대,57.6,상급자,다이어트,체스트 프레스 머신,40.0,18,3,45
남성,60대 이상,70.0,중급자,다이어트,바벨 스쿼트,30.0,19,3,40
남성,40대,69.1,중급자,스트렝스,워킹 런지,47.5,3,4,164
여성,10대,45.7,중급자,다이어트,랫 풀다운 머신,17.5,15,3,32
여성,20대,46.8,중급자,스트렝스,사이드 레터럴 레이즈,20.0,5,5,124
여성,40대,38.6,중급자,근비대,워킹 런지,15.0,10,3,74
여성,50대,47.6,상급자,근비대,페이스 풀,30.0,8,4,62
남성,30대,75.3,초보자,재활/건강,루마니안 데드리프트,10.0,19,2,94
여성,50대,59.2,초보자,다이어트,랫 풀다운 머신,12.5,17,3,39
여성,50대,54.1,중급자,다이어트,시티드 로우 머신,22.5,16,3,58
여성,10대,62.0,상급자,근비대,바벨 로우,37.5,9,4,90
남성,10대,96.8,중급자,다이어트,체스트 프레스 머신,67.5,19,3,60
남성,30대,73.5,중급자,재활/건강,펙덱 플라이 머신,32.5,16,3,100
남성,50대,70.6,상급자,다이어트,레그 컬 머신,72.5,18,3,55
여성,10대,63.8,상급자,스트렝스,숄더 프레스 머신,67.5,5,5,176
남성,60대 이상,92.1,초보자,스트렝스,레그 컬 머신,50.0,3,4,152
여성,30대,54.3,상급자,재활/건강,레그 컬 머신,25.0,18,3,99
여성,50대,47.5,중급자,스트렝스,레그 컬 머신,30.0,3,4,158
여성,50대,54.5,초보자,재활/건강,바벨 로우,5.0,18,3,101
여성,20대,55.7,초보자,스트렝스,시티드 로우 머신,20.0,3,5,165
여성,20대,60.8,초보자,스트렝스,인클라인 덤벨 프레스,15.0,5,5,161
남성,60대 이상,63.9,상급자,다이어트,인클라인 덤벨 프레스,42.5,18,3,47
남성,10대,60.0,초보자,근비대,레그 프레스 머신,27.5,10,3,87
여성,60대 이상,52.5,상급자,근비대,어시스트 풀업 머신,47.5,12,4,75
남성,60대 이상,67.5,상급자,스트렝스,워킹 런지,72.5,4,5,166
여성,20대,54.3,중급자,스트렝스,인클라인 덤벨 프레스,25.0,4,5,169
남성,40대,72.9,상급자,스트렝스,랫 풀다운 머신,117.5,5,4,148
남성,10대,91.1,초보자,스트렝스,바벨 스쿼트,32.5,3,4,132
남성,30대,72.5,초보자,다이어트,바벨 스쿼트,15.0,20,3,37
남성,60대 이상,61.6,중급자,스트렝스,펙덱 플라이 머신,70.0,5,5,122
여성,10대,51.7,초보자,스트렝스,레그 컬 머신,17.5,4,4,143
남성,40대,97.0,상급자,스트렝스,페이스 풀,100.0,5,5,154
남성,10대,59.7,초보자,다이어트,오버헤드 프레스,12.5,16,3,36
여성,60대 이상,63.9,상급자,근비대,페이스 풀,40.0,11,4,67
여성,60대 이상,46.6,상급자,근비대,펙덱 플라이 머신,42.5,9,4,76
여성,40대,60.2,상급자,재활/건강,바벨 스쿼트,15.0,20,3,110
여성,10대,47.8,중급자,재활/건강,숄더 프레스 머신,12.5,17,2,98
남성,60대 이상,77.0,상급자,스트렝스,루마니안 데드리프트,80.0,4,5,135
여성,40대,70.8,중급자,근비대,바벨 스쿼트,27.5,11,4,60
남성,50대,74.6,초보자,재활/건강,바벨 로우,10.0,16,3,92
여성,50대,55.0,상급자,스트렝스,페이스 풀,42.5,5,5,173
여성,20대,66.8,초보자,재활/건강,랫 풀다운 머신,10.0,20,3,111
여성,50대,56.0,중급자,다이어트,인클라인 덤벨 프레스,15.0,19,3,34
여성,30대,52.4,상급자,재활/건강,어시스트 풀업 머신,20.0,20,2,115
여성,20대,49.2,상급자,스트렝스,벤치프레스,37.5,4,4,129
남성,50대,76.6,상급자,스트렝스,오버헤드 프레스,82.5,3,4,162
남성,50대,70.7,상급자,스트렝스,오버헤드 프레스,80.0,3,5,167
남성,30대,75.1,상급자,근비대,레그 컬 머신,95.0,9,4,66
남성,30대,92.3,상급자,다이어트,루마니안 데드리프트,57.5,15,3,48
남성,60대 이상,75.3,중급자,스트렝스,랫 풀다운 머신,77.5,3,4,125
여성,40대,52.9,중급자,재활/건강,바벨 스쿼트,10.0,15,3,96
여성,10대,58.2,상급자,다이어트,펙덱 플라이 머신,42.5,19,3,47
남성,20대,69.7,중급자,재활/건강,오버헤드 프레스,22.5,16,2,105
남성,60대 이상,104.7,상급자,다이어트,펙덱 플라이 머신,102.5,17,3,51
남성,10대,89.2,초보자,근비대,레그 프레스 머신,40.0,8,3,88
여성,50대,52.3,상급자,스트렝스,오버헤드 프레스,35.0,3,4,168
남성,40대,72.6,상급자,재활/건강,레그 프레스 머신,40.0,18,2,117
남성,30대,72.9,초보자,재활/건강,레그 컬 머신,15.0,15,3,112
남성,10대,67.9,중급자,근비대,어시스트 풀업 머신,60.0,9,4,73
여성,20대,61.1,중급자,근비대,체스트 프레스 머신,35.0,12,3,75
여성,30대,56.5,중급자,재활/건강,워킹 런지,7.5,16,3,119
남성,30대,73.0,초보자,근비대,어시스트 풀업 머신,32.5,8,3,60
여성,30대,76.1,중급자,다이어트,바벨 스쿼트,20.0,18,3,51
남성,30대,68.8,초보자,재활/건강,어시스트 풀업 머신,15.0,18,3,96
남성,20대,84.5,중급자,다이어트,워킹 런지,40.0,18,3,50
남성,50대,60.8,중급자,스트렝스,바벨 스쿼트,42.5,3,4,135
남성,50대,64.1,초보자,다이어트,페이스 풀,15.0,20,3,42
남성,40대,73.0,중급자,다이어트,루마니안 데드리프트,30.0,17,3,33
여성,20대,51.6,초보자,근비대,어시스트 풀업 머신,15.0,8,4,67
남성,30대,59.4,초보자,근비대,어시스트 풀업 머신,27.5,8,3,66
남성,20대,74.6,중급자,스트렝스,어시스트 풀업 머신,82.5,4,5,161
여성,20대,53.5,초보자,스트렝스,워킹 런지,12.5,3,5,173
남성,10대,71.9,초보자,재활/건강,바벨 로우,10.0,16,2,93
여성,50대,49.0,초보자,근비대,펙덱 플라이 머신,15.0,9,4,75
남성,20대,68.9,초보자,근비대,워킹 런지,20.0,12,4,68
남성,30대,96.8,초보자,근비대,인클라인 덤벨 프레스,30.0,10,3,76
여성,40대,57.0,중급자,다이어트,워킹 런지,15.0,20,3,33
여성,60대 이상,46.0,상급자,스트렝스,랫 풀다운 머신,47.5,5,4,131
여성,30대,57.0,초보자,다이어트,바벨 스쿼트,7.5,16,3,42
여성,10대,44.4,중급자,스트렝스,인클라인 덤벨 프레스,20.0,3,5,132
남성,60대 이상,78.1,초보자,근비대,랫 풀다운 머신,37.5,9,3,75
여성,30대,47.0,상급자,스트렝스,체스트 프레스 머신,50.0,5,4,152
남성,30대,68.9,중급자,다이어트,숄더 프레스 머신,45.0,16,3,44
여성,40대,55.5,상급자,스트렝스,인클라인 덤벨 프레스,42.5,5,5,171
여성,60대 이상,56.2,상급자,다이어트,시티드 로우 머신,37.5,18,3,58
남성,30대,89.5,초보자,스트렝스,체스트 프레스 머신,47.5,5,4,122
남성,50대,80.5,초보자,재활/건강,레그 프레스 머신,17.5,17,2,105
여성,20대,45.3,초보자,다이어트,레그 프레스 머신,10.0,16,3,32
여성,10대,50.1,초보자,근비대,사이드 레터럴 레이즈,10.0,12,4,82
남성,40대,78.6,중급자,다이어트,워킹 런지,37.5,17,3,34
남성,20대,65.2,상급자,다이어트,체스트 프레스 머신,70.0,18,3,53
남성,30대,55.1,상급자,다이어트,바벨 로우,37.5,19,3,35
여성,40대,46.5,상급자,스트렝스,인클라인 덤벨 프레스,35.0,5,5,139
여성,20대,57.3,상급자,재활/건강,페이스 풀,15.0,17,3,107
여성,40대,55.0,초보자,다이어트,루마니안 데드리프트,7.5,15,3,34
남성,30대,77.3,상급자,재활/건강,레그 익스텐션 머신,42.5,16,2,116
남성,60대 이상,77.8,중급자,다이어트,루마니안 데드리프트,32.5,16,3,51
여성,50대,43.5,상급자,재활/건강,체스트 프레스 머신,20.0,19,3,115
남성,10대,92.0,초보자,스트렝스,바벨 로우,35.0,5,4,180
남성,10대,67.0,상급자,근비대,체스트 프레스 머신,92.5,9,4,65
남성,30대,71.4,초보자,재활/건강,바벨 스쿼트,10.0,20,2,113
여성,10대,36.1,초보자,재활/건강,오버헤드 프레스,2.5,16,2,100
남성,30대,72.8,상급자,근비대,사이드 레터럴 레이즈,70.0,8,3,75
여성,20대,63.0,초보자,재활/건강,바벨 로우,5.0,18,3,114
여성,50대,51.1,중급자,스트렝스,페이스 풀,22.5,3,5,138
남성,40대,53.4,중급자,근비대,레그 프레스 머신,45.0,12,3,64
여성,10대,68.0,초보자,다이어트,오버헤드 프레스,10.0,20,3,33
남성,60대 이상,72.0,상급자,근비대,워킹 런지,62.5,8,4,76
남성,30대,77.4,중급자,재활/건강,숄더 프레스 머신,35.0,15,2,97
남성,10대,87.1,중급자,재활/건강,레그 익스텐션 머신,35.0,17,2,99
여성,60대 이상,54.7,중급자,다이어트,레그 프레스 머신,25.0,19,3,57
여성,20대,59.0,중급자,다이어트,레그 익스텐션 머신,22.5,19,3,53
남성,50대,69.1,중급자,근비대,오버헤드 프레스,42.5,11,4,77
여성,60대 이상,48.2,상급자,재활/건강,페이스 풀,15.0,15,2,92
남성,60대 이상,72.4,초보자,재활/건강,페이스 풀,10.0,16,3,103
남성,60대 이상,102.3,상급자,재활/건강,숄더 프레스 머신,62.5,18,2,100
여성,30대,62.0,상급자,근비대,숄더 프레스 머신,55.0,8,3,67
여성,60대 이상,59.2,중급자,다이어트,페이스 풀,15.0,15,3,57
여성,10대,54.0,중급자,재활/건강,오버헤드 프레스,7.5,18,2,107
남성,50대,88.7,중급자,다이어트,바벨 로우,40.0,20,3,49
여성,40대,54.8,중급자,스트렝스,레그 컬 머신,37.5,3,5,125
남성,50대,64.1,초보자,근비대,랫 풀다운 머신,27.5,8,4,66
여성,10대,49.7,초보자,스트렝스,오버헤드 프레스,12.5,4,4,137
여성,10대,68.2,중급자,근비대,레그 컬 머신,40.0,8,4,61
여성,20대,44.9,상급자,근비대,시티드 로우 머신,42.5,10,4,79
여성,10대,59.7,상급자,스트렝스,오버헤드 프레스,42.5,5,5,143
남성,30대,75.8,초보자,스트렝스,인클라인 덤벨 프레스,27.5,5,5,144
남성,50대,70.5,초보자,근비대,사이드 레터럴 레이즈,20.0,11,4,84
여성,30대,52.2,상급자,다이어트,숄더 프레스 머신,35.0,15,3,47
남성,60대 이상,76.9,중급자,재활/건강,오버헤드 프레스,22.5,16,3,90
남성,30대,83.9,상급자,스트렝스,시티드 로우 머신,130.0,4,5,147
여성,30대,63.9,초보자,근비대,어시스트 풀업 머신,20.0,11,4,65
남성,30대,76.1,초보자,근비대,인클라인 덤벨 프레스,25.0,9,4,62
남성,30대,76.0,초보자,다이어트,페이스 풀,17.5,16,3,53
남성,60대 이상,73.8,중급자,스트렝스,오버헤드 프레스,52.5,4,5,179
남성,50대,75.6,상급자,다이어트,워킹 런지,50.0,15,3,34
여성,60대 이상,61.4,초보자,스트렝스,레그 프레스 머신,22.5,5,5,149
남성,50대,71.7,상급자,다이어트,랫 풀다운 머신,72.5,16,3,52
여성,60대 이상,61.4,상급자,재활/건강,체스트 프레스 머신,25.0,19,2,109
남성,60대 이상,82.3,초보자,다이어트,페이스 풀,20.0,16,3,52
남성,30대,74.0,상급자,재활/건강,인클라인 덤벨 프레스,30.0,19,3,108
여성,10대,43.0,초보자,재활/건강,레그 프레스 머신,5.0,20,2,119
여성,30대,65.8,중급자,스트렝스,사이드 레터럴 레이즈,30.0,5,5,133
남성,60대 이상,72.3,상급자,스트렝스,오버헤드 프레스,75.0,4,4,161
남성,20대,76.4,초보자,다이어트,인클라인 덤벨 프레스,17.5,17,3,43
남성,50대,84.0,상급자,스트렝스,펙덱 플라이 머신,137.5,5,5,141
남성,30대,93.7,상급자,다이어트,시티드 로우 머신,85.0,19,3,40
남성,30대,63.5,상급자,다이어트,레그 익스텐션 머신,60.0,18,3,32
여성,60대 이상,52.6,초보자,스트렝스,레그 컬 머신,17.5,4,4,128
남성,60대 이상,60.6,초보자,다이어트,숄더 프레스 머신,20.0,16,3,49
여성,30대,49.5,중급자,스트렝스,레그 익스텐션 머신,32.5,5,5,123
여성,60대 이상,48.4,중급자,다이어트,레그 컬 머신,20.0,20,3,40
여성,20대,72.7,중급자,스트렝스,바벨 스쿼트,35.0,5,4,144
남성,50대,94.3,상급자,근비대,인클라인 덤벨 프레스,90.0,12,3,90
남성,30대,93.1,상급자,다이어트,페이스 풀,62.5,20,3,56
남성,10대,70.5,중급자,스트렝스,숄더 프레스 머신,77.5,3,4,165
여성,10대,53.4,초보자,스트렝스,레그 익스텐션 머신,17.5,3,5,142
남성,50대,83.0,초보자,스트렝스,레그 컬 머신,42.5,3,4,144
남성,60대 이상,78.7,초보자,스트렝스,바벨 스쿼트,27.5,4,4,179
여성,50대,58.0,중급자,다이어트,벤치프레스,15.0,19,3,32
여성,60대 이상,62.5,중급자,재활/건강,레그 익스텐션 머신,15.0,15,3,115
남성,10대,94.6,초보자,근비대,바벨 로우,27.5,10,4,88
남성,20대,61.2,상급자,스트렝스,펙덱 플라이 머신,100.0,4,4,130
남성,50대,84.1,중급자,재활/건강,랫 풀다운 머신,35.0,19,3,113
여성,10대,57.8,상급자,다이어트,레그 익스텐션 머신,37.5,19,3,40
남성,10대,94.2,초보자,재활/건강,레그 컬 머신,22.5,18,2,105
남성,30대,70.8,중급자,다이어트,시티드 로우 머신,45.0,19,3,45
여성,30대,46.8,중급자,근비대,사이드 레터럴 레이즈,17.5,12,3,61
여성,20대,57.5,중급자,스트렝스,어시스트 풀업 머신,37.5,3,4,180
남성,60대 이상,55.9,상급자,근비대,숄더 프레스 머신,77.5,12,4,89
남성,10대,83.5,중급자,다이어트,사이드 레터럴 레이즈,35.0,17,3,48
여성,40대,70.6,초보자,다이어트,레그 프레스 머신,15.0,15,3,35
여성,30대,48.7,초보자,다이어트,레그 프레스 머신,10.0,17,3,38
여성,10대,46.7,상급자,근비대,랫 풀다운 머신,42.5,10,4,78
여성,60대 이상,50.1,초보자,재활/건강,숄더 프레스 머신,7.5,20,3,115
남성,10대,72.2,중급자,스트렝스,레그 컬 머신,80.0,3,4,177
여성,30대,63.8,중급자,근비대,오버헤드 프레스,25.0,10,4,61
남성,20대,85.1,중급자,근비대,레그 익스텐션 머신,80.0,11,3,65
여성,20대,51.9,초보자,재활/건강,바벨 스쿼트,5.0,20,3,103
여성,20대,51.9,상급자,재활/건강,인클라인 덤벨 프레스,12.5,17,2,119
남성,40대,64.0,초보자,재활/건강,랫 풀다운 머신,12.5,18,2,110
여성,30대,59.1,초보자,재활/건강,바벨 로우,5.0,20,2,105
여성,60대 이상,60.0,중급자,다이어트,루마니안 데드리프트,17.5,18,3,30
남성,30대,64.8,중급자,스트렝스,오버헤드 프레스,45.0,4,4,171
여성,30대,64.4,초보자,스트렝스,바벨 스쿼트,15.0,4,4,169
남성,50대,81.8,중급자,재활/건강,숄더 프레스 머신,37.5,20,2,113
남성,60대 이상,84.7,중급자,재활/건강,바벨 스쿼트,25.0,19,2,120
남성,20대,63.3,초보자,스트렝스,레그 프레스 머신,35.0,5,4,142
남성,50대,74.2,초보자,다이어트,벤치프레스,17.5,19,3,56
남성,40대,71.5,초보자,스트렝스,페이스 풀,25.0,5,5,149
여성,30대,56.3,상급자,재활/건강,워킹 런지,17.5,19,2,111
남성,40대,78.9,초보자,재활/건강,루마니안 데드리프트,12.5,20,3,97
남성,20대,87.4,중급자,재활/건강,사이드 레터럴 레이즈,25.0,15,3,114
남성,40대,78.8,중급자,재활/건강,사이드 레터럴 레이즈,20.0,15,3,97
여성,50대,35.5,상급자,근비대,레그 익스텐션 머신,30.0,12,4,79
여성,50대,53.1,초보자,다이어트,시티드 로우 머신,12.5,18,3,32
여성,50대,53.7,중급자,스트렝스,시티드 로우 머신,37.5,4,5,128
남성,60대 이상,65.4,중급자,근비대,바벨 로우,40.0,8,4,73
여성,50대,49.4,중급자,스트렝스,인클라인 덤벨 프레스,22.5,4,5,122
남성,60대 이상,86.2,상급자,재활/건강,펙덱 플라이 머신,57.5,20,2,99
여성,20대,40.8,초보자,다이어트,벤치프레스,5.0,15,3,34
남성,10대,68.1,상급자,다이어트,오버헤드 프레스,42.5,20,3,42
여성,20대,49.3,중급자,재활/건강,펙덱 플라이 머신,12.5,16,2,105
남성,10대,79.9,상급자,스트렝스,랫 풀다운 머신,127.5,3,5,134
남성,60대 이상,72.2,상급자,근비대,레그 프레스 머신,92.5,11,4,84
남성,60대 이상,73.6,중급자,스트렝스,바벨 스쿼트,55.0,4,5,166
여성,50대,55.3,초보자,재활/건강,바벨 스쿼트,5.0,19,3,90
남성,50대,84.6,상급자,다이어트,어시스트 풀업 머신,85.0,19,3,31
여성,20대,45.9,중급자,근비대,레그 익스텐션 머신,25.0,10,3,76
여성,30대,71.1,중급자,다이어트,체스트 프레스 머신,30.0,18,3,54
남성,60대 이상,92.2,초보자,다이어트,루마니안 데드리프트,20.0,19,3,59
여성,40대,59.4,상급자,근비대,벤치프레스,35.0,9,4,84
여성,40대,54.5,초보자,스트렝스,시티드 로우 머신,17.5,5,4,135
남성,60대 이상,68.2,상급자,스트렝스,페이스 풀,77.5,4,4,163
여성,20대,60.0,상급자,근비대,숄더 프레스 머신,55.0,9,4,60
남성,20대,63.7,중급자,근비대,랫 풀다운 머신,57.5,10,4,88
남성,50대,69.0,초보자,근비대,레그 익스텐션 머신,30.0,8,4,75
남성,10대,73.9,중급자,스트렝스,오버헤드 프레스,55.0,3,4,139
여성,10대,48.7,초보자,다이어트,루마니안 데드리프트,7.5,18,3,60
남성,20대,68.0,중급자,스트렝스,바벨 스쿼트,50.0,4,5,158
남성,40대,83.9,상급자,재활/건강,바벨 로우,40.0,17,2,99
남성,10대,79.9,중급자,다이어트,어시스트 풀업 머신,50.0,18,3,39
여성,30대,48.3,초보자,재활/건강,페이스 풀,5.0,17,2,112
여성,40대,59.1,중급자,다이어트,어시스트 풀업 머신,22.5,17,3,41
남성,10대,59.5,초보자,근비대,워킹 런지,17.5,11,4,60
남성,10대,76.6,초보자,스트렝스,페이스 풀,27.5,4,4,140
여성,30대,53.1,중급자,다이어트,오버헤드 프레스,15.0,19,3,59
여성,40대,49.3,초보자,근비대,레그 익스텐션 머신,12.5,8,4,61
여성,30대,41.9,상급자,재활/건강,레그 컬 머신,15.0,16,2,91
남성,50대,82.2,중급자,스트렝스,레그 익스텐션 머신,87.5,5,5,156
여성,30대,62.3,초보자,근비대,워킹 런지,10.0,10,4,76
남성,20대,78.7,중급자,스트렝스,레그 익스텐션 머신,85.0,4,4,129
남성,40대,90.9,초보자,다이어트,사이드 레터럴 레이즈,20.0,19,3,32
남성,30대,78.2,초보자,스트렝스,어시스트 풀업 머신,45.0,3,4,141
남성,20대,60.3,중급자,다이어트,페이스 풀,27.5,16,3,52
여성,10대,48.2,초보자,재활/건강,사이드 레터럴 레이즈,5.0,17,3,117
여성,10대,54.5,초보자,스트렝스,페이스 풀,12.5,4,5,163
여성,40대,48.1,초보자,근비대,루마니안 데드리프트,10.0,10,3,75
여성,10대,50.9,초보자,스트렝스,바벨 스쿼트,12.5,5,4,166
여성,20대,52.5,중급자,근비대,사이드 레터럴 레이즈,20.0,8,3,64
남성,20대,60.6,상급자,다이어트,루마니안 데드리프트,40.0,16,3,48
남성,50대,88.5,상급자,재활/건강,워킹 런지,35.0,18,2,93
여성,30대,74.0,중급자,스트렝스,바벨 로우,32.5,5,5,175
여성,30대,56.6,초보자,재활/건강,인클라인 덤벨 프레스,5.0,16,3,118
남성,20대,99.2,상급자,재활/건강,사이드 레터럴 레이즈,47.5,17,2,91
남성,10대,60.4,중급자,다이어트,바벨 스쿼트,27.5,19,3,36
남성,50대,87.1,중급자,다이어트,체스트 프레스 머신,55.0,18,3,46
여성,40대,49.0,상급자,근비대,숄더 프레스 머신,45.0,9,4,72
여성,20대,54.9,초보자,재활/건강,벤치프레스,5.0,20,3,118
여성,10대,73.4,상급자,근비대,루마니안 데드리프트,42.5,9,4,68
남성,10대,59.6,상급자,재활/건강,바벨 스쿼트,22.5,17,3,117
여성,10대,51.9,상급자,근비대,레그 프레스 머신,50.0,10,3,81
남성,50대,80.2,중급자,근비대,벤치프레스,45.0,12,3,64
여성,40대,64.9,중급자,스트렝스,시티드 로우 머신,42.5,5,4,179
남성,60대 이상,68.5,상급자,재활/건강,숄더 프레스 머신,45.0,18,3,94
여성,60대 이상,57.9,상급자,재활/건강,바벨 로우,15.0,19,2,99
여성,20대,59.7,중급자,근비대,레그 익스텐션 머신,35.0,11,4,70
남성,20대,81.9,상급자,근비대,시티드 로우 머신,110.0,9,4,62
여성,30대,58.9,초보자,다이어트,숄더 프레스 머신,12.5,18,3,30
여성,40대,70.2,중급자,다이어트,페이스 풀,17.5,20,3,48
여성,40대,63.0,상급자,근비대,어시스트 풀업 머신,60.0,12,3,66
남성,30대,55.6,중급자,다이어트,바벨 스쿼트,22.5,19,3,43
여성,30대,67.3,상급자,다이어트,펙덱 플라이 머신,42.5,16,3,52
남성,40대,83.3,중급자,다이어트,바벨 스쿼트,37.5,15,3,36
남성,10대,76.2,중급자,스트렝스,루마니안 데드리프트,52.5,4,5,180
남성,10대,74.7,상급자,재활/건강,어시스트 풀업 머신,40.0,18,3,113
남성,20대,76.2,상급자,다이어트,워킹 런지,52.5,16,3,36
여성,10대,66.9,초보자,근비대,레그 익스텐션 머신,17.5,9,4,89
남성,60대 이상,78.1,중급자,재활/건강,벤치프레스,20.0,17,3,120
여성,60대 이상,54.5,초보자,스트렝스,루마니안 데드리프트,12.5,4,4,173
남성,50대,87.4,초보자,스트렝스,시티드 로우 머신,45.0,5,5,126
남성,30대,76.7,중급자,재활/건강,워킹 런지,22.5,17,2,109
여성,30대,56.6,상급자,근비대,바벨 스쿼트,35.0,12,4,82
남성,60대 이상,71.9,초보자,재활/건강,체스트 프레스 머신,15.0,20,2,95
남성,30대,67.6,상급자,재활/건강,인클라인 덤벨 프레스,32.5,16,2,91
남성,20대,85.2,중급자,근비대,사이드 레터럴 레이즈,52.5,12,4,77
여성,50대,45.7,중급자,스트렝스,루마니안 데드리프트,22.5,3,4,135
남성,10대,94.3,초보자,다이어트,오버헤드 프레스,22.5,19,3,44
남성,30대,87.0,중급자,다이어트,레그 프레스 머신,55.0,15,3,47
남성,60대 이상,58.8,초보자,재활/건강,펙덱 플라이 머신,12.5,19,3,98
남성,30대,66.9,초보자,재활/건강,인클라인 덤벨 프레스,10.0,16,3,113
여성,20대,59.1,중급자,근비대,바벨 로우,20.0,12,4,77
남성,40대,70.6,상급자,재활/건강,숄더 프레스 머신,47.5,19,2,95
여성,30대,46.2,중급자,근비대,오버헤드 프레스,17.5,10,3,70
여성,60대 이상,62.1,상급자,다이어트,레그 컬 머신,45.0,19,3,56
여성,50대,54.8,초보자,스트렝스,루마니안 데드리프트,12.5,4,4,128
남성,10대,82.0,초보자,다이어트,레그 익스텐션 머신,30.0,19,3,35
여성,30대,58.7,상급자,다이어트,숄더 프레스 머신,35.0,16,3,60
남성,20대,94.2,상급자,다이어트,바벨 스쿼트,62.5,15,3,36
남성,50대,87.2,초보자,다이어트,루마니안 데드리프트,17.5,15,3,40
남성,60대 이상,87.1,중급자,재활/건강,숄더 프레스 머신,32.5,16,2,109
남성,60대 이상,88.3,상급자,스트렝스,바벨 로우,92.5,4,4,130
여성,20대,43.4,초보자,재활/건강,사이드 레터럴 레이즈,2.5,15,3,100
여성,30대,56.1,상급자,다이어트,랫 풀다운 머신,37.5,19,3,44
여성,10대,67.8,초보자,근비대,인클라인 덤벨 프레스,12.5,8,4,63
남성,10대,64.8,중급자,재활/건강,워킹 런지,17.5,16,2,105
남성,10대,72.1,초보자,근비대,랫 풀다운 머신,32.5,12,3,61
여성,30대,47.5,상급자,재활/건강,레그 익스텐션 머신,20.0,17,3,112
여성,20대,58.3,상급자,근비대,인클라인 덤벨 프레스,32.5,12,3,90
여성,10대,54.7,상급자,다이어트,사이드 레터럴 레이즈,22.5,15,3,53
여성,60대 이상,52.1,상급자,재활/건강,레그 익스텐션 머신,20.0,15,3,94
여성,40대,61.8,초보자,재활/건강,레그 컬 머신,7.5,19,2,117
여성,50대,55.8,초보자,재활/건강,랫 풀다운 머신,7.5,20,2,118
여성,20대,55.7,상급자,스트렝스,어시스트 풀업 머신,62.5,5,5,176
남성,60대 이상,77.1,중급자,근비대,루마니안 데드리프트,45.0,8,4,87
여성,50대,50.0,상급자,재활/건강,바벨 스쿼트,15.0,16,3,94
여성,60대 이상,42.3,초보자,다이어트,오버헤드 프레스,5.0,16,3,50
남성,20대,63.9,상급자,근비대,체스트 프레스 머신,90.0,10,4,78
여성,40대,59.1,중급자,다이어트,랫 풀다운 머신,22.5,18,3,35
남성,40대,84.0,중급자,근비대,바벨 로우,50.0,9,3,86
여성,20대,65.6,상급자,스트렝스,페이스 풀,50.0,3,4,136
남성,30대,77.5,초보자,스트렝스,숄더 프레스 머신,42.5,3,5,179
남성,50대,83.4,초보자,근비대,레그 컬 머신,40.0,11,3,73
여성,30대,51.5,초보자,근비대,바벨 스쿼트,10.0,11,3,90
여성,40대,36.7,초보자,스트렝스,워킹 런지,7.5,5,4,137
여성,10대,54.8,상급자,다이어트,인클라인 덤벨 프레스,25.0,19,3,53
남성,20대,51.4,상급자,스트렝스,레그 익스텐션 머신,85.0,4,5,127
여성,10대,53.4,상급자,근비대,랫 풀다운 머신,47.5,12,3,67
여성,60대 이상,51.9,상급자,스트렝스,랫 풀다운 머신,57.5,3,5,156
여성,50대,39.5,초보자,다이어트,숄더 프레스 머신,7.5,17,3,40
남성,20대,70.2,상급자,스트렝스,워킹 런지,77.5,3,5,121
남성,40대,80.7,중급자,재활/건강,레그 컬 머신,37.5,17,2,108
여성,60대 이상,51.8,상급자,재활/건강,체스트 프레스 머신,22.5,16,2,90
남성,30대,67.5,중급자,근비대,사이드 레터럴 레이즈,40.0,11,3,82
여성,10대,55.0,상급자,다이어트,워킹 런지,25.0,20,3,47
여성,60대 이상,55.6,중급자,다이어트,바벨 스쿼트,15.0,16,3,39
여성,50대,48.0,상급자,스트렝스,오버헤드 프레스,35.0,5,4,140
여성,60대 이상,47.4,중급자,다이어트,인클라인 덤벨 프레스,12.5,19,3,30
남성,30대,72.6,상급자,스트렝스,체스트 프레스 머신,112.5,5,5,167
여성,30대,50.2,초보자,다이어트,시티드 로우 머신,10.0,17,3,52
남성,60대 이상,61.8,중급자,근비대,레그 컬 머신,55.0,9,3,78
여성,50대,53.2,중급자,재활/건강,체스트 프레스 머신,15.0,17,3,105
남성,30대,79.6,초보자,스트렝스,레그 익스텐션 머신,40.0,4,5,139
남성,60대 이상,74.1,상급자,재활/건강,레그 프레스 머신,50.0,16,3,108
여성,50대,52.6,중급자,근비대,사이드 레터럴 레이즈,20.0,12,3,73
여성,30대,50.5,중급자,스트렝스,루마니안 데드리프트,22.5,5,4,178
여성,10대,62.0,중급자,근비대,바벨 로우,22.5,12,3,66
여성,30대,52.3,초보자,재활/건강,페이스 풀,5.0,18,2,98
남성,60대 이상,88.8,상급자,스트렝스,인클라인 덤벨 프레스,97.5,4,5,145
여성,60대 이상,56.0,중급자,스트렝스,페이스 풀,25.0,3,4,136
남성,50대,62.0,초보자,다이어트,레그 컬 머신,20.0,16,3,46
남성,10대,62.9,중급자,재활/건강,레그 프레스 머신,27.5,18,2,96
남성,30대,96.3,초보자,근비대,인클라인 덤벨 프레스,27.5,10,4,88
남성,20대,67.3,상급자,다이어트,레그 컬 머신,70.0,15,3,49
남성,50대,70.0,상급자,근비대,시티드 로우 머신,90.0,11,4,81
남성,50대,82.5,중급자,재활/건강,워킹 런지,25.0,16,2,99
여성,50대,58.6,초보자,재활/건강,레그 익스텐션 머신,7.5,16,2,110
남성,60대 이상,86.0,상급자,재활/건강,체스트 프레스 머신,55.0,15,3,96
여성,50대,59.6,초보자,다이어트,루마니안 데드리프트,7.5,15,3,55
남성,20대,74.1,초보자,근비대,사이드 레터럴 레이즈,22.5,10,4,90
여성,40대,53.2,상급자,다이어트,레그 프레스 머신,37.5,17,3,39
여성,50대,48.3,초보자,근비대,랫 풀다운 머신,12.5,11,3,60
남성,50대,86.7,상급자,다이어트,숄더 프레스 머신,92.5,15,3,60
여성,60대 이상,62.9,상급자,재활/건강,펙덱 플라이 머신,22.5,18,3,101
남성,10대,61.8,중급자,근비대,랫 풀다운 머신,55.0,9,4,81
여성,40대,38.1,초보자,근비대,루마니안 데드리프트,7.5,11,3,77
남성,20대,71.7,상급자,다이어트,시티드 로우 머신,67.5,19,3,43
남성,40대,71.7,상급자,스트렝스,오버헤드 프레스,80.0,4,5,142
남성,20대,78.2,상급자,근비대,사이드 레터럴 레이즈,67.5,10,3,70
여성,30대,46.5,상급자,스트렝스,페이스 풀,32.5,3,4,168
남성,40대,64.5,초보자,다이어트,어시스트 풀업 머신,20.0,17,3,59
남성,50대,66.3,중급자,재활/건강,워킹 런지,20.0,19,2,115
남성,10대,63.1,상급자,스트렝스,인클라인 덤벨 프레스,65.0,5,4,159
여성,60대 이상,65.3,초보자,스트렝스,레그 컬 머신,20.0,4,4,160
여성,10대,46.3,중급자,스트렝스,시티드 로우 머신,32.5,5,4,138
여성,50대,45.2,상급자,다이어트,어시스트 풀업 머신,27.5,17,3,58
여성,10대,48.3,중급자,스트렝스,워킹 런지,22.5,4,4,167
남성,10대,64.2,초보자,재활/건강,오버헤드 프레스,7.5,18,2,105
남성,60대 이상,66.7,초보자,근비대,랫 풀다운 머신,32.5,12,3,66
여성,50대,42.6,상급자,근비대,사이드 레터럴 레이즈,25.0,10,4,62
여성,20대,46.8,상급자,재활/건강,펙덱 플라이 머신,20.0,20,2,95
여성,50대,55.2,중급자,근비대,벤치프레스,20.0,12,3,68
남성,10대,75.2,중급자,재활/건강,랫 풀다운 머신,35.0,16,2,92
여성,20대,56.9,중급자,스트렝스,시티드 로우 머신,40.0,3,4,146
남성,30대,44.1,초보자,재활/건강,체스트 프레스 머신,7.5,16,3,103
여성,50대,47.0,상급자,근비대,바벨 로우,27.5,8,3,79
남성,30대,77.3,초보자,스트렝스,루마니안 데드리프트,30.0,3,4,136
남성,10대,67.6,중급자,근비대,벤치프레스,37.5,11,4,67
남성,20대,62.5,상급자,다이어트,루마니안 데드리프트,37.5,16,3,39
여성,50대,42.6,상급자,재활/건강,숄더 프레스 머신,15.0,15,3,120
여성,40대,61.0,중급자,다이어트,펙덱 플라이 머신,22.5,20,3,56
여성,40대,53.6,초보자,재활/건강,오버헤드 프레스,5.0,20,3,96
남성,60대 이상,71.5,상급자,다이어트,인클라인 덤벨 프레스,47.5,20,3,36
여성,30대,61.0,중급자,스트렝스,숄더 프레스 머신,40.0,3,5,158
남성,30대,84.8,상급자,다이어트,워킹 런지,60.0,17,3,33
여성,60대 이상,54.1,초보자,다이어트,페이스 풀,7.5,20,3,41
남성,40대,75.9,상급자,근비대,시티드 로우 머신,105.0,10,3,90
여성,20대,43.0,중급자,스트렝스,사이드 레터럴 레이즈,20.0,4,5,151
남성,50대,68.8,상급자,재활/건강,루마니안 데드리프트,30.0,16,2,98
남성,30대,67.1,초보자,근비대,바벨 스쿼트,20.0,11,3,82
여성,20대,59.9,중급자,근비대,숄더 프레스 머신,32.5,10,3,71
여성,50대,49.7,중급자,다이어트,레그 익스텐션 머신,20.0,20,3,55
남성,50대,78.3,상급자,근비대,레그 프레스 머신,100.0,11,3,83
여성,50대,72.4,상급자,스트렝스,레그 익스텐션 머신,77.5,3,5,153
남성,20대,75.6,중급자,스트렝스,워킹 런지,55.0,4,5,124
여성,20대,65.3,초보자,다이어트,오버헤드 프레스,7.5,16,3,58
여성,30대,41.6,중급자,다이어트,레그 컬 머신,17.5,17,3,38
여성,40대,40.5,초보자,근비대,랫 풀다운 머신,10.0,9,4,63
남성,40대,85.8,초보자,근비대,바벨 스쿼트,25.0,12,4,84
남성,10대,80.9,초보자,근비대,레그 익스텐션 머신,35.0,10,3,79
남성,40대,76.2,상급자,스트렝스,바벨 스쿼트,77.5,3,4,130
여성,30대,52.3,상급자,근비대,레그 익스텐션 머신,47.5,12,3,71
남성,60대 이상,72.2,상급자,다이어트,어시스트 풀업 머신,70.0,16,3,59
여성,40대,66.0,상급자,다이어트,사이드 레터럴 레이즈,27.5,15,3,35
남성,40대,89.1,중급자,근비대,루마니안 데드리프트,55.0,12,4,84
남성,60대 이상,78.7,상급자,스트렝스,체스트 프레스 머신,122.5,3,4,144
여성,20대,62.4,상급자,스트렝스,바벨 스쿼트,45.0,5,5,178
여성,20대,53.1,초보자,스트렝스,인클라인 덤벨 프레스,12.5,5,4,165
남성,40대,74.1,중급자,재활/건강,어시스트 풀업 머신,30.0,20,3,120
여성,30대,35.6,초보자,근비대,인클라인 덤벨 프레스,7.5,9,3,90
남성,50대,84.9,상급자,다이어트,오버헤드 프레스,55.0,20,3,60
여성,50대,70.3,상급자,재활/건강,펙덱 플라이 머신,25.0,16,2,101
여성,10대,50.0,상급자,재활/건강,오버헤드 프레스,12.5,18,3,99
여성,10대,64.0,중급자,근비대,바벨 로우,25.0,11,3,84
여성,60대 이상,49.8,상급자,근비대,벤치프레스,30.0,8,3,78
여성,30대,51.4,중급자,스트렝스,벤치프레스,22.5,4,5,135
여성,60대 이상,59.6,상급자,다이어트,레그 익스텐션 머신,35.0,19,3,53
남성,50대,73.9,상급자,다이어트,시티드 로우 머신,67.5,20,3,55
여성,30대,56.7,상급자,스트렝스,숄더 프레스 머신,60.0,4,5,176
남성,20대,87.4,중급자,스트렝스,펙덱 플라이 머신,95.0,4,4,163
여성,10대,50.1,중급자,재활/건강,레그 익스텐션 머신,12.5,18,2,99
남성,40대,78.8,상급자,재활/건강,워킹 런지,35.0,16,2,112
여성,50대,45.3,초보자,근비대,오버헤드 프레스,7.5,8,4,64
여성,50대,55.5,상급자,스트렝스,시티드 로우 머신,57.5,4,5,171
여성,60대 이상,74.4,초보자,재활/건강,벤치프레스,7.5,15,2,109
남성,40대,62.0,초보자,근비대,바벨 스쿼트,20.0,10,4,90
여성,30대,52.8,상급자,재활/건강,숄더 프레스 머신,20.0,15,3,93
여성,20대,61.1,상급자,재활/건강,바벨 로우,17.5,19,3,104
남성,20대,83.9,초보자,스트렝스,오버헤드 프레스,27.5,3,4,170
남성,30대,80.2,상급자,다이어트,워킹 런지,50.0,20,3,55
남성,30대,70.9,초보자,스트렝스,루마니안 데드리프트,25.0,3,4,174
여성,50대,53.2,상급자,다이어트,워킹 런지,22.5,19,3,39
남성,30대,76.9,초보자,재활/건강,시티드 로우 머신,17.5,18,2,110
여성,40대,50.5,중급자,근비대,페이스 풀,17.5,9,3,77
여성,50대,57.3,상급자,재활/건강,시티드 로우 머신,25.0,15,3,91
남성,20대,77.5,중급자,스트렝스,사이드 레터럴 레이즈,52.5,5,4,122
남성,10대,65.6,중급자,재활/건강,루마니안 데드리프트,20.0,16,3,100
남성,30대,97.0,초보자,다이어트,어시스트 풀업 머신,35.0,16,3,54
여성,60대 이상,66.0,상급자,재활/건강,인클라인 덤벨 프레스,15.0,17,2,96
여성,50대,43.7,중급자,재활/건강,펙덱 플라이 머신,12.5,15,2,90
남성,50대,54.6,상급자,다이어트,벤치프레스,37.5,17,3,55
여성,20대,52.2,중급자,근비대,페이스 풀,20.0,11,3,62
남성,50대,54.2,상급자,근비대,숄더 프레스 머신,72.5,8,3,69
남성,10대,85.6,상급자,재활/건강,워킹 런지,32.5,15,3,91
여성,20대,48.5,초보자,스트렝스,워킹 런지,10.0,3,5,121
여성,20대,60.5,상급자,근비대,숄더 프레스 머신,57.5,9,3,68
남성,10대,76.5,초보자,스트렝스,어시스트 풀업 머신,42.5,4,5,145
여성,20대,55.0,중급자,재활/건강,사이드 레터럴 레이즈,10.0,15,3,112
남성,20대,79.8,초보자,근비대,펙덱 플라이 머신,37.5,10,4,90
여성,50대,54.2,상급자,다이어트,벤치프레스,22.5,15,3,32
여성,10대,56.6,상급자,근비대,루마니안 데드리프트,32.5,8,3,67
여성,30대,55.2,초보자,스트렝스,체스트 프레스 머신,17.5,3,4,157
남성,60대 이상,64.7,초보자,다이어트,바벨 로우,15.0,19,3,51
남성,40대,96.4,중급자,근비대,시티드 로우 머신,82.5,12,4,66
남성,60대 이상,86.7,상급자,근비대,인클라인 덤벨 프레스,80.0,12,4,68
남성,20대,85.5,초보자,재활/건강,레그 컬 머신,20.0,17,3,111
남성,50대,60.6,초보자,근비대,인클라인 덤벨 프레스,17.5,12,3,90
남성,20대,70.5,상급자,재활/건강,바벨 스쿼트,25.0,17,3,101
남성,10대,62.4,상급자,스트렝스,바벨 로우,67.5,5,5,167
남성,40대,87.9,중급자,재활/건강,체스트 프레스 머신,37.5,15,3,112
여성,20대,49.0,중급자,근비대,레그 익스텐션 머신,27.5,8,4,80
남성,30대,79.2,중급자,근비대,루마니안 데드리프트,45.0,10,4,70
남성,50대,71.4,중급자,근비대,어시스트 풀업 머신,65.0,12,4,74
남성,30대,56.5,중급자,재활/건강,레그 컬 머신,27.5,19,3,106
여성,50대,73.2,중급자,재활/건강,벤치프레스,12.5,15,2,91
여성,30대,63.2,초보자,스트렝스,인클라인 덤벨 프레스,15.0,5,5,175
여성,50대,47.9,초보자,다이어트,랫 풀다운 머신,10.0,19,3,36
여성,40대,45.9,초보자,스트렝스,바벨 스쿼트,10.0,5,5,120
남성,50대,65.6,중급자,근비대,바벨 스쿼트,37.5,11,4,75
여성,30대,64.5,초보자,근비대,시티드 로우 머신,17.5,11,3,72
남성,30대,75.6,중급자,스트렝스,사이드 레터럴 레이즈,55.0,4,4,135
여성,10대,54.1,초보자,근비대,인클라인 덤벨 프레스,10.0,11,3,77
여성,40대,65.9,중급자,스트렝스,오버헤드 프레스,30.0,4,4,149
여성,30대,68.8,중급자,재활/건강,워킹 런지,12.5,19,2,95
남성,60대 이상,75.6,초보자,스트렝스,워킹 런지,27.5,5,5,121
남성,20대,67.7,초보자,근비대,오버헤드 프레스,20.0,10,4,81
여성,50대,44.7,상급자,스트렝스,펙덱 플라이 머신,47.5,3,4,146
여성,10대,60.8,상급자,재활/건강,레그 컬 머신,25.0,17,3,92
여성,10대,60.8,초보자,재활/건강,페이스 풀,5.0,15,3,91
여성,10대,68.6,초보자,스트렝스,바벨 로우,15.0,4,4,122
여성,30대,45.7,중급자,다이어트,루마니안 데드리프트,12.5,19,3,35
남성,60대 이상,73.5,상급자,스트렝스,사이드 레터럴 레이즈,77.5,4,4,155
여성,30대,56.9,중급자,재활/건강,벤치프레스,10.0,19,3,116
여성,40대,58.7,중급자,근비대,어시스트 풀업 머신,32.5,11,3,69
남성,40대,53.6,상급자,근비대,숄더 프레스 머신,72.5,12,4,84
남성,40대,81.0,상급자,근비대,펙덱 플라이 머신,115.0,12,3,61
여성,40대,76.0,초보자,다이어트,어시스트 풀업 머신,15.0,15,3,35
여성,60대 이상,42.5,상급자,재활/건강,레그 컬 머신,17.5,16,3,114
남성,60대 이상,75.4,중급자,다이어트,체스트 프레스 머신,50.0,20,3,43
여성,30대,39.8,중급자,근비대,오버헤드 프레스,15.0,12,3,62
남성,10대,76.4,초보자,스트렝스,루마니안 데드리프트,27.5,4,4,170
여성,30대,67.7,중급자,재활/건강,사이드 레터럴 레이즈,12.5,18,3,99
여성,60대 이상,48.7,초보자,재활/건강,페이스 풀,5.0,17,3,112
남성,10대,71.6,중급자,근비대,바벨 스쿼트,45.0,9,3,71
남성,60대 이상,63.1,상급자,스트렝스,사이드 레터럴 레이즈,70.0,3,4,140
여성,30대,57.8,중급자,근비대,레그 익스텐션 머신,30.0,11,3,84
남성,20대,57.2,초보자,스트렝스,오버헤드 프레스,20.0,5,5,136
남성,60대 이상,77.1,상급자,스트렝스,오버헤드 프레스,80.0,5,5,135
여성,10대,61.6,상급자,다이어트,레그 컬 머신,42.5,16,3,45
여성,10대,60.7,상급자,스트렝스,어시스트 풀업 머신,70.0,3,4,154
여성,50대,61.3,상급자,재활/건강,페이스 풀,20.0,20,3,90
여성,20대,59.3,중급자,재활/건강,레그 익스텐션 머신,15.0,20,3,102
남성,30대,76.5,초보자,다이어트,랫 풀다운 머신,25.0,19,3,55
여성,60대 이상,50.2,초보자,스트렝스,랫 풀다운 머신,17.5,4,5,169
남성,60대 이상,86.4,상급자,근비대,레그 컬 머신,115.0,10,3,64
남성,60대 이상,93.8,상급자,스트렝스,펙덱 플라이 머신,150.0,3,4,148
여성,30대,70.1,초보자,근비대,사이드 레터럴 레이즈,12.5,12,3,61
여성,30대,53.5,초보자,다이어트,페이스 풀,7.5,19,3,33
여성,30대,56.8,상급자,재활/건강,숄더 프레스 머신,22.5,20,2,105
남성,50대,67.4,초보자,근비대,오버헤드 프레스,20.0,9,3,82
남성,10대,65.3,중급자,근비대,레그 컬 머신,60.0,11,3,64
남성,50대,74.8,중급자,근비대,숄더 프레스 머신,65.0,8,3,86
여성,30대,58.6,상급자,재활/건강,루마니안 데드리프트,17.5,19,2,102
남성,60대 이상,55.7,중급자,다이어트,펙덱 플라이 머신,37.5,15,3,35
여성,60대 이상,60.3,중급자,다이어트,펙덱 플라이 머신,27.5,18,3,44
여성,10대,57.1,초보자,근비대,시티드 로우 머신,17.5,10,4,68
여성,10대,56.3,상급자,근비대,레그 익스텐션 머신,52.5,8,4,75
여성,20대,51.2,상급자,근비대,오버헤드 프레스,30.0,9,3,63
남성,20대,63.4,상급자,다이어트,바벨 스쿼트,40.0,20,3,40
여성,30대,48.6,초보자,스트렝스,펙덱 플라이 머신,15.0,4,4,140
여성,20대,60.4,초보자,스트렝스,오버헤드 프레스,15.0,5,5,145
남성,40대,58.5,상급자,근비대,바벨 스쿼트,55.0,8,3,73
여성,10대,58.4,중급자,다이어트,인클라인 덤벨 프레스,15.0,17,3,31
여성,60대 이상,59.7,상급자,재활/건강,바벨 로우,17.5,19,3,112
남성,50대,75.6,중급자,스트렝스,랫 풀다운 머신,85.0,4,5,171
남성,40대,69.7,중급자,스트렝스,사이드 레터럴 레이즈,50.0,5,4,134
남성,20대,61.0,상급자,재활/건강,인클라인 덤벨 프레스,25.0,16,3,90
여성,50대,45.5,중급자,다이어트,인클라인 덤벨 프레스,12.5,16,3,40
여성,30대,49.0,상급자,스트렝스,펙덱 플라이 머신,50.0,3,5,130
남성,40대,73.6,초보자,재활/건강,바벨 스쿼트,12.5,20,2,96
여성,20대,58.5,상급자,근비대,벤치프레스,35.0,9,4,62
여성,30대,63.7,중급자,재활/건강,레그 익스텐션 머신,17.5,15,3,91
여성,60대 이상,54.8,중급자,스트렝스,페이스 풀,25.0,4,4,134
여성,30대,62.0,상급자,스트렝스,숄더 프레스 머신,65.0,5,4,131
여성,30대,60.3,상급자,스트렝스,시티드 로우 머신,67.5,3,5,167
여성,50대,48.1,상급자,스트렝스,어시스트 풀업 머신,55.0,3,5,150
여성,10대,59.3,초보자,근비대,페이스 풀,12.5,12,4,78
여성,50대,71.5,상급자,스트렝스,오버헤드 프레스,50.0,3,4,176
여성,30대,61.3,초보자,재활/건강,페이스 풀,5.0,18,2,92
여성,40대,58.2,중급자,재활/건강,인클라인 덤벨 프레스,10.0,17,2,90
여성,20대,50.5,초보자,스트렝스,페이스 풀,10.0,4,5,171
남성,50대,60.4,중급자,다이어트,숄더 프레스 머신,42.5,17,3,38
여성,40대,53.2,중급자,다이어트,어시스트 풀업 머신,22.5,18,3,48
남성,30대,74.4,중급자,재활/건강,레그 프레스 머신,30.0,20,2,104
여성,50대,47.4,초보자,근비대,사이드 레터럴 레이즈,10.0,11,3,73
남성,40대,81.0,중급자,재활/건강,레그 익스텐션 머신,32.5,19,3,106
여성,50대,62.1,상급자,재활/건강,숄더 프레스 머신,27.5,19,3,118
여성,20대,43.6,초보자,스트렝스,시티드 로우 머신,15.0,4,4,148
남성,40대,75.8,중급자,근비대,어시스트 풀업 머신,70.0,11,3,87
여성,20대,60.7,초보자,스트렝스,루마니안 데드리프트,15.0,4,4,171
여성,40대,47.6,초보자,근비대,숄더 프레스 머신,15.0,8,4,80
여성,30대,54.7,상급자,근비대,워킹 런지,35.0,12,4,78
남성,30대,71.9,중급자,다이어트,어시스트 풀업 머신,45.0,18,3,51
여성,40대,53.2,상급자,재활/건강,오버헤드 프레스,15.0,17,3,110
여성,60대 이상,54.2,초보자,근비대,어시스트 풀업 머신,15.0,12,3,70
남성,20대,70.6,중급자,스트렝스,인클라인 덤벨 프레스,50.0,4,4,172
남성,40대,74.2,상급자,재활/건강,워킹 런지,35.0,17,2,97
여성,30대,47.6,초보자,근비대,사이드 레터럴 레이즈,10.0,11,4,89
남성,60대 이상,78.1,초보자,재활/건강,벤치프레스,10.0,19,3,110
남성,50대,86.4,상급자,스트렝스,워킹 런지,97.5,5,5,172
남성,20대,68.4,중급자,스트렝스,오버헤드 프레스,47.5,3,5,160
여성,10대,61.5,초보자,근비대,사이드 레터럴 레이즈,12.5,10,4,87
여성,40대,47.7,초보자,스트렝스,벤치프레스,10.0,3,4,157
여성,50대,32.5,상급자,근비대,레그 프레스 머신,30.0,10,3,88
남성,40대,76.9,초보자,근비대,사이드 레터럴 레이즈,25.0,12,3,75
남성,10대,55.5,상급자,스트렝스,바벨 스쿼트,62.5,5,5,152
남성,50대,74.4,초보자,다이어트,인클라인 덤벨 프레스,17.5,16,3,45
여성,30대,57.5,초보자,다이어트,벤치프레스,7.5,17,3,44
남성,40대,73.6,상급자,근비대,숄더 프레스 머신,97.5,8,3,85
여성,20대,48.2,중급자,근비대,인클라인 덤벨 프레스,20.0,10,4,85
남성,50대,104.1,상급자,재활/건강,오버헤드 프레스,40.0,18,3,112
남성,60대 이상,66.1,초보자,다이어트,바벨 스쿼트,15.0,18,3,42
남성,60대 이상,81.2,중급자,다이어트,시티드 로우 머신,55.0,17,3,30
여성,10대,46.2,초보자,근비대,어시스트 풀업 머신,12.5,11,4,79
여성,10대,39.0,상급자,근비대,루마니안 데드리프트,22.5,12,3,83
여성,10대,49.6,초보자,스트렝스,체스트 프레스 머신,15.0,3,5,141
남성,10대,76.9,중급자,근비대,바벨 스쿼트,45.0,10,4,81
남성,30대,68.7,중급자,다이어트,루마니안 데드리프트,32.5,17,3,47
여성,30대,45.6,중급자,스트렝스,사이드 레터럴 레이즈,20.0,5,5,146
여성,10대,40.5,상급자,근비대,인클라인 덤벨 프레스,25.0,9,4,82
남성,50대,68.6,초보자,근비대,워킹 런지,22.5,9,3,60
여성,60대 이상,62.6,중급자,근비대,레그 컬 머신,32.5,9,4,66
여성,20대,62.2,상급자,스트렝스,체스트 프레스 머신,67.5,4,5,167
남성,30대,83.3,초보자,근비대,루마니안 데드리프트,27.5,10,3,85
여성,20대,45.1,중급자,재활/건강,펙덱 플라이 머신,12.5,20,3,112
여성,10대,59.5,상급자,재활/건강,레그 컬 머신,25.0,15,2,91
남성,20대,57.6,상급자,근비대,펙덱 플라이 머신,75.0,11,3,64
남성,60대 이상,66.1,초보자,스트렝스,어시스트 풀업 머신,37.5,4,5,170
남성,40대,90.0,초보자,재활/건강,인클라인 덤벨 프레스,12.5,18,2,114
여성,60대 이상,52.6,초보자,스트렝스,루마니안 데드리프트,12.5,4,4,180
여성,30대,57.0,초보자,스트렝스,벤치프레스,12.5,3,4,121
여성,50대,45.6,초보자,재활/건강,펙덱 플라이 머신,7.5,15,2,108
남성,40대,66.8,중급자,재활/건강,벤치프레스,17.5,19,2,103
남성,30대,92.3,중급자,다이어트,숄더 프레스 머신,55.0,20,3,34
여성,40대,44.1,초보자,재활/건강,시티드 로우 머신,5.0,19,3,94
여성,50대,54.7,초보자,다이어트,레그 익스텐션 머신,10.0,16,3,51
남성,60대 이상,95.6,상급자,근비대,오버헤드 프레스,80.0,10,3,88
남성,10대,60.2,초보자,스트렝스,랫 풀다운 머신,35.0,3,5,173
여성,10대,56.4,상급자,스트렝스,레그 컬 머신,60.0,5,5,175
남성,50대,77.7,중급자,근비대,레그 익스텐션 머신,65.0,10,3,68
남성,20대,75.5,중급자,근비대,레그 익스텐션 머신,65.0,12,4,86
여성,60대 이상,60.7,초보자,재활/건강,체스트 프레스 머신,7.5,17,3,96
남성,30대,69.3,상급자,다이어트,체스트 프레스 머신,70.0,18,3,31
여성,60대 이상,60.7,초보자,근비대,바벨 로우,12.5,9,4,89
여성,60대 이상,60.9,상급자,다이어트,페이스 풀,27.5,18,3,34
여성,60대 이상,52.8,상급자,다이어트,시티드 로우 머신,37.5,19,3,39
남성,10대,76.2,상급자,재활/건강,바벨 로우,30.0,19,2,98
여성,10대,43.1,중급자,스트렝스,레그 익스텐션 머신,27.5,3,4,180
남성,30대,66.1,중급자,재활/건강,사이드 레터럴 레이즈,15.0,16,2,116
남성,10대,69.6,상급자,근비대,펙덱 플라이 머신,97.5,11,4,88
여성,30대,68.7,초보자,재활/건강,오버헤드 프레스,5.0,20,3,109
남성,30대,72.0,초보자,스트렝스,바벨 스쿼트,25.0,5,5,150
남성,20대,77.9,상급자,스트렝스,랫 풀다운 머신,122.5,5,5,154
여성,20대,49.5,초보자,스트렝스,체스트 프레스 머신,17.5,3,5,122
남성,50대,77.5,상급자,다이어트,체스트 프레스 머신,82.5,17,3,41
여성,60대 이상,50.7,상급자,다이어트,시티드 로우 머신,32.5,18,3,54
남성,30대,75.8,상급자,재활/건강,레그 컬 머신,45.0,20,2,118
남성,10대,69.4,중급자,스트렝스,랫 풀다운 머신,72.5,5,5,137
남성,60대 이상,73.2,초보자,다이어트,펙덱 플라이 머신,25.0,17,3,57
여성,60대 이상,37.7,중급자,스트렝스,워킹 런지,17.5,5,5,153
남성,20대,75.5,상급자,재활/건강,바벨 스쿼트,35.0,18,2,93
여성,60대 이상,62.6,중급자,재활/건강,페이스 풀,12.5,17,3,100
남성,10대,74.9,상급자,근비대,바벨 스쿼트,65.0,10,4,67
여성,10대,31.5,초보자,재활/건강,어시스트 풀업 머신,5.0,16,3,105
여성,60대 이상,53.4,중급자,재활/건강,펙덱 플라이 머신,12.5,20,3,108
남성,20대,66.6,초보자,스트렝스,레그 익스텐션 머신,35.0,5,4,168
여성,60대 이상,47.9,상급자,스트렝스,워킹 런지,35.0,5,5,122
남성,20대,85.4,중급자,재활/건강,페이스 풀,25.0,16,3,90
여성,20대,38.9,상급자,재활/건강,페이스 풀,10.0,15,2,118
여성,20대,58.7,상급자,다이어트,체스트 프레스 머신,35.0,16,3,50
여성,10대,60.8,중급자,재활/건강,페이스 풀,10.0,18,3,95
남성,20대,63.9,상급자,다이어트,바벨 스쿼트,45.0,17,3,37
여성,20대,48.4,초보자,근비대,오버헤드 프레스,10.0,11,3,67
남성,40대,66.9,초보자,다이어트,루마니안 데드리프트,15.0,20,3,56
남성,20대,53.0,상급자,근비대,바벨 로우,50.0,8,4,80
여성,40대,60.8,상급자,다이어트,펙덱 플라이 머신,37.5,19,3,46
여성,50대,54.5,상급자,근비대,펙덱 플라이 머신,47.5,8,4,64
남성,50대,69.2,중급자,근비대,바벨 스쿼트,40.0,10,3,64
남성,30대,80.2,중급자,재활/건강,어시스트 풀업 머신,37.5,16,3,90
남성,40대,89.8,중급자,재활/건강,오버헤드 프레스,22.5,17,3,104
남성,60대 이상,73.6,상급자,다이어트,바벨 스쿼트,47.5,20,3,44
남성,10대,76.6,초보자,스트렝스,레그 프레스 머신,42.5,4,4,156
남성,20대,78.1,상급자,근비대,오버헤드 프레스,75.0,10,3,69
남성,20대,71.3,초보자,재활/건강,어시스트 풀업 머신,15.0,20,2,94
여성,20대,57.9,상급자,재활/건강,사이드 레터럴 레이즈,17.5,19,3,90
남성,50대,77.6,상급자,다이어트,레그 프레스 머신,70.0,18,3,58
여성,50대,49.6,초보자,재활/건강,시티드 로우 머신,7.5,19,2,99
남성,10대,78.5,상급자,근비대,바벨 로우,67.5,12,4,84
여성,50대,63.4,중급자,재활/건강,워킹 런지,10.0,17,2,109
남성,30대,55.7,초보자,근비대,체스트 프레스 머신,22.5,9,4,63
여성,10대,57.6,초보자,스트렝스,바벨 스쿼트,12.5,3,4,157
여성,50대,59.2,상급자,근비대,숄더 프레스 머신,50.0,12,4,81
여성,10대,42.3,중급자,근비대,레그 컬 머신,25.0,9,4,88
남성,20대,80.8,상급자,근비대,오버헤드 프레스,72.5,10,3,70
남성,20대,62.6,중급자,스트렝스,레그 프레스 머신,65.0,4,4,152
여성,40대,55.8,초보자,다이어트,시티드 로우 머신,10.0,17,3,42
여성,30대,62.6,초보자,재활/건강,숄더 프레스 머신,7.5,19,2,100
남성,20대,71.0,중급자,근비대,바벨 로우,42.5,11,4,77
여성,20대,52.1,상급자,스트렝스,펙덱 플라이 머신,57.5,3,4,168
남성,30대,64.9,중급자,다이어트,벤치프레스,27.5,20,3,42
남성,20대,88.8,중급자,다이어트,숄더 프레스 머신,52.5,16,3,47
남성,20대,71.7,중급자,재활/건강,바벨 스쿼트,20.0,19,2,108
남성,20대,78.3,초보자,재활/건강,레그 컬 머신,17.5,15,2,101
여성,20대,66.1,중급자,재활/건강,바벨 로우,10.0,16,3,106
남성,60대 이상,78.4,중급자,다이어트,레그 컬 머신,57.5,17,3,35
남성,60대 이상,84.0,상급자,근비대,펙덱 플라이 머신,107.5,12,3,85
여성,10대,55.8,중급자,다이어트,인클라인 덤벨 프레스,17.5,20,3,55
남성,40대,88.0,중급자,재활/건강,페이스 풀,22.5,18,2,101
남성,40대,72.1,초보자,다이어트,루마니안 데드리프트,17.5,15,3,30
남성,10대,91.4,중급자,재활/건강,레그 익스텐션 머신,37.5,19,2,118
여성,20대,48.4,초보자,다이어트,사이드 레터럴 레이즈,7.5,16,3,30
여성,10대,61.3,초보자,다이어트,페이스 풀,7.5,20,3,45
남성,10대,72.8,상급자,다이어트,페이스 풀,47.5,18,3,34
남성,30대,90.9,중급자,다이어트,벤치프레스,40.0,19,3,47
남성,30대,87.3,중급자,재활/건강,바벨 로우,22.5,20,3,107
여성,10대,52.9,상급자,재활/건강,레그 프레스 머신,20.0,17,3,117
여성,20대,43.2,상급자,다이어트,벤치프레스,20.0,15,3,33
남성,10대,79.0,상급자,다이어트,체스트 프레스 머신,82.5,16,3,32
남성,10대,94.1,초보자,스트렝스,숄더 프레스 머신,50.0,5,5,150
여성,40대,48.8,중급자,다이어트,체스트 프레스 머신,20.0,20,3,31
여성,30대,39.1,초보자,다이어트,펙덱 플라이 머신,7.5,19,3,51
남성,50대,84.6,상급자,근비대,숄더 프레스 머신,122.5,12,4,81
여성,40대,66.1,중급자,근비대,레그 프레스 머신,35.0,9,3,74
여성,50대,44.6,초보자,다이어트,랫 풀다운 머신,10.0,18,3,54
여성,50대,48.4,상급자,재활/건강,페이스 풀,15.0,19,3,96
남성,60대 이상,65.0,중급자,다이어트,페이스 풀,30.0,17,3,38
남성,20대,63.0,초보자,재활/건강,오버헤드 프레스,7.5,17,2,116
남성,10대,77.9,상급자,다이어트,레그 컬 머신,75.0,15,3,53
남성,50대,60.1,초보자,재활/건강,워킹 런지,7.5,20,3,99
남성,40대,83.0,상급자,근비대,펙덱 플라이 머신,110.0,11,3,89
여성,20대,53.6,상급자,다이어트,숄더 프레스 머신,35.0,19,3,31
여성,60대 이상,53.9,상급자,근비대,벤치프레스,35.0,10,4,63
남성,30대,91.3,초보자,근비대,오버헤드 프레스,27.5,12,3,68
여성,50대,43.0,초보자,스트렝스,레그 프레스 머신,15.0,5,5,126
남성,50대,69.7,중급자,다이어트,바벨 스쿼트,30.0,17,3,31
남성,50대,61.0,초보자,근비대,랫 풀다운 머신,25.0,8,4,86
남성,40대,75.3,초보자,재활/건강,어시스트 풀업 머신,17.5,17,3,105
여성,40대,46.1,상급자,근비대,워킹 런지,25.0,11,3,66
여성,20대,63.8,중급자,스트렝스,숄더 프레스 머신,40.0,4,5,154
남성,30대,68.6,초보자,근비대,바벨 로우,22.5,9,4,73
여성,40대,62.7,상급자,근비대,사이드 레터럴 레이즈,40.0,12,3,84
여성,30대,60.2,중급자,재활/건강,바벨 스쿼트,10.0,15,3,98
여성,10대,48.0,초보자,스트렝스,사이드 레터럴 레이즈,10.0,5,4,129
여성,30대,62.8,초보자,재활/건강,인클라인 덤벨 프레스,5.0,20,2,91
남성,40대,67.9,상급자,스트렝스,체스트 프레스 머신,105.0,5,4,147
여성,20대,48.4,초보자,스트렝스,페이스 풀,10.0,3,5,168
남성,30대,68.3,중급자,근비대,루마니안 데드리프트,37.5,9,4,65
남성,10대,90.4,상급자,재활/건강,펙덱 플라이 머신,57.5,16,2,93
남성,50대,75.3,상급자,다이어트,레그 컬 머신,80.0,16,3,55
여성,50대,67.3,중급자,근비대,어시스트 풀업 머신,35.0,10,3,81
여성,50대,58.8,상급자,스트렝스,오버헤드 프레스,42.5,5,5,164
여성,40대,60.0,초보자,스트렝스,페이스 풀,12.5,5,4,144
남성,60대 이상,85.0,상급자,재활/건강,숄더 프레스 머신,55.0,19,3,119
남성,10대,65.3,초보자,스트렝스,페이스 풀,22.5,5,4,157
여성,10대,52.5,중급자,재활/건강,벤치프레스,10.0,18,3,97
남성,60대 이상,79.3,초보자,근비대,벤치프레스,22.5,8,3,77
여성,20대,42.5,초보자,근비대,워킹 런지,7.5,11,4,82
남성,50대,84.9,초보자,근비대,루마니안 데드리프트,25.0,8,4,71
여성,60대 이상,58.7,상급자,스트렝스,바벨 로우,40.0,3,5,158
여성,20대,54.6,상급자,다이어트,워킹 런지,22.5,17,3,36
남성,40대,80.7,중급자,근비대,숄더 프레스 머신,70.0,11,4,71
여성,10대,47.2,초보자,근비대,숄더 프레스 머신,12.5,11,3,85
여성,40대,54.5,초보자,재활/건강,사이드 레터럴 레이즈,5.0,20,2,105
여성,50대,51.8,초보자,다이어트,숄더 프레스 머신,10.0,15,3,57
남성,10대,79.4,상급자,재활/건강,레그 컬 머신,50.0,17,3,96
남성,10대,67.5,초보자,근비대,사이드 레터럴 레이즈,20.0,10,3,86
여성,30대,51.5,상급자,재활/건강,사이드 레터럴 레이즈,17.5,20,3,110
남성,50대,89.4,중급자,근비대,바벨 로우,57.5,10,4,77
여성,10대,57.6,초보자,재활/건강,어시스트 풀업 머신,7.5,20,3,119
여성,50대,42.1,초보자,스트렝스,어시스트 풀업 머신,15.0,5,4,128
남성,30대,70.6,상급자,다이어트,벤치프레스,45.0,15,3,45
남성,30대,63.5,초보자,근비대,루마니안 데드리프트,20.0,9,3,90
여성,50대,69.6,초보자,근비대,레그 프레스 머신,20.0,9,3,75
여성,60대 이상,49.0,중급자,재활/건강,랫 풀다운 머신,12.5,17,3,99
여성,20대,59.7,중급자,다이어트,레그 프레스 머신,25.0,18,3,54
여성,40대,39.8,상급자,근비대,인클라인 덤벨 프레스,25.0,12,3,88
남성,30대,78.7,초보자,근비대,바벨 로우,25.0,11,4,68
여성,30대,65.8,초보자,스트렝스,루마니안 데드리프트,15.0,3,5,132
여성,50대,39.5,초보자,근비대,바벨 스쿼트,7.5,8,3,68
남성,10대,68.6,상급자,근비대,바벨 로우,60.0,12,4,79
남성,60대 이상,80.5,상급자,근비대,레그 익스텐션 머신,112.5,9,4,70
여성,30대,52.6,상급자,다이어트,레그 익스텐션 머신,35.0,16,3,60
남성,10대,76.1,초보자,스트렝스,벤치프레스,27.5,4,5,145
남성,50대,66.8,상급자,다이어트,어시스트 풀업 머신,67.5,17,3,40
남성,50대,79.6,초보자,근비대,벤치프레스,22.5,10,4,85
남성,30대,85.2,중급자,스트렝스,펙덱 플라이 머신,87.5,4,4,146
여성,20대,56.8,초보자,스트렝스,바벨 스쿼트,12.5,4,4,122
여성,60대 이상,47.5,초보자,근비대,바벨 로우,10.0,8,4,62
여성,40대,51.8,중급자,재활/건강,사이드 레터럴 레이즈,10.0,16,2,94
여성,20대,57.1,상급자,재활/건강,어시스트 풀업 머신,25.0,16,3,107
여성,20대,52.0,상급자,재활/건강,체스트 프레스 머신,22.5,16,2,94
여성,40대,51.4,초보자,근비대,체스트 프레스 머신,15.0,8,4,90
남성,60대 이상,83.9,중급자,재활/건강,펙덱 플라이 머신,40.0,20,3,119
여성,40대,68.5,초보자,재활/건강,워킹 런지,7.5,18,2,114
남성,50대,64.5,중급자,스트렝스,체스트 프레스 머신,70.0,5,5,170
남성,30대,85.5,초보자,다이어트,워킹 런지,17.5,20,3,58
여성,50대,57.6,중급자,재활/건강,숄더 프레스 머신,17.5,18,2,97
남성,50대,76.1,초보자,재활/건강,인클라인 덤벨 프레스,10.0,17,3,103
남성,10대,79.1,초보자,스트렝스,레그 익스텐션 머신,45.0,3,5,152
남성,60대 이상,90.4,초보자,스트렝스,루마니안 데드리프트,32.5,5,4,121
남성,20대,60.2,초보자,다이어트,사이드 레터럴 레이즈,15.0,18,3,60
남성,60대 이상,93.6,중급자,근비대,벤치프레스,57.5,12,3,90
남성,50대,87.9,상급자,스트렝스,루마니안 데드리프트,95.0,3,5,135
남성,60대 이상,98.7,상급자,다이어트,오버헤드 프레스,65.0,20,3,55
여성,40대,42.7,상급자,스트렝스,바벨 스쿼트,30.0,3,4,130
여성,30대,48.4,초보자,다이어트,시티드 로우 머신,10.0,20,3,43
남성,60대 이상,85.0,상급자,스트렝스,어시스트 풀업 머신,137.5,4,5,157
여성,50대,70.0,상급자,스트렝스,오버헤드 프레스,52.5,3,4,164
여성,40대,45.2,중급자,다이어트,시티드 로우 머신,20.0,18,3,59
남성,30대,68.7,상급자,근비대,어시스트 풀업 머신,95.0,12,3,75
남성,20대,67.7,초보자,재활/건강,사이드 레터럴 레이즈,7.5,19,2,114
여성,30대,56.3,중급자,다이어트,인클라인 덤벨 프레스,15.0,20,3,53
남성,10대,70.0,상급자,근비대,펙덱 플라이 머신,95.0,9,3,76
여성,30대,51.9,초보자,다이어트,시티드 로우 머신,12.5,16,3,56
남성,60대 이상,81.7,상급자,근비대,어시스트 풀업 머신,110.0,9,4,75
남성,50대,82.8,중급자,재활/건강,레그 익스텐션 머신,35.0,16,2,106
여성,20대,46.1,초보자,스트렝스,레그 프레스 머신,15.0,3,4,164
여성,40대,54.9,초보자,다이어트,인클라인 덤벨 프레스,7.5,15,3,40
여성,50대,55.2,상급자,다이어트,레그 프레스 머신,37.5,16,3,35
여성,30대,52.4,상급자,근비대,레그 컬 머신,45.0,11,4,61
여성,40대,68.7,초보자,재활/건강,레그 프레스 머신,10.0,18,2,102
남성,10대,84.7,중급자,재활/건강,워킹 런지,25.0,17,2,100
남성,10대,69.8,상급자,근비대,레그 익스텐션 머신,97.5,12,4,88
남성,20대,89.1,중급자,재활/건강,어시스트 풀업 머신,32.5,17,2,91
여성,50대,56.9,초보자,재활/건강,인클라인 덤벨 프레스,5.0,19,2,109
남성,10대,87.8,상급자,다이어트,인클라인 덤벨 프레스,60.0,17,3,35
남성,30대,64.7,중급자,다이어트,바벨 스쿼트,30.0,18,3,41
여성,60대 이상,58.5,중급자,스트렝스,레그 익스텐션 머신,37.5,4,4,167
남성,60대 이상,73.1,상급자,스트렝스,레그 프레스 머신,125.0,3,4,152
남성,20대,81.4,상급자,근비대,바벨 스쿼트,70.0,9,3,87
남성,30대,66.3,상급자,다이어트,벤치프레스,45.0,20,3,50
남성,20대,81.0,상급자,재활/건강,페이스 풀,35.0,18,3,96
여성,20대,54.4,중급자,다이어트,랫 풀다운 머신,20.0,19,3,51
남성,10대,68.5,상급자,스트렝스,숄더 프레스 머신,107.5,3,4,171
여성,60대 이상,58.6,상급자,스트렝스,시티드 로우 머신,62.5,4,5,149
남성,10대,81.1,상급자,재활/건강,체스트 프레스 머신,45.0,18,2,106
남성,40대,83.0,초보자,스트렝스,오버헤드 프레스,32.5,4,5,127
여성,10대,37.9,상급자,스트렝스,인클라인 덤벨 프레스,27.5,5,4,151
여성,30대,58.6,중급자,재활/건강,루마니안 데드리프트,10.0,19,2,118
여성,30대,45.4,상급자,스트렝스,레그 프레스 머신,47.5,5,5,154
남성,60대 이상,84.4,초보자,재활/건강,오버헤드 프레스,12.5,19,2,114
남성,40대,67.3,상급자,스트렝스,오버헤드 프레스,72.5,3,4,136
남성,30대,88.1,상급자,스트렝스,레그 프레스 머신,147.5,5,5,177
여성,50대,62.9,상급자,다이어트,체스트 프레스 머신,45.0,15,3,36
남성,50대,84.7,중급자,근비대,워킹 런지,52.5,9,3,63
여성,60대 이상,59.6,상급자,스트렝스,오버헤드 프레스,40.0,3,4,151
남성,20대,83.4,상급자,근비대,오버헤드 프레스,77.5,12,3,83
남성,30대,61.5,중급자,근비대,오버헤드 프레스,37.5,8,4,81
남성,40대,73.2,상급자,근비대,페이스 풀,65.0,9,4,82
여성,30대,50.6,상급자,재활/건강,시티드 로우 머신,22.5,20,3,105
여성,40대,57.4,초보자,근비대,사이드 레터럴 레이즈,10.0,9,4,72
남성,20대,77.7,중급자,재활/건강,워킹 런지,22.5,19,3,106
남성,50대,85.3,상급자,재활/건강,바벨 로우,30.0,15,3,104
남성,30대,78.3,상급자,재활/건강,바벨 로우,30.0,17,3,103
남성,50대,57.8,중급자,근비대,숄더 프레스 머신,52.5,9,3,62
여성,10대,46.3,중급자,재활/건강,체스트 프레스 머신,12.5,19,3,114
여성,50대,75.1,중급자,스트렝스,펙덱 플라이 머신,50.0,3,4,175
남성,30대,80.3,상급자,재활/건강,숄더 프레스 머신,52.5,15,3,120
남성,20대,79.1,초보자,스트렝스,레그 익스텐션 머신,42.5,5,5,122
남성,10대,63.9,중급자,재활/건강,바벨 로우,17.5,18,3,104
남성,40대,96.6,상급자,근비대,어시스트 풀업 머신,132.5,12,3,71
여성,60대 이상,57.7,상급자,스트렝스,오버헤드 프레스,40.0,4,4,149
남성,60대 이상,81.1,상급자,스트렝스,인클라인 덤벨 프레스,85.0,4,4,120
남성,60대 이상,92.7,상급자,다이어트,레그 익스텐션 머신,95.0,19,3,55
남성,50대,78.4,초보자,다이어트,사이드 레터럴 레이즈,17.5,18,3,55
남성,30대,69.3,중급자,스트렝스,인클라인 덤벨 프레스,52.5,4,5,134
남성,10대,62.9,상급자,근비대,벤치프레스,55.0,9,3,81
남성,10대,91.9,상급자,재활/건강,레그 프레스 머신,50.0,15,2,116
남성,40대,71.5,초보자,재활/건강,체스트 프레스 머신,15.0,16,2,101
남성,20대,75.3,초보자,근비대,레그 프레스 머신,32.5,9,3,90
남성,60대 이상,60.3,초보자,스트렝스,어시스트 풀업 머신,32.5,4,4,157
남성,40대,68.1,상급자,재활/건강,벤치프레스,27.5,20,2,106
남성,60대 이상,87.7,초보자,다이어트,레그 프레스 머신,30.0,19,3,58
여성,60대 이상,53.7,초보자,근비대,바벨 로우,10.0,12,3,77
여성,50대,52.2,초보자,다이어트,랫 풀다운 머신,10.0,15,3,33
여성,30대,58.5,초보자,근비대,페이스 풀,10.0,11,3,69
남성,40대,74.9,상급자,근비대,오버헤드 프레스,65.0,12,3,61
남성,60대 이상,81.6,초보자,재활/건강,레그 익스텐션 머신,17.5,18,3,106
남성,40대,82.3,중급자,스트렝스,페이스 풀,60.0,4,4,178
남성,10대,61.6,상급자,다이어트,레그 프레스 머신,60.0,16,3,54
여성,30대,51.1,상급자,근비대,체스트 프레스 머신,50.0,12,4,62
여성,60대 이상,54.6,중급자,재활/건강,랫 풀다운 머신,12.5,16,2,90
남성,50대,72.4,상급자,근비대,바벨 로우,65.0,10,4,60
여성,10대,60.6,초보자,재활/건강,레그 컬 머신,7.5,18,3,102
여성,40대,52.4,상급자,근비대,랫 풀다운 머신,45.0,11,3,69
남성,60대 이상,96.5,상급자,다이어트,레그 프레스 머신,105.0,19,3,50
남성,50대,88.8,초보자,다이어트,레그 프레스 머신,27.5,20,3,40
여성,60대 이상,50.6,초보자,재활/건강,바벨 로우,5.0,16,3,94
남성,20대,77.6,초보자,다이어트,바벨 로우,17.5,20,3,49
여성,50대,65.1,초보자,재활/건강,펙덱 플라이 머신,10.0,18,2,114
남성,30대,75.6,상급자,스트렝스,어시스트 풀업 머신,127.5,3,5,168
남성,30대,77.9,초보자,다이어트,오버헤드 프레스,17.5,15,3,55
남성,30대,75.1,중급자,다이어트,레그 익스텐션 머신,50.0,18,3,39
여성,60대 이상,64.9,중급자,스트렝스,레그 익스텐션 머신,45.0,4,5,138
여성,20대,54.0,상급자,재활/건강,바벨 스쿼트,12.5,17,2,112
남성,10대,73.0,중급자,근비대,바벨 로우,47.5,11,3,69
여성,30대,43.6,상급자,스트렝스,바벨 스쿼트,30.0,4,5,126
남성,30대,76.3,초보자,근비대,레그 익스텐션 머신,32.5,12,3,73
여성,10대,59.2,상급자,근비대,사이드 레터럴 레이즈,37.5,11,4,68
여성,60대 이상,48.0,초보자,재활/건강,사이드 레터럴 레이즈,5.0,15,3,103
남성,20대,96.2,중급자,재활/건강,루마니안 데드리프트,25.0,16,3,102
여성,10대,47.0,초보자,근비대,체스트 프레스 머신,12.5,11,3,74
남성,30대,81.7,초보자,스트렝스,오버헤드 프레스,27.5,5,4,138
남성,50대,59.8,중급자,근비대,체스트 프레스 머신,52.5,9,4,60
남성,60대 이상,84.2,중급자,다이어트,루마니안 데드리프트,37.5,15,3,43
여성,20대,59.3,중급자,근비대,오버헤드 프레스,22.5,10,3,71
남성,20대,71.2,상급자,스트렝스,페이스 풀,77.5,5,4,163
남성,40대,77.2,중급자,재활/건강,랫 풀다운 머신,35.0,17,2,112
남성,20대,61.3,초보자,근비대,시티드 로우 머신,25.0,8,3,66
여성,10대,60.0,중급자,스트렝스,체스트 프레스 머신,37.5,5,4,143
여성,20대,64.8,중급자,다이어트,체스트 프레스 머신,27.5,20,3,43
여성,50대,63.3,상급자,근비대,레그 프레스 머신,55.0,8,3,69
여성,30대,66.0,상급자,근비대,워킹 런지,40.0,11,3,83
여성,30대,57.6,상급자,재활/건강,인클라인 덤벨 프레스,17.5,15,2,115
남성,20대,67.3,중급자,다이어트,페이스 풀,30.0,16,3,33
여성,60대 이상,42.4,초보자,근비대,펙덱 플라이 머신,12.5,10,3,60
여성,50대,58.7,중급자,근비대,오버헤드 프레스,20.0,11,4,84
여성,60대 이상,55.8,상급자,스트렝스,인클라인 덤벨 프레스,37.5,5,4,147
남성,60대 이상,92.4,상급자,다이어트,페이스 풀,57.5,15,3,41
남성,50대,66.2,초보자,스트렝스,레그 컬 머신,37.5,5,5,129
여성,30대,58.5,중급자,근비대,시티드 로우 머신,32.5,9,3,76
여성,40대,64.3,상급자,근비대,레그 익스텐션 머신,60.0,11,3,81
남성,10대,59.1,초보자,근비대,시티드 로우 머신,27.5,9,4,69
남성,50대,62.6,중급자,근비대,벤치프레스,37.5,12,4,81
여성,60대 이상,44.9,중급자,스트렝스,바벨 로우,20.0,4,5,171
남성,60대 이상,66.5,상급자,스트렝스,랫 풀다운 머신,110.0,5,5,122
남성,40대,86.1,초보자,근비대,루마니안 데드리프트,25.0,9,4,82
남성,40대,67.2,상급자,재활/건강,숄더 프레스 머신,42.5,16,3,119
여성,20대,55.9,상급자,근비대,체스트 프레스 머신,47.5,9,4,71
남성,20대,88.8,초보자,스트렝스,숄더 프레스 머신,45.0,4,5,166
남성,60대 이상,74.1,상급자,다이어트,체스트 프레스 머신,72.5,16,3,48
여성,30대,70.1,초보자,다이어트,숄더 프레스 머신,15.0,15,3,47
여성,30대,49.1,중급자,스트렝스,체스트 프레스 머신,32.5,4,5,175
여성,50대,64.5,초보자,스트렝스,랫 풀다운 머신,22.5,5,5,163
남성,20대,66.0,상급자,스트렝스,레그 익스텐션 머신,112.5,3,5,125
여성,40대,49.2,중급자,스트렝스,사이드 레터럴 레이즈,22.5,3,4,151
여성,20대,50.6,중급자,근비대,레그 프레스 머신,27.5,10,3,68
남성,50대,89.5,상급자,스트렝스,오버헤드 프레스,100.0,3,5,140
남성,10대,65.8,중급자,스트렝스,벤치프레스,47.5,5,5,176
여성,30대,56.4,중급자,스트렝스,사이드 레터럴 레이즈,25.0,5,4,130
남성,30대,76.5,상급자,다이어트,바벨 로우,50.0,17,3,53
남성,50대,53.8,상급자,근비대,어시스트 풀업 머신,75.0,9,3,82
남성,30대,64.4,상급자,다이어트,인클라인 덤벨 프레스,45.0,19,3,31
남성,40대,61.3,상급자,근비대,레그 컬 머신,85.0,8,4,73
남성,10대,77.7,중급자,근비대,워킹 런지,47.5,9,4,81
여성,40대,60.0,중급자,근비대,시티드 로우 머신,35.0,11,4,82
남성,20대,85.0,중급자,스트렝스,바벨 스쿼트,60.0,4,4,154
남성,30대,82.8,상급자,다이어트,랫 풀다운 머신,77.5,20,3,35
여성,20대,63.4,초보자,근비대,인클라인 덤벨 프레스,12.5,10,3,81
여성,40대,60.9,상급자,다이어트,숄더 프레스 머신,37.5,16,3,60
남성,40대,86.4,중급자,근비대,숄더 프레스 머신,77.5,11,4,88
여성,60대 이상,54.9,중급자,스트렝스,인클라인 덤벨 프레스,25.0,3,4,154
여성,30대,64.0,중급자,근비대,숄더 프레스 머신,37.5,11,3,84
여성,30대,56.2,중급자,근비대,어시스트 풀업 머신,32.5,11,3,84
남성,50대,66.7,중급자,스트렝스,사이드 레터럴 레이즈,47.5,3,4,122
여성,60대 이상,57.9,상급자,재활/건강,워킹 런지,17.5,20,2,94
여성,50대,60.3,초보자,재활/건강,레그 익스텐션 머신,7.5,18,3,94
남성,50대,63.9,중급자,스트렝스,사이드 레터럴 레이즈,47.5,5,4,161
남성,10대,88.6,초보자,다이어트,인클라인 덤벨 프레스,17.5,18,3,45
남성,20대,75.5,상급자,재활/건강,루마니안 데드리프트,27.5,16,2,99
여성,50대,48.4,상급자,다이어트,펙덱 플라이 머신,30.0,16,3,48
남성,20대,81.1,상급자,근비대,레그 프레스 머신,115.0,8,4,84
여성,40대,56.8,초보자,근비대,사이드 레터럴 레이즈,10.0,9,4,75
남성,50대,69.5,상급자,근비대,벤치프레스,65.0,12,3,88
남성,20대,66.5,상급자,근비대,레그 익스텐션 머신,87.5,12,4,62
남성,60대 이상,84.4,상급자,재활/건강,인클라인 덤벨 프레스,37.5,18,3,118
여성,50대,57.3,상급자,스트렝스,바벨 스쿼트,42.5,5,5,177
여성,50대,51.0,중급자,다이어트,워킹 런지,15.0,19,3,40
여성,60대 이상,52.3,중급자,재활/건강,바벨 스쿼트,10.0,15,3,105
여성,40대,64.0,초보자,스트렝스,숄더 프레스 머신,20.0,3,5,141
여성,30대,53.3,초보자,재활/건강,벤치프레스,5.0,17,2,104
남성,20대,90.2,중급자,재활/건강,페이스 풀,27.5,19,2,91
여성,20대,58.1,초보자,스트렝스,레그 익스텐션 머신,17.5,3,5,127
남성,60대 이상,69.2,상급자,스트렝스,페이스 풀,72.5,4,5,122
여성,60대 이상,48.1,상급자,근비대,어시스트 풀업 머신,45.0,8,4,73
남성,30대,77.4,중급자,스트렝스,바벨 스쿼트,57.5,3,5,142
여성,40대,53.3,초보자,근비대,바벨 스쿼트,10.0,8,4,84
남성,50대,87.5,상급자,스트렝스,레그 익스텐션 머신,147.5,3,5,144
남성,10대,79.0,상급자,근비대,워킹 런지,70.0,10,3,67
남성,30대,85.3,초보자,근비대,어시스트 풀업 머신,37.5,10,3,90
남성,10대,78.4,상급자,스트렝스,페이스 풀,80.0,3,4,140
여성,10대,51.7,상급자,재활/건강,랫 풀다운 머신,20.0,19,2,116
여성,30대,49.6,상급자,다이어트,펙덱 플라이 머신,35.0,16,3,45
남성,50대,70.6,중급자,근비대,바벨 로우,42.5,12,3,81
남성,50대,58.8,중급자,다이어트,바벨 스쿼트,27.5,15,3,30
여성,60대 이상,58.3,상급자,스트렝스,레그 컬 머신,62.5,3,4,135
여성,50대,53.9,초보자,근비대,벤치프레스,10.0,12,3,67
남성,60대 이상,74.3,초보자,재활/건강,어시스트 풀업 머신,15.0,15,3,112
여성,60대 이상,71.9,초보자,다이어트,바벨 스쿼트,10.0,16,3,54
여성,50대,52.1,초보자,다이어트,오버헤드 프레스,7.5,16,3,48
여성,60대 이상,53.4,중급자,재활/건강,체스트 프레스 머신,12.5,15,2,111
여성,60대 이상,51.1,초보자,재활/건강,벤치프레스,5.0,18,3,94
여성,40대,46.4,초보자,다이어트,워킹 런지,7.5,18,3,53
여성,50대,62.1,중급자,근비대,페이스 풀,22.5,9,4,75
여성,20대,65.3,초보자,스트렝스,인클라인 덤벨 프레스,15.0,5,4,155
여성,40대,59.9,중급자,다이어트,오버헤드 프레스,17.5,20,3,59
여성,30대,56.3,상급자,다이어트,바벨 스쿼트,25.0,16,3,42
남성,20대,78.1,중급자,근비대,사이드 레터럴 레이즈,45.0,10,4,86
남성,40대,62.1,초보자,근비대,레그 익스텐션 머신,27.5,12,3,82
남성,50대,79.5,중급자,스트렝스,바벨 로우,57.5,4,5,170
여성,20대,59.3,중급자,다이어트,레그 컬 머신,22.5,19,3,60
여성,60대 이상,43.3,상급자,재활/건강,레그 프레스 머신,20.0,19,2,103
여성,60대 이상,49.9,초보자,재활/건강,페이스 풀,5.0,16,2,107
여성,10대,45.6,중급자,재활/건강,워킹 런지,10.0,15,2,91
여성,10대,48.9,초보자,재활/건강,워킹 런지,5.0,20,3,111
여성,40대,60.1,초보자,근비대,사이드 레터럴 레이즈,12.5,11,4,66
남성,30대,67.9,중급자,근비대,랫 풀다운 머신,62.5,9,4,65
여성,30대,50.0,상급자,근비대,페이스 풀,27.5,12,3,69
남성,50대,71.2,초보자,근비대,레그 컬 머신,30.0,9,4,75
여성,60대 이상,38.5,상급자,다이어트,사이드 레터럴 레이즈,17.5,18,3,46
남성,60대 이상,80.5,초보자,재활/건강,바벨 로우,12.5,15,2,113
여성,30대,49.3,중급자,스트렝스,루마니안 데드리프트,22.5,4,5,175
여성,10대,47.2,상급자,다이어트,루마니안 데드리프트,20.0,17,3,55
남성,60대 이상,66.1,초보자,스트렝스,루마니안 데드리프트,22.5,4,5,157
여성,60대 이상,54.5,초보자,스트렝스,오버헤드 프레스,12.5,3,5,165
여성,20대,60.5,상급자,다이어트,레그 컬 머신,42.5,17,3,30
여성,20대,56.3,초보자,근비대,바벨 로우,10.0,10,4,89
여성,30대,70.1,상급자,스트렝스,페이스 풀,50.0,5,5,135
여성,60대 이상,47.9,상급자,스트렝스,펙덱 플라이 머신,55.0,5,5,163
여성,60대 이상,62.6,상급자,스트렝스,벤치프레스,42.5,3,5,161
여성,60대 이상,59.2,상급자,재활/건강,페이스 풀,15.0,17,2,99
여성,50대,66.4,상급자,다이어트,페이스 풀,30.0,15,3,60
여성,50대,61.2,중급자,스트렝스,레그 익스텐션 머신,40.0,5,5,163
남성,10대,82.4,초보자,재활/건강,오버헤드 프레스,10.0,15,3,94
남성,40대,77.0,중급자,근비대,루마니안 데드리프트,45.0,10,3,83
여성,60대 이상,48.5,상급자,스트렝스,인클라인 덤벨 프레스,35.0,4,4,120
남성,20대,65.2,중급자,다이어트,벤치프레스,30.0,16,3,58
여성,60대 이상,56.5,초보자,재활/건강,인클라인 덤벨 프레스,5.0,16,3,101
남성,50대,73.7,초보자,근비대,레그 프레스 머신,32.5,10,4,72
여성,20대,54.2,중급자,근비대,레그 프레스 머신,27.5,8,3,80
여성,50대,65.5,상급자,다이어트,오버헤드 프레스,30.0,19,3,60
여성,50대,54.8,상급자,스트렝스,시티드 로우 머신,55.0,5,5,124
여성,40대,44.5,상급자,근비대,오버헤드 프레스,27.5,11,4,76
여성,20대,43.4,중급자,재활/건강,인클라인 덤벨 프레스,7.5,17,2,109
남성,60대 이상,67.9,초보자,근비대,펙덱 플라이 머신,30.0,11,4,63
여성,30대,65.1,상급자,다이어트,레그 익스텐션 머신,45.0,17,3,56
남성,50대,66.9,초보자,스트렝스,체스트 프레스 머신,35.0,5,4,134
남성,50대,81.4,초보자,근비대,펙덱 플라이 머신,35.0,11,4,81
남성,50대,84.9,초보자,다이어트,사이드 레터럴 레이즈,20.0,16,3,33
여성,60대 이상,54.3,초보자,근비대,어시스트 풀업 머신,15.0,10,3,72
남성,20대,66.1,중급자,스트렝스,체스트 프레스 머신,72.5,3,5,156
남성,50대,62.4,상급자,재활/건강,바벨 로우,22.5,16,3,104
여성,40대,56.3,중급자,근비대,시티드 로우 머신,30.0,12,4,62
남성,30대,66.3,초보자,근비대,워킹 런지,20.0,10,4,87
여성,20대,59.1,상급자,다이어트,바벨 스쿼트,27.5,18,3,45
여성,30대,47.6,상급자,다이어트,루마니안 데드리프트,22.5,16,3,56
여성,30대,54.0,초보자,다이어트,어시스트 풀업 머신,12.5,19,3,32
남성,20대,66.3,상급자,재활/건강,레그 익스텐션 머신,40.0,20,3,98
남성,10대,68.4,상급자,근비대,레그 컬 머신,87.5,9,4,88
여성,30대,56.4,초보자,근비대,워킹 런지,10.0,12,4,87
여성,50대,53.8,중급자,스트렝스,어시스트 풀업 머신,37.5,4,5,170
여성,30대,60.4,중급자,스트렝스,인클라인 덤벨 프레스,27.5,3,4,167
남성,10대,71.1,초보자,스트렝스,랫 풀다운 머신,37.5,5,5,143
남성,50대,79.7,초보자,스트렝스,인클라인 덤벨 프레스,27.5,4,5,137
남성,60대 이상,72.4,상급자,근비대,워킹 런지,65.0,8,3,70
남성,50대,87.2,초보자,근비대,벤치프레스,25.0,8,4,73
여성,30대,65.1,초보자,스트렝스,펙덱 플라이 머신,22.5,4,4,177
여성,60대 이상,55.6,상급자,재활/건강,오버헤드 프레스,17.5,20,2,119
여성,30대,52.4,초보자,재활/건강,루마니안 데드리프트,5.0,17,3,110
여성,20대,59.3,초보자,재활/건강,시티드 로우 머신,7.5,15,3,104
남성,20대,69.9,중급자,재활/건강,워킹 런지,17.5,16,2,105
여성,60대 이상,58.2,초보자,스트렝스,숄더 프레스 머신,20.0,4,4,171
남성,20대,67.2,초보자,스트렝스,숄더 프레스 머신,35.0,5,5,169
여성,10대,60.5,중급자,스트렝스,페이스 풀,25.0,4,4,124
남성,40대,70.0,초보자,다이어트,페이스 풀,15.0,17,3,32
여성,60대 이상,64.6,중급자,스트렝스,어시스트 풀업 머신,45.0,5,4,166
남성,50대,73.3,상급자,스트렝스,바벨 로우,82.5,3,4,121
남성,40대,85.0,상급자,스트렝스,레그 컬 머신,132.5,4,4,149
남성,30대,70.3,상급자,재활/건강,페이스 풀,32.5,17,2,96
남성,40대,78.8,상급자,근비대,시티드 로우 머신,100.0,10,4,64
남성,60대 이상,76.6,초보자,다이어트,사이드 레터럴 레이즈,15.0,19,3,42
남성,60대 이상,110.0,상급자,다이어트,펙덱 플라이 머신,112.5,19,3,45
여성,60대 이상,57.5,상급자,다이어트,레그 컬 머신,37.5,18,3,51
남성,10대,77.1,상급자,스트렝스,오버헤드 프레스,80.0,4,4,123
남성,30대,75.6,상급자,다이어트,사이드 레터럴 레이즈,50.0,17,3,41
여성,30대,67.9,상급자,다이어트,페이스 풀,30.0,15,3,41
여성,30대,70.7,상급자,재활/건강,펙덱 플라이 머신,32.5,19,3,94
여성,60대 이상,48.9,중급자,다이어트,인클라인 덤벨 프레스,12.5,19,3,39
남성,60대 이상,83.7,중급자,스트렝스,오버헤드 프레스,60.0,4,5,121
여성,20대,47.3,초보자,다이어트,숄더 프레스 머신,10.0,19,3,38
남성,50대,69.1,초보자,근비대,레그 컬 머신,30.0,8,3,64
여성,30대,43.1,초보자,근비대,사이드 레터럴 레이즈,7.5,11,3,68
남성,20대,72.1,중급자,근비대,인클라인 덤벨 프레스,42.5,8,4,82
남성,40대,91.1,초보자,다이어트,체스트 프레스 머신,30.0,20,3,43
남성,50대,75.6,상급자,재활/건강,바벨 스쿼트,30.0,16,2,110
남성,60대 이상,69.4,초보자,스트렝스,어시스트 풀업 머신,37.5,4,5,170
남성,50대,89.0,상급자,다이어트,숄더 프레스 머신,85.0,17,3,38
여성,40대,63.7,중급자,재활/건강,레그 익스텐션 머신,15.0,18,3,99
남성,60대 이상,63.5,상급자,스트렝스,사이드 레터럴 레이즈,67.5,5,5,120
남성,50대,73.1,상급자,재활/건강,펙덱 플라이 머신,45.0,16,3,96
여성,40대,50.6,초보자,근비대,워킹 런지,10.0,12,3,81
남성,50대,78.7,초보자,스트렝스,시티드 로우 머신,42.5,5,5,141
남성,60대 이상,66.2,상급자,근비대,바벨 로우,62.5,12,3,86
남성,50대,87.8,중급자,다이어트,루마니안 데드리프트,37.5,15,3,38
여성,40대,51.5,중급자,재활/건강,레그 컬 머신,12.5,19,3,97
여성,10대,67.9,상급자,스트렝스,워킹 런지,50.0,4,4,131
남성,30대,59.4,초보자,근비대,페이스 풀,17.5,9,3,61
여성,10대,48.5,초보자,근비대,레그 프레스 머신,12.5,9,4,77
남성,10대,91.6,중급자,재활/건강,체스트 프레스 머신,35.0,20,2,92
여성,20대,54.8,중급자,다이어트,바벨 스쿼트,15.0,19,3,49
여성,30대,47.5,초보자,스트렝스,오버헤드 프레스,10.0,5,5,129
여성,30대,39.6,초보자,다이어트,바벨 스쿼트,5.0,17,3,33
여성,30대,63.9,상급자,근비대,시티드 로우 머신,55.0,9,4,80
여성,40대,72.9,중급자,다이어트,오버헤드 프레스,20.0,15,3,30
남성,20대,73.7,초보자,근비대,펙덱 플라이 머신,35.0,8,4,65
여성,40대,52.4,초보자,근비대,인클라인 덤벨 프레스,10.0,8,4,82
남성,40대,77.1,상급자,스트렝스,루마니안 데드리프트,82.5,4,5,142
여성,40대,40.0,초보자,재활/건강,오버헤드 프레스,2.5,17,3,114
여성,50대,60.3,상급자,재활/건강,펙덱 플라이 머신,25.0,15,3,111
여성,40대,59.3,초보자,재활/건강,페이스 풀,5.0,16,2,110
남성,40대,74.9,상급자,근비대,루마니안 데드리프트,65.0,11,4,74
여성,50대,45.3,중급자,스트렝스,바벨 스쿼트,20.0,3,4,180
남성,20대,87.9,중급자,근비대,인클라인 덤벨 프레스,52.5,12,3,79
남성,50대,68.5,중급자,스트렝스,레그 프레스 머신,72.5,5,5,165
남성,20대,77.4,상급자,근비대,바벨 로우,72.5,8,3,71
남성,60대 이상,68.5,초보자,재활/건강,바벨 로우,10.0,15,2,105
남성,30대,72.7,초보자,스트렝스,인클라인 덤벨 프레스,27.5,3,4,145
여성,10대,55.7,중급자,다이어트,벤치프레스,15.0,16,3,49
여성,30대,45.0,초보자,근비대,펙덱 플라이 머신,12.5,11,3,66
남성,30대,75.2,초보자,재활/건강,바벨 스쿼트,10.0,20,3,98
남성,10대,62.9,상급자,다이어트,레그 컬 머신,67.5,16,3,58
남성,10대,83.0,중급자,스트렝스,체스트 프레스 머신,95.0,4,4,130
남성,20대,81.9,중급자,다이어트,벤치프레스,40.0,15,3,34
여성,60대 이상,60.1,상급자,근비대,루마니안 데드리프트,37.5,8,4,62
여성,10대,73.2,상급자,스트렝스,랫 풀다운 머신,80.0,4,4,158
남성,40대,77.6,상급자,다이어트,체스트 프레스 머신,82.5,19,3,37
여성,20대,40.1,초보자,근비대,어시스트 풀업 머신,12.5,11,3,90
여성,20대,62.7,초보자,근비대,시티드 로우 머신,17.5,9,3,67
여성,10대,62.9,초보자,재활/건강,레그 익스텐션 머신,7.5,17,2,114
남성,50대,76.8,중급자,스트렝스,숄더 프레스 머신,82.5,3,4,168
여성,50대,54.8,상급자,스트렝스,어시스트 풀업 머신,57.5,4,4,176
여성,30대,51.1,중급자,근비대,레그 프레스 머신,27.5,9,3,65
여성,20대,48.6,상급자,근비대,랫 풀다운 머신,47.5,12,3,67
여성,40대,52.4,초보자,다이어트,시티드 로우 머신,10.0,16,3,32
여성,20대,46.0,상급자,다이어트,인클라인 덤벨 프레스,20.0,18,3,60
남성,30대,77.3,중급자,재활/건강,루마니안 데드리프트,20.0,17,3,109
여성,10대,40.4,초보자,재활/건강,체스트 프레스 머신,5.0,18,3,96
여성,20대,61.9,상급자,근비대,레그 익스텐션 머신,60.0,10,4,75
남성,40대,66.3,중급자,스트렝스,루마니안 데드리프트,50.0,5,4,128
여성,30대,44.0,중급자,재활/건강,시티드 로우 머신,10.0,16,3,111
남성,20대,81.7,초보자,다이어트,워킹 런지,17.5,20,3,55
남성,20대,83.7,상급자,다이어트,체스트 프레스 머신,82.5,19,3,51
남성,60대 이상,82.3,상급자,다이어트,레그 프레스 머신,87.5,16,3,38
여성,40대,58.4,초보자,스트렝스,숄더 프레스 머신,20.0,4,5,146
여성,20대,64.4,초보자,다이어트,사이드 레터럴 레이즈,10.0,16,3,48
남성,10대,85.5,중급자,다이어트,벤치프레스,35.0,16,3,54
남성,10대,67.3,초보자,다이어트,랫 풀다운 머신,22.5,17,3,42
남성,30대,52.2,중급자,다이어트,벤치프레스,22.5,15,3,41
남성,40대,74.8,상급자,스트렝스,랫 풀다운 머신,122.5,4,4,161
여성,40대,41.2,초보자,스트렝스,바벨 로우,10.0,3,5,179
남성,60대 이상,52.6,중급자,스트렝스,사이드 레터럴 레이즈,40.0,4,5,135
남성,30대,67.9,중급자,재활/건강,워킹 런지,20.0,18,2,98
남성,10대,85.6,초보자,스트렝스,어시스트 풀업 머신,47.5,5,4,153
남성,50대,90.0,중급자,스트렝스,어시스트 풀업 머신,97.5,4,4,169
남성,60대 이상,80.9,중급자,다이어트,랫 풀다운 머신,55.0,16,3,35
여성,40대,52.8,상급자,근비대,벤치프레스,32.5,11,4,66
여성,50대,67.0,상급자,스트렝스,랫 풀다운 머신,72.5,4,5,172
남성,30대,71.3,중급자,다이어트,페이스 풀,32.5,17,3,45
남성,40대,79.0,상급자,다이어트,시티드 로우 머신,75.0,16,3,49
여성,40대,54.6,중급자,스트렝스,인클라인 덤벨 프레스,25.0,3,5,164
남성,50대,74.0,초보자,다이어트,체스트 프레스 머신,25.0,19,3,33
남성,40대,71.9,중급자,근비대,숄더 프레스 머신,67.5,12,4,68
여성,20대,64.6,초보자,다이어트,워킹 런지,7.5,18,3,53
여성,50대,44.9,상급자,다이어트,펙덱 플라이 머신,30.0,19,3,41
여성,60대 이상,61.5,상급자,재활/건강,인클라인 덤벨 프레스,17.5,18,2,97
남성,20대,73.4,초보자,근비대,숄더 프레스 머신,32.5,9,3,81
여성,60대 이상,52.4,상급자,다이어트,페이스 풀,22.5,18,3,53
남성,10대,65.6,초보자,근비대,어시스트 풀업 머신,30.0,8,4,75
여성,20대,57.9,중급자,다이어트,숄더 프레스 머신,25.0,18,3,43
남성,40대,54.3,중급자,스트렝스,벤치프레스,40.0,5,5,154
남성,60대 이상,79.1,상급자,다이어트,랫 풀다운 머신,72.5,20,3,41
여성,50대,47.8,초보자,근비대,루마니안 데드리프트,7.5,9,4,81
여성,50대,53.4,상급자,스트렝스,워킹 런지,37.5,5,5,169
여성,10대,58.0,초보자,근비대,체스트 프레스 머신,17.5,8,3,85
남성,20대,68.9,초보자,근비대,레그 익스텐션 머신,32.5,12,3,87
여성,20대,55.3,중급자,근비대,오버헤드 프레스,20.0,8,3,89
여성,40대,41.6,상급자,재활/건강,인클라인 덤벨 프레스,10.0,17,3,116
남성,60대 이상,47.0,중급자,다이어트,바벨 로우,22.5,20,3,43
남성,60대 이상,73.7,초보자,다이어트,벤치프레스,17.5,18,3,31
여성,50대,59.1,초보자,근비대,레그 익스텐션 머신,15.0,9,4,70
남성,50대,72.6,중급자,스트렝스,바벨 스쿼트,50.0,3,5,160
남성,10대,72.4,상급자,근비대,어시스트 풀업 머신,102.5,8,4,68
여성,50대,60.3,중급자,스트렝스,랫 풀다운 머신,42.5,4,4,132
여성,40대,73.9,상급자,다이어트,벤치프레스,35.0,20,3,37
남성,50대,79.9,초보자,다이어트,랫 풀다운 머신,27.5,20,3,42
여성,20대,50.3,상급자,스트렝스,바벨 로우,35.0,4,5,155
남성,40대,62.4,상급자,재활/건강,레그 익스텐션 머신,42.5,16,3,112
여성,60대 이상,53.9,중급자,재활/건강,오버헤드 프레스,10.0,16,2,113
남성,40대,78.5,초보자,스트렝스,페이스 풀,30.0,5,5,147
여성,60대 이상,48.9,초보자,다이어트,페이스 풀,7.5,18,3,32
여성,40대,54.8,초보자,재활/건강,레그 프레스 머신,7.5,16,3,95
여성,50대,52.5,상급자,재활/건강,인클라인 덤벨 프레스,12.5,16,3,97
여성,20대,51.0,상급자,다이어트,인클라인 덤벨 프레스,20.0,19,3,45
여성,60대 이상,55.6,중급자,근비대,랫 풀다운 머신,30.0,8,4,64
여성,10대,48.3,초보자,근비대,바벨 스쿼트,10.0,9,4,64
남성,40대,71.4,초보자,재활/건강,레그 프레스 머신,15.0,19,2,93
남성,60대 이상,82.9,중급자,근비대,시티드 로우 머신,75.0,9,4,68
여성,30대,51.6,초보자,스트렝스,레그 컬 머신,17.5,5,5,156
남성,40대,100.2,초보자,다이어트,랫 풀다운 머신,30.0,16,3,58
여성,30대,58.0,중급자,다이어트,숄더 프레스 머신,25.0,15,3,39
여성,30대,61.0,중급자,재활/건강,숄더 프레스 머신,15.0,16,3,99
여성,50대,65.1,초보자,재활/건강,오버헤드 프레스,7.5,18,3,118
남성,10대,81.6,상급자,스트렝스,사이드 레터럴 레이즈,87.5,5,4,142
여성,20대,55.7,초보자,스트렝스,시티드 로우 머신,17.5,3,4,162
남성,10대,75.8,상급자,스트렝스,랫 풀다운 머신,125.0,4,4,156
남성,50대,54.3,중급자,다이어트,펙덱 플라이 머신,32.5,17,3,31
여성,60대 이상,56.2,상급자,근비대,바벨 스쿼트,35.0,9,3,82
남성,40대,65.4,중급자,다이어트,오버헤드 프레스,30.0,19,3,41
여성,60대 이상,60.8,상급자,스트렝스,랫 풀다운 머신,67.5,5,5,120
여성,40대,68.6,초보자,다이어트,랫 풀다운 머신,15.0,18,3,56
여성,10대,61.5,중급자,다이어트,사이드 레터럴 레이즈,15.0,15,3,50
남성,30대,73.4,초보자,근비대,워킹 런지,22.5,10,3,60
남성,60대 이상,74.0,초보자,근비대,랫 풀다운 머신,32.5,9,4,82
남성,60대 이상,76.1,초보자,근비대,바벨 로우,22.5,12,3,73
여성,60대 이상,52.8,중급자,다이어트,숄더 프레스 머신,22.5,18,3,37
남성,60대 이상,65.7,상급자,재활/건강,인클라인 덤벨 프레스,25.0,19,2,109
남성,60대 이상,61.7,상급자,다이어트,페이스 풀,42.5,18,3,57
여성,20대,50.2,상급자,스트렝스,레그 익스텐션 머신,52.5,5,4,120
남성,20대,86.3,초보자,스트렝스,어시스트 풀업 머신,45.0,3,5,152
남성,40대,65.8,상급자,스트렝스,레그 컬 머신,105.0,5,5,174
여성,30대,64.2,상급자,재활/건강,바벨 스쿼트,20.0,18,3,119
여성,20대,59.1,초보자,재활/건강,레그 프레스 머신,7.5,20,3,92
여성,20대,49.8,초보자,재활/건강,페이스 풀,5.0,16,3,112
남성,60대 이상,77.9,초보자,다이어트,워킹 런지,17.5,17,3,40
여성,20대,57.4,초보자,스트렝스,펙덱 플라이 머신,20.0,5,4,169
남성,20대,88.9,상급자,다이어트,시티드 로우 머신,87.5,19,3,45
남성,40대,75.1,상급자,재활/건강,페이스 풀,32.5,17,3,115
여성,30대,55.3,중급자,근비대,인클라인 덤벨 프레스,20.0,8,4,71
남성,10대,77.4,초보자,다이어트,벤치프레스,15.0,16,3,34
여성,50대,48.9,중급자,근비대,숄더 프레스 머신,30.0,12,4,63
남성,20대,90.9,초보자,다이어트,숄더 프레스 머신,27.5,16,3,30
남성,50대,74.2,중급자,근비대,루마니안 데드리프트,45.0,9,4,68
남성,10대,81.1,상급자,스트렝스,레그 컬 머신,130.0,5,5,140
남성,50대,78.3,초보자,근비대,시티드 로우 머신,32.5,8,4,69
여성,30대,47.9,초보자,재활/건강,오버헤드 프레스,5.0,19,3,110
여성,50대,43.9,중급자,근비대,루마니안 데드리프트,15.0,11,4,90
남성,50대,77.9,초보자,재활/건강,페이스 풀,10.0,20,2,108
여성,20대,50.8,상급자,근비대,바벨 로우,30.0,12,3,70
남성,30대,86.6,상급자,근비대,워킹 런지,77.5,11,4,75
여성,50대,58.6,초보자,근비대,페이스 풀,12.5,8,4,72
여성,50대,43.8,상급자,다이어트,벤치프레스,20.0,19,3,56
여성,60대 이상,56.4,중급자,스트렝스,펙덱 플라이 머신,37.5,5,4,178
남성,30대,74.9,초보자,다이어트,사이드 레터럴 레이즈,17.5,20,3,36
남성,40대,69.0,초보자,재활/건강,어시스트 풀업 머신,17.5,19,3,109
남성,40대,69.7,중급자,근비대,레그 컬 머신,62.5,11,4,76
남성,60대 이상,70.4,상급자,근비대,시티드 로우 머신,95.0,9,4,85
여성,30대,52.6,중급자,스트렝스,어시스트 풀업 머신,35.0,4,5,177
남성,60대 이상,82.6,상급자,근비대,워킹 런지,70.0,9,4,90
남성,50대,91.7,상급자,다이어트,바벨 스쿼트,60.0,17,3,46
여성,30대,66.2,상급자,스트렝스,인클라인 덤벨 프레스,47.5,3,5,175
여성,50대,61.7,초보자,근비대,펙덱 플라이 머신,17.5,9,3,70
여성,40대,48.5,중급자,재활/건강,사이드 레터럴 레이즈,10.0,20,2,117
남성,50대,67.5,초보자,다이어트,체스트 프레스 머신,20.0,17,3,35
남성,20대,61.0,초보자,스트렝스,랫 풀다운 머신,32.5,4,4,130
여성,10대,52.4,초보자,근비대,레그 익스텐션 머신,15.0,8,3,72
여성,40대,55.3,중급자,다이어트,바벨 스쿼트,17.5,16,3,59
남성,60대 이상,67.1,중급자,스트렝스,바벨 로우,47.5,5,5,122
남성,20대,79.4,초보자,다이어트,페이스 풀,17.5,17,3,37
남성,10대,76.8,중급자,재활/건강,레그 컬 머신,35.0,15,2,119
여성,30대,66.9,초보자,재활/건강,레그 익스텐션 머신,7.5,20,2,101
남성,50대,73.3,초보자,재활/건강,레그 프레스 머신,17.5,19,3,101
여성,10대,47.4,중급자,스트렝스,랫 풀다운 머신,32.5,4,4,174
남성,50대,58.1,상급자,재활/건강,워킹 런지,27.5,15,2,108
여성,10대,53.0,중급자,재활/건강,레그 익스텐션 머신,15.0,19,2,109
남성,20대,77.2,초보자,스트렝스,바벨 로우,30.0,3,4,121
여성,60대 이상,56.1,초보자,다이어트,바벨 로우,7.5,18,3,50
남성,50대,89.7,초보자,근비대,사이드 레터럴 레이즈,27.5,12,3,81
여성,10대,48.7,초보자,근비대,체스트 프레스 머신,15.0,9,3,80
여성,20대,59.4,초보자,다이어트,레그 익스텐션 머신,12.5,19,3,37
여성,10대,51.4,초보자,다이어트,인클라인 덤벨 프레스,7.5,20,3,57
남성,20대,79.8,중급자,다이어트,레그 프레스 머신,50.0,20,3,32
남성,20대,75.9,초보자,다이어트,워킹 런지,17.5,18,3,39
여성,60대 이상,57.6,중급자,재활/건강,루마니안 데드리프트,10.0,15,2,103
여성,60대 이상,51.0,상급자,스트렝스,숄더 프레스 머신,55.0,3,4,178
남성,20대,67.2,초보자,근비대,바벨 스쿼트,22.5,10,4,63
여성,20대,44.2,중급자,근비대,루마니안 데드리프트,17.5,11,4,77
남성,50대,82.9,중급자,재활/건강,벤치프레스,22.5,16,3,105
남성,50대,68.5,중급자,재활/건강,랫 풀다운 머신,32.5,17,3,105
남성,40대,76.0,초보자,다이어트,루마니안 데드리프트,17.5,20,3,59
남성,50대,70.7,상급자,다이어트,벤치프레스,42.5,16,3,37
남성,40대,85.4,초보자,다이어트,펙덱 플라이 머신,27.5,16,3,51
여성,20대,41.4,중급자,다이어트,체스트 프레스 머신,17.5,18,3,56
남성,50대,76.5,초보자,스트렝스,펙덱 플라이 머신,42.5,4,4,166
여성,20대,69.3,상급자,재활/건강,레그 컬 머신,27.5,17,2,111
여성,30대,64.4,상급자,재활/건강,레그 프레스 머신,27.5,20,2,115
여성,30대,61.5,상급자,다이어트,레그 컬 머신,40.0,15,3,60
여성,10대,55.9,중급자,재활/건강,벤치프레스,10.0,18,2,115
남성,10대,76.4,상급자,근비대,페이스 풀,72.5,10,4,74
여성,50대,46.1,상급자,재활/건강,워킹 런지,15.0,18,2,95
남성,10대,78.2,상급자,재활/건강,바벨 스쿼트,37.5,18,3,91
여성,20대,54.1,상급자,다이어트,체스트 프레스 머신,35.0,16,3,32
여성,50대,52.1,상급자,근비대,인클라인 덤벨 프레스,30.0,9,3,74
여성,30대,55.9,중급자,근비대,레그 익스텐션 머신,32.5,9,4,83
남성,30대,81.8,중급자,스트렝스,어시스트 풀업 머신,87.5,3,4,153
여성,30대,52.2,상급자,다이어트,워킹 런지,25.0,18,3,49
남성,60대 이상,68.3,상급자,스트렝스,레그 프레스 머신,112.5,3,5,143
여성,60대 이상,57.4,상급자,재활/건강,레그 프레스 머신,27.5,19,2,101
남성,30대,74.5,상급자,재활/건강,워킹 런지,27.5,15,3,118
여성,60대 이상,47.0,중급자,재활/건강,워킹 런지,7.5,19,3,118
여성,30대,58.9,초보자,스트렝스,루마니안 데드리프트,12.5,4,5,173
여성,50대,58.6,초보자,재활/건강,바벨 로우,5.0,18,3,90
여성,30대,61.6,초보자,근비대,인클라인 덤벨 프레스,12.5,11,4,74
여성,30대,57.8,중급자,재활/건강,사이드 레터럴 레이즈,10.0,18,3,103
남성,10대,96.2,상급자,근비대,레그 익스텐션 머신,132.5,11,4,60
남성,50대,87.1,중급자,근비대,체스트 프레스 머신,75.0,11,3,80
여성,50대,66.9,초보자,근비대,페이스 풀,12.5,11,3,74
여성,10대,52.9,중급자,스트렝스,레그 컬 머신,35.0,3,5,152
남성,10대,72.8,중급자,근비대,체스트 프레스 머신,65.0,11,4,73
여성,10대,43.6,초보자,재활/건강,레그 익스텐션 머신,5.0,17,3,106
여성,30대,57.6,초보자,다이어트,인클라인 덤벨 프레스,7.5,15,3,51
여성,50대,43.3,초보자,근비대,오버헤드 프레스,7.5,8,4,89
남성,60대 이상,79.3,중급자,근비대,바벨 스쿼트,47.5,8,4,77
남성,30대,67.2,초보자,스트렝스,바벨 스쿼트,22.5,4,5,155
남성,10대,73.8,초보자,재활/건강,레그 프레스 머신,17.5,19,3,104
남성,20대,73.3,상급자,근비대,사이드 레터럴 레이즈,62.5,8,3,69
여성,50대,60.0,상급자,재활/건강,페이스 풀,17.5,18,3,91
남성,30대,85.5,상급자,재활/건강,사이드 레터럴 레이즈,32.5,16,3,112
남성,20대,64.9,중급자,근비대,오버헤드 프레스,40.0,8,4,85
여성,40대,70.3,초보자,스트렝스,어시스트 풀업 머신,22.5,5,5,133
여성,40대,49.0,중급자,다이어트,레그 프레스 머신,20.0,18,3,36
남성,50대,68.3,초보자,다이어트,페이스 풀,15.0,18,3,40
남성,30대,88.5,초보자,다이어트,랫 풀다운 머신,27.5,15,3,39
여성,20대,55.5,초보자,재활/건강,루마니안 데드리프트,5.0,19,3,111
여성,40대,54.5,초보자,재활/건강,바벨 스쿼트,5.0,16,3,105
남성,10대,78.1,중급자,재활/건강,숄더 프레스 머신,30.0,17,3,115
여성,40대,54.7,중급자,스트렝스,바벨 로우,25.0,4,4,128
여성,20대,65.3,중급자,근비대,레그 컬 머신,35.0,10,3,77
남성,20대,72.1,상급자,스트렝스,바벨 로우,75.0,3,5,173
남성,30대,106.1,중급자,다이어트,바벨 스쿼트,42.5,20,3,54
남성,40대,63.5,초보자,재활/건강,바벨 스쿼트,10.0,20,3,100
남성,20대,72.8,초보자,다이어트,체스트 프레스 머신,25.0,18,3,34
여성,50대,64.6,중급자,재활/건강,어시스트 풀업 머신,20.0,16,2,105
여성,10대,43.0,중급자,다이어트,오버헤드 프레스,12.5,18,3,33
여성,10대,65.9,초보자,근비대,펙덱 플라이 머신,17.5,9,3,68
여성,20대,59.5,상급자,재활/건강,벤치프레스,15.0,19,2,119
남성,20대,92.8,중급자,다이어트,사이드 레터럴 레이즈,40.0,17,3,56
여성,50대,56.4,초보자,다이어트,레그 익스텐션 머신,12.5,20,3,36
남성,40대,87.0,초보자,스트렝스,숄더 프레스 머신,47.5,4,5,155
여성,10대,62.2,상급자,다이어트,숄더 프레스 머신,42.5,16,3,39
여성,20대,61.6,상급자,스트렝스,체스트 프레스 머신,67.5,5,4,129
여성,20대,63.5,초보자,스트렝스,사이드 레터럴 레이즈,15.0,4,5,154
여성,40대,56.0,중급자,근비대,랫 풀다운 머신,30.0,10,3,62
남성,50대,80.7,중급자,근비대,사이드 레터럴 레이즈,47.5,10,3,65
여성,20대,58.6,중급자,다이어트,랫 풀다운 머신,22.5,19,3,42
남성,60대 이상,73.8,상급자,재활/건강,시티드 로우 머신,50.0,16,2,111
남성,10대,59.0,초보자,재활/건강,워킹 런지,7.5,15,3,92
남성,20대,107.3,상급자,다이어트,루마니안 데드리프트,72.5,17,3,44
남성,10대,58.7,상급자,스트렝스,인클라인 덤벨 프레스,65.0,5,5,126
남성,30대,105.9,초보자,스트렝스,펙덱 플라이 머신,60.0,5,4,174
남성,20대,80.7,중급자,근비대,레그 익스텐션 머신,70.0,8,3,78
여성,20대,48.4,초보자,근비대,루마니안 데드리프트,10.0,11,3,69
여성,50대,55.6,중급자,다이어트,벤치프레스,15.0,18,3,35
남성,10대,73.6,초보자,다이어트,사이드 레터럴 레이즈,17.5,18,3,43
여성,30대,47.8,상급자,근비대,인클라인 덤벨 프레스,30.0,11,3,66
여성,60대 이상,51.8,초보자,다이어트,숄더 프레스 머신,10.0,19,3,41
여성,50대,54.7,중급자,근비대,루마니안 데드리프트,20.0,10,3,60
남성,50대,79.1,상급자,재활/건강,바벨 스쿼트,37.5,15,2,110
남성,10대,60.8,중급자,근비대,페이스 풀,37.5,10,4,60
여성,10대,47.4,초보자,스트렝스,바벨 로우,10.0,4,4,124
여성,30대,48.2,상급자,재활/건강,레그 프레스 머신,17.5,15,3,90
여성,40대,56.7,상급자,근비대,숄더 프레스 머신,52.5,8,3,70
남성,20대,74.5,초보자,재활/건강,오버헤드 프레스,10.0,19,2,102
남성,50대,58.4,중급자,다이어트,바벨 스쿼트,25.0,19,3,38
남성,30대,74.5,중급자,재활/건강,어시스트 풀업 머신,35.0,18,3,116
여성,50대,71.8,초보자,재활/건강,어시스트 풀업 머신,7.5,19,3,113
여성,50대,49.1,중급자,다이어트,레그 컬 머신,20.0,18,3,44
남성,30대,73.6,초보자,스트렝스,펙덱 플라이 머신,37.5,4,5,126
남성,50대,72.6,중급자,재활/건강,오버헤드 프레스,20.0,17,2,119
남성,10대,75.0,초보자,다이어트,바벨 로우,15.0,20,3,47
남성,20대,64.1,중급자,근비대,인클라인 덤벨 프레스,40.0,9,3,85
남성,40대,80.4,상급자,근비대,체스트 프레스 머신,105.0,8,4,90
여성,50대,46.8,중급자,근비대,사이드 레터럴 레이즈,17.5,11,3,69
여성,20대,60.8,초보자,다이어트,오버헤드 프레스,7.5,17,3,54
여성,60대 이상,44.0,상급자,스트렝스,인클라인 덤벨 프레스,32.5,5,5,148
여성,50대,49.2,상급자,스트렝스,벤치프레스,32.5,4,5,141
여성,10대,63.7,초보자,근비대,바벨 스쿼트,12.5,12,3,64
여성,30대,54.6,상급자,다이어트,인클라인 덤벨 프레스,25.0,16,3,32
남성,20대,59.3,상급자,근비대,바벨 스쿼트,55.0,11,3,83
남성,40대,80.7,중급자,근비대,레그 프레스 머신,75.0,11,4,63
여성,60대 이상,61.8,중급자,근비대,레그 프레스 머신,35.0,10,4,72
여성,10대,41.9,상급자,재활/건강,벤치프레스,12.5,19,3,99
여성,40대,60.9,중급자,근비대,오버헤드 프레스,25.0,10,4,67
여성,30대,45.3,상급자,재활/건강,랫 풀다운 머신,20.0,19,3,118
여성,30대,46.5,상급자,근비대,레그 익스텐션 머신,42.5,9,4,62
남성,60대 이상,74.8,중급자,다이어트,숄더 프레스 머신,52.5,20,3,33
여성,30대,57.4,초보자,스트렝스,체스트 프레스 머신,20.0,4,4,160
여성,10대,57.6,초보자,스트렝스,시티드 로우 머신,17.5,4,5,165
여성,40대,67.2,중급자,스트렝스,페이스 풀,30.0,5,4,147
남성,40대,69.0,중급자,재활/건강,워킹 런지,17.5,15,2,94
남성,60대 이상,62.3,초보자,근비대,워킹 런지,20.0,8,4,74
여성,40대,46.7,상급자,근비대,오버헤드 프레스,27.5,9,3,62
남성,60대 이상,55.9,초보자,재활/건강,레그 컬 머신,10.0,20,3,106
여성,50대,61.2,초보자,근비대,워킹 런지,10.0,8,4,65
남성,40대,75.1,상급자,다이어트,벤치프레스,47.5,16,3,49
여성,60대 이상,56.7,초보자,근비대,레그 컬 머신,17.5,11,4,81
여성,10대,35.9,상급자,다이어트,시티드 로우 머신,22.5,20,3,32
여성,60대 이상,56.9,중급자,재활/건강,레그 컬 머신,15.0,20,2,100
남성,20대,53.6,상급자,다이어트,사이드 레터럴 레이즈,37.5,20,3,44
남성,30대,77.8,중급자,근비대,레그 프레스 머신,67.5,9,3,86
여성,20대,44.3,상급자,근비대,페이스 풀,25.0,12,3,66
여성,10대,65.6,초보자,다이어트,레그 익스텐션 머신,12.5,17,3,31
남성,30대,85.4,상급자,다이어트,인클라인 덤벨 프레스,50.0,18,3,58
여성,10대,55.9,초보자,재활/건강,벤치프레스,5.0,16,2,102
남성,50대,77.4,초보자,근비대,숄더 프레스 머신,35.0,10,3,81
여성,50대,53.3,초보자,스트렝스,사이드 레터럴 레이즈,12.5,4,4,173
남성,20대,94.7,상급자,스트렝스,페이스 풀,97.5,5,4,129
남성,30대,85.5,중급자,근비대,루마니안 데드리프트,52.5,9,4,71
여성,60대 이상,51.1,중급자,재활/건강,체스트 프레스 머신,15.0,17,3,119
남성,20대,68.4,초보자,다이어트,레그 프레스 머신,25.0,15,3,47
남성,60대 이상,71.3,중급자,재활/건강,벤치프레스,22.5,15,3,110
남성,10대,74.0,중급자,재활/건강,시티드 로우 머신,32.5,18,2,115
남성,30대,79.7,초보자,근비대,숄더 프레스 머신,37.5,11,4,64
남성,40대,56.9,중급자,재활/건강,펙덱 플라이 머신,25.0,20,3,94
남성,10대,70.0,중급자,다이어트,체스트 프레스 머신,47.5,18,3,36
남성,50대,76.9,상급자,재활/건강,레그 프레스 머신,52.5,19,3,98
여성,50대,49.4,중급자,다이어트,어시스트 풀업 머신,20.0,20,3,36
남성,40대,64.3,중급자,스트렝스,사이드 레터럴 레이즈,45.0,3,4,160
여성,60대 이상,70.5,초보자,다이어트,레그 프레스 머신,15.0,19,3,50
남성,50대,59.6,중급자,근비대,워킹 런지,37.5,9,3,83
여성,40대,58.4,중급자,스트렝스,레그 익스텐션 머신,37.5,4,5,140
여성,40대,52.2,상급자,다이어트,레그 컬 머신,32.5,15,3,40
남성,20대,74.0,초보자,스트렝스,인클라인 덤벨 프레스,27.5,4,4,162
여성,50대,45.2,상급자,재활/건강,페이스 풀,12.5,15,3,108
여성,20대,52.6,초보자,근비대,사이드 레터럴 레이즈,10.0,12,3,81
여성,50대,54.1,초보자,근비대,사이드 레터럴 레이즈,10.0,12,3,88
여성,20대,50.2,초보자,스트렝스,벤치프레스,10.0,4,5,122
여성,60대 이상,50.9,상급자,스트렝스,벤치프레스,35.0,4,4,125
여성,20대,67.5,초보자,근비대,사이드 레터럴 레이즈,12.5,12,3,60
남성,40대,74.9,중급자,다이어트,레그 컬 머신,50.0,19,3,60
남성,60대 이상,54.2,초보자,근비대,사이드 레터럴 레이즈,17.5,12,4,74
여성,60대 이상,46.9,초보자,근비대,사이드 레터럴 레이즈,10.0,11,3,88
여성,60대 이상,53.8,중급자,스트렝스,워킹 런지,25.0,4,4,151
남성,40대,92.1,중급자,다이어트,페이스 풀,40.0,15,3,31
여성,60대 이상,47.2,상급자,근비대,인클라인 덤벨 프레스,27.5,8,3,66
여성,20대,52.6,초보자,다이어트,펙덱 플라이 머신,10.0,18,3,48
여성,10대,56.7,중급자,재활/건강,오버헤드 프레스,10.0,17,2,100
여성,40대,55.6,중급자,재활/건강,바벨 로우,10.0,20,3,115
남성,10대,82.0,초보자,재활/건강,바벨 스쿼트,10.0,19,2,107
남성,30대,80.7,초보자,스트렝스,체스트 프레스 머신,45.0,3,5,177
남성,60대 이상,67.1,상급자,스트렝스,레그 프레스 머신,110.0,4,4,151
남성,50대,78.3,초보자,다이어트,레그 컬 머신,25.0,18,3,31
남성,40대,84.1,상급자,근비대,시티드 로우 머신,120.0,8,3,70
여성,40대,62.8,상급자,근비대,어시스트 풀업 머신,57.5,11,3,67
남성,50대,67.3,초보자,스트렝스,바벨 로우,25.0,4,5,174
여성,10대,63.3,초보자,스트렝스,바벨 스쿼트,15.0,4,5,122
여성,60대 이상,57.4,중급자,스트렝스,어시스트 풀업 머신,40.0,3,5,163
남성,50대,83.3,중급자,다이어트,레그 컬 머신,52.5,15,3,38
남성,60대 이상,82.5,중급자,근비대,오버헤드 프레스,52.5,12,4,68
남성,30대,90.9,중급자,다이어트,시티드 로우 머신,65.0,20,3,30
여성,50대,58.9,상급자,근비대,오버헤드 프레스,35.0,10,3,86
남성,20대,69.8,상급자,재활/건강,레그 프레스 머신,47.5,19,2,102
여성,30대,53.9,중급자,근비대,랫 풀다운 머신,30.0,12,3,73
남성,10대,90.2,초보자,근비대,루마니안 데드리프트,27.5,12,4,60
여성,10대,57.5,중급자,근비대,오버헤드 프레스,20.0,8,4,72
남성,50대,84.4,상급자,근비대,레그 컬 머신,120.0,11,3,62
남성,10대,59.9,초보자,재활/건강,루마니안 데드리프트,7.5,19,3,100
여성,40대,55.0,중급자,근비대,워킹 런지,20.0,9,4,86
여성,30대,68.3,중급자,재활/건강,시티드 로우 머신,17.5,17,3,94
남성,60대 이상,96.8,중급자,근비대,벤치프레스,55.0,10,3,71
남성,40대,65.8,상급자,다이어트,루마니안 데드리프트,45.0,16,3,40
여성,10대,52.7,상급자,근비대,레그 익스텐션 머신,47.5,12,4,71
남성,50대,81.4,상급자,근비대,바벨 스쿼트,75.0,9,3,69
남성,40대,86.9,초보자,재활/건강,레그 익스텐션 머신,15.0,16,3,95
여성,10대,50.8,중급자,다이어트,벤치프레스,12.5,20,3,52
여성,60대 이상,56.8,초보자,스트렝스,루마니안 데드리프트,12.5,5,4,165
여성,10대,45.6,상급자,근비대,루마니안 데드리프트,25.0,8,4,87
남성,10대,60.8,중급자,스트렝스,시티드 로우 머신,65.0,5,4,142
여성,60대 이상,59.5,중급자,다이어트,펙덱 플라이 머신,27.5,18,3,40
남성,40대,103.3,상급자,재활/건강,페이스 풀,47.5,20,3,93
여성,50대,65.0,중급자,다이어트,시티드 로우 머신,25.0,20,3,54
여성,30대,38.5,중급자,근비대,숄더 프레스 머신,22.5,11,4,74
여성,10대,38.2,상급자,스트렝스,벤치프레스,27.5,5,4,131
남성,30대,82.8,초보자,재활/건강,숄더 프레스 머신,15.0,20,3,91
여성,20대,48.6,상급자,다이어트,펙덱 플라이 머신,35.0,20,3,31
여성,50대,60.6,중급자,다이어트,바벨 스쿼트,17.5,15,3,47
여성,50대,49.5,초보자,스트렝스,페이스 풀,10.0,3,5,132
남성,50대,88.9,초보자,재활/건강,오버헤드 프레스,12.5,20,2,100
여성,40대,62.5,중급자,재활/건강,어시스트 풀업 머신,17.5,15,2,105
여성,60대 이상,54.1,상급자,재활/건강,인클라인 덤벨 프레스,17.5,15,2,120
여성,20대,53.2,초보자,재활/건강,레그 프레스 머신,5.0,17,3,110
남성,10대,89.9,중급자,근비대,어시스트 풀업 머신,80.0,11,3,87
남성,20대,87.6,상급자,근비대,오버헤드 프레스,80.0,9,3,74
남성,50대,60.8,초보자,스트렝스,페이스 풀,22.5,3,4,124
남성,50대,67.5,중급자,다이어트,바벨 로우,30.0,16,3,44
여성,20대,57.1,중급자,근비대,오버헤드 프레스,22.5,8,3,82
남성,50대,65.5,초보자,스트렝스,바벨 스쿼트,25.0,4,5,153
남성,60대 이상,68.1,초보자,다이어트,페이스 풀,15.0,20,3,33
여성,50대,53.9,상급자,근비대,인클라인 덤벨 프레스,32.5,12,4,86
여성,60대 이상,57.7,초보자,다이어트,인클라인 덤벨 프레스,7.5,18,3,43
여성,60대 이상,56.9,초보자,다이어트,벤치프레스,7.5,18,3,43
여성,10대,60.9,중급자,재활/건강,어시스트 풀업 머신,15.0,16,3,97
남성,20대,53.2,상급자,스트렝스,사이드 레터럴 레이즈,60.0,4,5,121
여성,50대,47.8,중급자,다이어트,바벨 스쿼트,12.5,15,3,52
남성,30대,83.4,중급자,재활/건강,벤치프레스,22.5,17,3,112
여성,40대,56.2,중급자,근비대,바벨 로우,20.0,9,3,63
여성,20대,58.4,중급자,근비대,숄더 프레스 머신,35.0,12,4,88
남성,30대,73.6,상급자,다이어트,어시스트 풀업 머신,72.5,15,3,52
여성,10대,55.4,중급자,스트렝스,시티드 로우 머신,37.5,5,5,177
남성,30대,57.5,중급자,재활/건강,어시스트 풀업 머신,25.0,19,3,90
남성,50대,71.2,상급자,다이어트,레그 프레스 머신,75.0,18,3,30
남성,30대,52.7,상급자,근비대,루마니안 데드리프트,47.5,10,3,71
남성,10대,66.5,초보자,재활/건강,펙덱 플라이 머신,15.0,18,2,106
남성,50대,97.4,상급자,다이어트,레그 컬 머신,92.5,17,3,36
남성,10대,87.9,초보자,스트렝스,레그 컬 머신,47.5,5,4,145
남성,30대,65.5,초보자,재활/건강,오버헤드 프레스,7.5,20,3,108
여성,50대,51.1,중급자,재활/건강,펙덱 플라이 머신,12.5,15,2,106
남성,60대 이상,78.7,중급자,스트렝스,오버헤드 프레스,57.5,3,4,168
남성,60대 이상,60.3,중급자,다이어트,오버헤드 프레스,27.5,19,3,41
남성,40대,70.8,초보자,근비대,체스트 프레스 머신,30.0,9,4,77
남성,60대 이상,64.2,상급자,재활/건강,페이스 풀,27.5,16,2,97
남성,30대,64.6,중급자,스트렝스,바벨 로우,47.5,3,4,170
남성,50대,68.1,중급자,재활/건강,체스트 프레스 머신,27.5,16,2,114
남성,10대,83.5,초보자,스트렝스,페이스 풀,32.5,5,4,164
남성,60대 이상,77.7,초보자,재활/건강,레그 컬 머신,17.5,17,2,106
여성,10대,46.8,중급자,재활/건강,레그 익스텐션 머신,12.5,17,3,105
남성,30대,64.2,중급자,스트렝스,레그 익스텐션 머신,72.5,3,4,148
남성,40대,94.9,초보자,다이어트,레그 프레스 머신,32.5,20,3,32
여성,20대,57.4,초보자,근비대,페이스 풀,10.0,11,4,89
남성,20대,61.4,초보자,다이어트,레그 익스텐션 머신,20.0,16,3,47
여성,40대,47.8,초보자,재활/건강,레그 컬 머신,5.0,18,3,109
여성,20대,55.1,중급자,재활/건강,페이스 풀,10.0,15,3,100
여성,40대,49.2,중급자,스트렝스,레그 컬 머신,32.5,3,4,177
여성,30대,53.4,초보자,스트렝스,레그 컬 머신,17.5,5,4,173
여성,10대,46.5,상급자,재활/건강,오버헤드 프레스,12.5,20,3,110
남성,30대,84.1,중급자,재활/건강,워킹 런지,22.5,19,2,111
남성,60대 이상,64.7,중급자,다이어트,랫 풀다운 머신,42.5,20,3,35
여성,10대,40.6,초보자,근비대,레그 컬 머신,12.5,8,4,63
남성,10대,86.5,초보자,스트렝스,워킹 런지,32.5,3,4,152
남성,40대,65.1,초보자,다이어트,벤치프레스,15.0,16,3,34
남성,10대,82.5,중급자,다이어트,숄더 프레스 머신,55.0,19,3,35
남성,10대,67.4,중급자,스트렝스,레그 컬 머신,75.0,4,5,158
남성,40대,72.3,중급자,다이어트,체스트 프레스 머신,50.0,15,3,46
여성,10대,61.4,초보자,재활/건강,페이스 풀,5.0,19,2,107
여성,10대,50.8,상급자,다이어트,숄더 프레스 머신,32.5,19,3,54
여성,10대,55.5,중급자,재활/건강,시티드 로우 머신,15.0,15,2,96
남성,40대,79.3,초보자,다이어트,랫 풀다운 머신,27.5,19,3,46
남성,30대,85.5,중급자,스트렝스,랫 풀다운 머신,92.5,5,4,136
여성,50대,77.7,상급자,스트렝스,바벨 로우,55.0,3,4,125
남성,50대,83.4,중급자,다이어트,인클라인 덤벨 프레스,35.0,16,3,45
남성,30대,81.2,중급자,근비대,숄더 프레스 머신,75.0,10,4,90
여성,50대,63.5,상급자,근비대,루마니안 데드리프트,40.0,12,4,62
여성,20대,61.6,상급자,다이어트,시티드 로우 머신,42.5,17,3,31
여성,40대,61.0,중급자,스트렝스,루마니안 데드리프트,27.5,3,4,130
여성,30대,45.7,중급자,스트렝스,레그 익스텐션 머신,32.5,4,4,134
남성,30대,82.5,상급자,다이어트,인클라인 덤벨 프레스,55.0,16,3,46
남성,50대,68.4,중급자,재활/건강,시티드 로우 머신,30.0,15,2,115
여성,50대,58.2,초보자,재활/건강,인클라인 덤벨 프레스,5.0,19,3,91
여성,10대,45.5,중급자,다이어트,인클라인 덤벨 프레스,12.5,17,3,42
남성,40대,57.8,초보자,근비대,사이드 레터럴 레이즈,17.5,12,4,68
남성,20대,85.3,초보자,재활/건강,레그 프레스 머신,20.0,19,2,97
여성,60대 이상,52.0,상급자,스트렝스,사이드 레터럴 레이즈,35.0,3,4,163
남성,40대,68.5,중급자,스트렝스,워킹 런지,50.0,5,4,152
여성,10대,48.5,상급자,스트렝스,숄더 프레스 머신,52.5,5,5,168
여성,10대,61.5,초보자,스트렝스,오버헤드 프레스,12.5,3,5,121
남성,50대,77.7,상급자,재활/건강,벤치프레스,35.0,19,3,91
여성,40대,54.6,중급자,다이어트,페이스 풀,15.0,18,3,45
남성,40대,76.9,중급자,근비대,사이드 레터럴 레이즈,45.0,10,3,86
남성,10대,73.9,중급자,근비대,레그 컬 머신,65.0,11,4,64
여성,50대,54.7,초보자,근비대,랫 풀다운 머신,15.0,8,3,76
여성,20대,53.0,상급자,근비대,시티드 로우 머신,50.0,9,4,74
여성,50대,73.2,중급자,다이어트,바벨 로우,20.0,18,3,58
여성,20대,56.0,중급자,다이어트,사이드 레터럴 레이즈,15.0,17,3,33
여성,60대 이상,60.2,상급자,스트렝스,바벨 스쿼트,42.5,5,5,133
여성,10대,67.0,상급자,근비대,인클라인 덤벨 프레스,42.5,10,3,72
여성,20대,56.5,중급자,근비대,바벨 로우,22.5,8,3,68
여성,20대,52.2,초보자,스트렝스,벤치프레스,12.5,5,5,125
남성,40대,78.7,중급자,재활/건강,펙덱 플라이 머신,35.0,19,2,118
남성,10대,69.6,중급자,재활/건강,체스트 프레스 머신,32.5,20,3,118
여성,20대,57.3,중급자,재활/건강,레그 컬 머신,15.0,19,3,103
남성,20대,49.8,초보자,다이어트,루마니안 데드리프트,12.5,18,3,47
여성,50대,62.4,상급자,재활/건강,어시스트 풀업 머신,22.5,15,3,111
여성,40대,52.9,초보자,재활/건강,숄더 프레스 머신,5.0,15,3,90
남성,40대,85.9,초보자,재활/건강,인클라인 덤벨 프레스,12.5,20,3,119
여성,30대,60.0,상급자,다이어트,페이스 풀,27.5,17,3,45
여성,40대,53.4,초보자,스트렝스,벤치프레스,12.5,5,4,126
남성,60대 이상,77.0,상급자,다이어트,레그 컬 머신,77.5,20,3,50
남성,20대,87.7,초보자,재활/건강,인클라인 덤벨 프레스,15.0,19,2,117
여성,30대,52.1,초보자,재활/건강,루마니안 데드리프트,5.0,20,2,113
남성,10대,67.4,초보자,재활/건강,랫 풀다운 머신,12.5,20,3,103
남성,30대,96.3,중급자,근비대,어시스트 풀업 머신,82.5,10,3,69
여성,10대,72.6,중급자,스트렝스,시티드 로우 머신,47.5,5,5,161
여성,40대,43.9,상급자,재활/건강,레그 프레스 머신,17.5,15,2,102
남성,10대,62.7,초보자,근비대,랫 풀다운 머신,30.0,9,3,78
남성,30대,78.8,상급자,재활/건강,루마니안 데드리프트,30.0,15,2,97
남성,20대,73.7,중급자,근비대,바벨 로우,42.5,12,3,75
남성,50대,72.4,중급자,근비대,오버헤드 프레스,42.5,8,3,90
남성,10대,58.7,상급자,스트렝스,숄더 프레스 머신,100.0,3,5,157
여성,40대,54.1,상급자,근비대,어시스트 풀업 머신,50.0,11,3,81
남성,20대,71.0,초보자,근비대,레그 컬 머신,32.5,8,4,74
남성,30대,88.9,중급자,재활/건강,랫 풀다운 머신,35.0,18,3,106
남성,20대,65.3,중급자,근비대,벤치프레스,37.5,10,4,73
남성,40대,79.2,상급자,근비대,인클라인 덤벨 프레스,72.5,10,3,87
남성,30대,85.8,중급자,다이어트,시티드 로우 머신,62.5,20,3,53
여성,40대,58.0,중급자,스트렝스,숄더 프레스 머신,37.5,3,4,140
남성,30대,86.8,중급자,스트렝스,바벨 로우,60.0,3,5,128
남성,10대,89.5,상급자,재활/건강,숄더 프레스 머신,47.5,17,2,102
남성,20대,87.3,중급자,다이어트,바벨 로우,40.0,17,3,32
남성,50대,90.0,중급자,스트렝스,랫 풀다운 머신,97.5,4,4,148
남성,10대,77.6,상급자,다이어트,레그 익스텐션 머신,80.0,17,3,38
남성,60대 이상,82.0,상급자,재활/건강,벤치프레스,32.5,16,3,118
남성,60대 이상,65.0,상급자,근비대,바벨 로우,55.0,9,4,81
여성,50대,52.0,초보자,스트렝스,사이드 레터럴 레이즈,12.5,4,5,137
남성,40대,72.1,상급자,재활/건강,어시스트 풀업 머신,42.5,17,3,103
여성,30대,53.2,중급자,다이어트,레그 컬 머신,22.5,19,3,36
남성,40대,69.2,초보자,스트렝스,루마니안 데드리프트,22.5,3,4,123
여성,60대 이상,56.2,초보자,다이어트,인클라인 덤벨 프레스,7.5,16,3,51
남성,30대,73.3,상급자,스트렝스,벤치프레스,77.5,4,4,128
남성,40대,50.6,초보자,재활/건강,체스트 프레스 머신,10.0,18,3,116
남성,60대 이상,84.3,초보자,근비대,사이드 레터럴 레이즈,25.0,9,3,89
여성,30대,58.2,초보자,다이어트,레그 컬 머신,12.5,19,3,39
남성,30대,75.3,중급자,스트렝스,레그 익스텐션 머신,80.0,4,5,147
여성,40대,38.3,중급자,스트렝스,바벨 로우,17.5,4,5,143
여성,40대,46.7,중급자,재활/건강,인클라인 덤벨 프레스,7.5,15,2,107
남성,40대,79.0,중급자,스트렝스,펙덱 플라이 머신,87.5,3,5,128
여성,40대,56.1,초보자,근비대,레그 프레스 머신,15.0,12,4,63
남성,20대,62.7,중급자,근비대,레그 프레스 머신,57.5,12,4,89
여성,50대,58.4,중급자,스트렝스,오버헤드 프레스,25.0,3,4,147
여성,40대,51.8,중급자,재활/건강,벤치프레스,10.0,20,2,90
남성,40대,80.4,상급자,근비대,체스트 프레스 머신,115.0,10,3,60
여성,10대,57.2,상급자,다이어트,인클라인 덤벨 프레스,27.5,19,3,47
남성,40대,68.3,중급자,다이어트,페이스 풀,27.5,15,3,37
여성,60대 이상,53.0,상급자,근비대,숄더 프레스 머신,45.0,9,3,67
여성,30대,52.8,중급자,다이어트,체스트 프레스 머신,22.5,20,3,46
여성,50대,49.9,초보자,재활/건강,페이스 풀,5.0,17,3,112
여성,50대,64.4,상급자,다이어트,오버헤드 프레스,27.5,17,3,31
남성,40대,85.9,중급자,재활/건강,인클라인 덤벨 프레스,22.5,20,3,100
남성,10대,66.5,상급자,재활/건강,사이드 레터럴 레이즈,30.0,16,3,97
남성,10대,77.1,초보자,근비대,레그 컬 머신,35.0,10,4,83
남성,60대 이상,71.8,중급자,스트렝스,어시스트 풀업 머신,77.5,4,4,139
남성,50대,75.9,초보자,스트렝스,시티드 로우 머신,40.0,5,5,160
여성,20대,59.5,초보자,재활/건강,바벨 스쿼트,5.0,15,3,97
여성,60대 이상,59.5,초보자,다이어트,워킹 런지,7.5,16,3,39
여성,60대 이상,55.8,중급자,재활/건강,바벨 로우,10.0,17,2,105
남성,40대,82.3,초보자,근비대,루마니안 데드리프트,25.0,12,4,61
남성,40대,91.1,상급자,다이어트,숄더 프레스 머신,90.0,17,3,31
여성,10대,60.9,중급자,재활/건강,오버헤드 프레스,10.0,18,2,94
남성,30대,78.2,중급자,재활/건강,인클라인 덤벨 프레스,20.0,16,3,97
남성,50대,68.7,중급자,재활/건강,레그 컬 머신,27.5,20,2,114
여성,20대,61.2,상급자,근비대,레그 프레스 머신,55.0,11,4,81
여성,20대,46.1,상급자,근비대,어시스트 풀업 머신,40.0,9,3,62
여성,10대,51.8,상급자,근비대,벤치프레스,30.0,12,4,61
여성,10대,37.7,초보자,스트렝스,사이드 레터럴 레이즈,7.5,5,5,172
여성,60대 이상,59.5,중급자,다이어트,오버헤드 프레스,15.0,18,3,51
남성,30대,67.1,상급자,재활/건강,인클라인 덤벨 프레스,30.0,16,2,96
여성,60대 이상,50.6,상급자,근비대,펙덱 플라이 머신,47.5,10,4,75
여성,50대,52.7,중급자,스트렝스,어시스트 풀업 머신,37.5,3,4,172
여성,10대,62.1,초보자,재활/건강,펙덱 플라이 머신,7.5,15,3,103
남성,10대,65.4,상급자,재활/건강,어시스트 풀업 머신,40.0,17,3,94
여성,10대,59.9,초보자,다이어트,워킹 런지,7.5,19,3,54
여성,40대,44.9,상급자,스트렝스,바벨 로우,32.5,5,4,145
여성,30대,53.6,중급자,재활/건강,워킹 런지,10.0,15,2,92
남성,10대,75.4,초보자,근비대,워킹 런지,22.5,10,4,90
남성,10대,87.0,초보자,다이어트,레그 익스텐션 머신,27.5,15,3,60
여성,30대,53.4,중급자,스트렝스,레그 프레스 머신,37.5,5,5,146
남성,50대,65.3,중급자,재활/건강,페이스 풀,15.0,15,2,107
남성,60대 이상,65.5,초보자,다이어트,인클라인 덤벨 프레스,15.0,20,3,30
남성,30대,73.6,중급자,다이어트,랫 풀다운 머신,52.5,20,3,56
남성,10대,91.1,중급자,다이어트,펙덱 플라이 머신,57.5,16,3,59
남성,50대,77.1,상급자,근비대,시티드 로우 머신,110.0,11,3,82
여성,30대,51.8,중급자,스트렝스,시티드 로우 머신,35.0,4,4,123
남성,50대,66.6,상급자,재활/건강,벤치프레스,30.0,20,3,93
여성,50대,56.4,상급자,근비대,오버헤드 프레스,32.5,9,4,71
남성,10대,84.6,초보자,근비대,사이드 레터럴 레이즈,27.5,9,3,86
여성,60대 이상,60.4,중급자,다이어트,레그 익스텐션 머신,25.0,17,3,51
여성,10대,57.9,초보자,재활/건강,시티드 로우 머신,7.5,16,3,117
여성,60대 이상,44.7,중급자,근비대,랫 풀다운 머신,25.0,12,3,81
남성,40대,77.4,상급자,재활/건강,바벨 스쿼트,32.5,17,3,111
여성,30대,50.2,중급자,스트렝스,오버헤드 프레스,22.5,3,5,149
남성,30대,85.0,중급자,재활/건강,어시스트 풀업 머신,32.5,19,3,104
여성,30대,58.7,초보자,다이어트,바벨 로우,7.5,17,3,34
여성,50대,55.4,상급자,근비대,바벨 로우,32.5,12,4,87
남성,50대,70.3,중급자,재활/건강,바벨 로우,17.5,16,2,108
남성,40대,69.4,상급자,재활/건강,사이드 레터럴 레이즈,27.5,19,3,99
남성,50대,74.3,상급자,재활/건강,오버헤드 프레스,27.5,19,3,98
여성,60대 이상,51.6,중급자,스트렝스,페이스 풀,22.5,3,5,145
남성,20대,76.9,중급자,근비대,레그 익스텐션 머신,65.0,9,3,81
여성,50대,58.5,초보자,근비대,숄더 프레스 머신,15.0,11,4,81
여성,50대,49.5,중급자,근비대,인클라인 덤벨 프레스,17.5,8,4,60
여성,30대,52.3,중급자,재활/건강,바벨 로우,7.5,20,3,116
남성,10대,57.7,중급자,스트렝스,루마니안 데드리프트,40.0,5,4,180
여성,30대,42.0,초보자,근비대,사이드 레터럴 레이즈,7.5,12,4,63
남성,60대 이상,82.5,상급자,스트렝스,바벨 로우,92.5,4,5,171
남성,60대 이상,68.0,초보자,스트렝스,벤치프레스,22.5,3,5,148
여성,10대,50.5,중급자,다이어트,어시스트 풀업 머신,20.0,18,3,46
여성,60대 이상,51.2,상급자,근비대,벤치프레스,32.5,11,3,88
남성,10대,70.3,초보자,근비대,워킹 런지,22.5,11,4,77
남성,50대,69.7,초보자,스트렝스,워킹 런지,25.0,4,5,172
여성,30대,41.8,중급자,재활/건강,사이드 레터럴 레이즈,7.5,17,3,97
남성,50대,78.4,초보자,재활/건강,어시스트 풀업 머신,17.5,17,2,102
남성,50대,48.2,초보자,근비대,바벨 로우,12.5,11,4,87
여성,30대,67.5,중급자,재활/건강,어시스트 풀업 머신,20.0,16,2,120
여성,10대,53.8,상급자,근비대,오버헤드 프레스,32.5,12,4,84
여성,50대,27.2,중급자,재활/건강,벤치프레스,5.0,18,3,106
여성,10대,48.6,초보자,다이어트,바벨 스쿼트,7.5,15,3,51
남성,50대,81.9,상급자,다이어트,숄더 프레스 머신,80.0,18,3,50
여성,50대,62.1,중급자,근비대,인클라인 덤벨 프레스,22.5,10,4,89
남성,60대 이상,75.7,초보자,스트렝스,벤치프레스,27.5,4,4,137
여성,60대 이상,51.3,초보자,재활/건강,인클라인 덤벨 프레스,5.0,16,2,91
남성,20대,75.6,상급자,다이어트,어시스트 풀업 머신,70.0,19,3,35
여성,40대,41.8,상급자,다이어트,바벨 스쿼트,17.5,18,3,32
남성,50대,77.0,초보자,재활/건강,레그 프레스 머신,15.0,16,3,114
남성,10대,74.2,중급자,재활/건강,레그 컬 머신,30.0,16,2,92
남성,50대,77.2,중급자,근비대,어시스트 풀업 머신,65.0,8,4,63
남성,40대,73.9,중급자,스트렝스,펙덱 플라이 머신,77.5,5,5,172
여성,10대,56.6,상급자,스트렝스,체스트 프레스 머신,60.0,3,5,126
남성,50대,73.3,중급자,재활/건강,레그 프레스 머신,30.0,20,3,103
여성,40대,67.3,상급자,다이어트,루마니안 데드리프트,32.5,19,3,55
여성,10대,57.1,상급자,스트렝스,레그 익스텐션 머신,65.0,3,5,143
남성,20대,83.7,상급자,다이어트,레그 컬 머신,82.5,19,3,48
여성,40대,62.9,초보자,근비대,루마니안 데드리프트,12.5,8,4,76
여성,10대,54.7,초보자,근비대,체스트 프레스 머신,15.0,12,3,61
남성,40대,83.6,초보자,스트렝스,랫 풀다운 머신,47.5,5,4,148
남성,30대,68.8,초보자,근비대,사이드 레터럴 레이즈,20.0,8,4,70
남성,50대,92.1,상급자,재활/건강,레그 익스텐션 머신,60.0,20,3,105
남성,10대,63.5,초보자,스트렝스,벤치프레스,22.5,3,5,134
여성,10대,66.1,중급자,스트렝스,오버헤드 프레스,27.5,4,5,179
남성,60대 이상,67.3,중급자,재활/건강,벤치프레스,17.5,18,2,91
남성,30대,66.3,중급자,근비대,레그 컬 머신,62.5,11,3,69
남성,20대,72.5,상급자,다이어트,체스트 프레스 머신,72.5,16,3,52
여성,30대,53.1,상급자,스트렝스,레그 프레스 머신,60.0,5,4,174
여성,40대,47.0,초보자,다이어트,펙덱 플라이 머신,10.0,18,3,41
여성,20대,46.9,초보자,다이어트,레그 프레스 머신,10.0,19,3,31
남성,40대,63.2,초보자,스트렝스,시티드 로우 머신,35.0,5,4,126
여성,30대,62.1,상급자,다이어트,시티드 로우 머신,40.0,18,3,35
여성,40대,47.0,초보자,다이어트,워킹 런지,7.5,18,3,37
여성,10대,73.1,중급자,다이어트,오버헤드 프레스,17.5,19,3,53
여성,40대,39.4,상급자,근비대,인클라인 덤벨 프레스,25.0,8,4,68
남성,10대,78.1,중급자,다이어트,바벨 로우,35.0,16,3,56
여성,50대,63.9,상급자,다이어트,레그 프레스 머신,40.0,18,3,46
남성,40대,43.6,상급자,재활/건강,시티드 로우 머신,27.5,18,2,98
여성,10대,53.4,중급자,재활/건강,시티드 로우 머신,12.5,19,3,110
남성,10대,71.5,상급자,스트렝스,시티드 로우 머신,112.5,4,4,122
여성,40대,55.5,초보자,다이어트,페이스 풀,7.5,17,3,47
여성,50대,64.0,상급자,재활/건강,레그 익스텐션 머신,27.5,17,2,118
여성,40대,51.0,중급자,스트렝스,바벨 로우,25.0,3,4,172
여성,30대,62.7,초보자,재활/건강,페이스 풀,5.0,15,3,101
여성,20대,52.1,초보자,다이어트,루마니안 데드리프트,7.5,18,3,46
남성,10대,87.5,중급자,재활/건강,벤치프레스,22.5,17,3,99
여성,20대,56.8,상급자,재활/건강,체스트 프레스 머신,25.0,16,2,117
남성,60대 이상,62.8,중급자,재활/건강,레그 익스텐션 머신,30.0,16,3,109
여성,30대,63.8,상급자,근비대,워킹 런지,40.0,11,4,87
여성,30대,36.2,초보자,스트렝스,사이드 레터럴 레이즈,7.5,5,5,136
여성,20대,57.8,상급자,다이어트,시티드 로우 머신,37.5,15,3,48
여성,10대,65.0,중급자,재활/건강,레그 컬 머신,17.5,18,3,97
남성,20대,73.1,초보자,재활/건강,오버헤드 프레스,10.0,16,3,92
남성,50대,75.3,초보자,재활/건강,워킹 런지,12.5,16,2,97
여성,10대,54.9,초보자,근비대,바벨 로우,10.0,10,4,67
여성,60대 이상,57.3,상급자,재활/건강,숄더 프레스 머신,22.5,17,3,106
여성,30대,46.4,상급자,근비대,인클라인 덤벨 프레스,27.5,8,4,65
남성,20대,77.1,상급자,재활/건강,랫 풀다운 머신,47.5,15,3,106
남성,60대 이상,70.5,초보자,근비대,어시스트 풀업 머신,32.5,9,4,74
남성,30대,72.8,상급자,재활/건강,펙덱 플라이 머신,45.0,17,3,95
여성,30대,45.0,상급자,재활/건강,벤치프레스,12.5,18,3,110
여성,30대,50.9,상급자,다이어트,루마니안 데드리프트,22.5,16,3,55
남성,20대,71.3,초보자,근비대,레그 익스텐션 머신,30.0,12,4,89
여성,40대,54.6,초보자,다이어트,레그 익스텐션 머신,12.5,18,3,60
남성,40대,62.0,상급자,스트렝스,벤치프레스,65.0,5,5,155
여성,30대,51.5,초보자,재활/건강,레그 프레스 머신,7.5,15,3,92
남성,30대,89.4,상급자,스트렝스,바벨 로우,100.0,5,4,166
남성,30대,78.0,초보자,재활/건강,숄더 프레스 머신,15.0,18,2,103
남성,10대,86.4,중급자,다이어트,시티드 로우 머신,52.5,18,3,58
남성,10대,66.6,중급자,스트렝스,펙덱 플라이 머신,75.0,3,4,148
남성,30대,91.2,상급자,다이어트,시티드 로우 머신,85.0,16,3,47
여성,40대,54.0,초보자,다이어트,바벨 로우,7.5,20,3,45
남성,40대,70.6,초보자,재활/건강,루마니안 데드리프트,10.0,15,2,100
여성,60대 이상,46.5,초보자,근비대,체스트 프레스 머신,12.5,10,4,77
남성,20대,85.2,초보자,재활/건강,레그 익스텐션 머신,20.0,17,2,90
남성,50대,81.4,초보자,근비대,루마니안 데드리프트,25.0,8,3,88
여성,10대,55.3,중급자,근비대,루마니안 데드리프트,22.5,8,4,80
여성,30대,50.7,상급자,스트렝스,바벨 로우,35.0,5,5,133
여성,40대,45.2,초보자,재활/건강,시티드 로우 머신,5.0,19,2,90
남성,60대 이상,83.1,상급자,근비대,벤치프레스,77.5,8,4,66
남성,30대,65.2,상급자,재활/건강,오버헤드 프레스,27.5,20,3,91
남성,20대,80.7,중급자,근비대,바벨 스쿼트,50.0,11,4,63
남성,30대,73.5,초보자,다이어트,레그 익스텐션 머신,25.0,20,3,55
남성,10대,82.9,초보자,재활/건강,바벨 스쿼트,10.0,17,3,90
여성,10대,54.0,중급자,다이어트,워킹 런지,15.0,20,3,57
남성,60대 이상,74.0,중급자,다이어트,시티드 로우 머신,50.0,15,3,44
남성,30대,61.7,초보자,다이어트,오버헤드 프레스,12.5,20,3,46
남성,40대,75.2,중급자,스트렝스,어시스트 풀업 머신,85.0,3,4,175
여성,20대,60.8,초보자,다이어트,인클라인 덤벨 프레스,7.5,17,3,34
남성,60대 이상,78.8,상급자,근비대,레그 프레스 머신,105.0,12,4,62
남성,50대,56.5,중급자,근비대,바벨 스쿼트,35.0,9,4,72
남성,60대 이상,67.6,상급자,다이어트,레그 컬 머신,70.0,17,3,51
남성,30대,90.8,초보자,재활/건강,펙덱 플라이 머신,17.5,16,3,96
여성,30대,57.3,상급자,재활/건강,사이드 레터럴 레이즈,15.0,16,3,93
여성,40대,62.3,중급자,스트렝스,체스트 프레스 머신,40.0,4,4,126
남성,30대,87.4,상급자,스트렝스,레그 컬 머신,135.0,4,5,164
여성,50대,64.1,상급자,다이어트,체스트 프레스 머신,45.0,19,3,45
남성,60대 이상,69.1,초보자,근비대,바벨 스쿼트,20.0,8,4,64
남성,50대,75.0,초보자,재활/건강,사이드 레터럴 레이즈,12.5,17,3,107
여성,60대 이상,51.4,상급자,근비대,어시스트 풀업 머신,47.5,11,3,68
남성,10대,83.0,초보자,스트렝스,루마니안 데드리프트,30.0,4,4,163
여성,50대,61.0,상급자,근비대,루마니안 데드리프트,35.0,11,3,60
남성,30대,79.6,초보자,재활/건강,어시스트 풀업 머신,20.0,17,2,99
남성,60대 이상,89.7,초보자,근비대,워킹 런지,27.5,9,3,69
여성,30대,45.4,중급자,근비대,인클라인 덤벨 프레스,17.5,11,4,72
여성,20대,51.5,중급자,근비대,인클라인 덤벨 프레스,20.0,9,3,84
여성,40대,58.5,상급자,스트렝스,레그 프레스 머신,65.0,4,4,124
여성,60대 이상,64.4,중급자,다이어트,펙덱 플라이 머신,27.5,16,3,49
남성,10대,84.8,상급자,근비대,펙덱 플라이 머신,122.5,8,3,76
여성,60대 이상,54.3,중급자,다이어트,워킹 런지,12.5,19,3,35
남성,60대 이상,78.6,초보자,스트렝스,벤치프레스,30.0,3,4,161
여성,10대,47.9,중급자,근비대,인클라인 덤벨 프레스,20.0,8,4,80
여성,50대,68.1,상급자,근비대,시티드 로우 머신,62.5,9,4,82
여성,10대,51.1,중급자,스트렝스,레그 익스텐션 머신,32.5,5,5,165
남성,50대,65.1,초보자,다이어트,사이드 레터럴 레이즈,15.0,19,3,37
여성,50대,53.3,초보자,재활/건강,숄더 프레스 머신,7.5,16,2,108
여성,30대,58.5,초보자,재활/건강,바벨 스쿼트,5.0,19,3,104
여성,20대,64.0,상급자,스트렝스,숄더 프레스 머신,67.5,5,4,171
여성,30대,52.2,중급자,다이어트,레그 프레스 머신,22.5,16,3,52
여성,60대 이상,56.1,상급자,재활/건강,바벨 스쿼트,15.0,19,2,115
남성,20대,63.0,중급자,스트렝스,워킹 런지,45.0,3,5,161
여성,60대 이상,42.6,초보자,근비대,바벨 로우,7.5,8,3,78
여성,10대,69.1,중급자,스트렝스,레그 컬 머신,47.5,5,4,134
남성,20대,64.7,상급자,다이어트,사이드 레터럴 레이즈,42.5,20,3,38
남성,20대,67.1,상급자,근비대,벤치프레스,65.0,8,3,67
남성,10대,88.1,상급자,스트렝스,체스트 프레스 머신,140.0,4,4,171
남성,30대,90.0,초보자,다이어트,체스트 프레스 머신,27.5,16,3,33
여성,60대 이상,57.6,상급자,재활/건강,페이스 풀,15.0,17,3,109
여성,50대,60.5,초보자,재활/건강,펙덱 플라이 머신,7.5,17,3,95
남성,50대,76.2,중급자,근비대,체스트 프레스 머신,70.0,9,4,79
여성,40대,56.5,중급자,스트렝스,페이스 풀,25.0,3,4,172
여성,30대,49.4,상급자,근비대,바벨 로우,30.0,10,3,78
남성,50대,69.1,상급자,근비대,바벨 스쿼트,62.5,8,4,63
여성,50대,60.1,중급자,스트렝스,벤치프레스,27.5,3,4,136
여성,40대,63.3,상급자,스트렝스,랫 풀다운 머신,70.0,4,4,176
남성,10대,72.1,초보자,스트렝스,레그 익스텐션 머신,40.0,5,4,147
여성,60대 이상,55.3,초보자,다이어트,어시스트 풀업 머신,12.5,18,3,33
여성,60대 이상,63.1,초보자,스트렝스,어시스트 풀업 머신,22.5,4,5,174
여성,50대,64.4,초보자,다이어트,숄더 프레스 머신,12.5,16,3,35
여성,30대,57.4,상급자,재활/건강,인클라인 덤벨 프레스,15.0,19,3,102
여성,50대,61.6,상급자,근비대,체스트 프레스 머신,55.0,9,4,61
남성,10대,94.9,초보자,스트렝스,사이드 레터럴 레이즈,32.5,4,5,137
남성,40대,97.0,중급자,스트렝스,바벨 로우,70.0,5,4,168
남성,60대 이상,77.2,초보자,스트렝스,워킹 런지,30.0,4,5,178
남성,50대,63.8,초보자,스트렝스,바벨 스쿼트,22.5,3,4,144
남성,20대,61.7,중급자,스트렝스,워킹 런지,42.5,3,5,168
여성,40대,50.7,초보자,다이어트,숄더 프레스 머신,10.0,17,3,49
여성,60대 이상,45.4,상급자,스트렝스,바벨 로우,32.5,4,5,120
남성,60대 이상,81.7,중급자,스트렝스,어시스트 풀업 머신,85.0,3,4,124
남성,30대,66.3,상급자,다이어트,레그 프레스 머신,65.0,17,3,58
남성,20대,73.0,초보자,스트렝스,벤치프레스,25.0,5,4,141
여성,40대,52.9,초보자,스트렝스,랫 풀다운 머신,17.5,5,4,163
여성,60대 이상,62.4,초보자,근비대,체스트 프레스 머신,17.5,11,4,70
남성,10대,73.0,상급자,근비대,오버헤드 프레스,62.5,9,4,68
여성,40대,46.7,초보자,근비대,바벨 스쿼트,7.5,8,4,87
여성,40대,70.6,초보자,재활/건강,레그 프레스 머신,7.5,18,2,116
남성,10대,78.6,초보자,근비대,사이드 레터럴 레이즈,25.0,11,4,63
여성,10대,69.0,상급자,근비대,루마니안 데드리프트,40.0,8,4,87
여성,10대,59.9,상급자,재활/건강,어시스트 풀업 머신,25.0,15,2,117
남성,30대,72.0,초보자,근비대,숄더 프레스 머신,35.0,11,3,74
남성,60대 이상,85.8,초보자,재활/건강,벤치프레스,12.5,18,2,95
남성,30대,91.1,초보자,스트렝스,시티드 로우 머신,47.5,3,4,143
여성,40대,65.0,초보자,근비대,어시스트 풀업 머신,17.5,9,4,79
여성,20대,51.9,초보자,스트렝스,레그 익스텐션 머신,17.5,4,4,170
여성,40대,31.7,중급자,스트렝스,바벨 로우,15.0,4,4,179
남성,20대,87.9,상급자,근비대,체스트 프레스 머신,120.0,12,4,69
남성,60대 이상,77.3,초보자,재활/건강,시티드 로우 머신,15.0,19,2,103
여성,40대,56.7,초보자,근비대,루마니안 데드리프트,10.0,11,4,90
남성,40대,75.5,중급자,재활/건강,레그 컬 머신,35.0,18,2,113
여성,20대,50.9,상급자,다이어트,루마니안 데드리프트,20.0,17,3,47
남성,50대,78.8,중급자,근비대,사이드 레터럴 레이즈,50.0,11,3,68
여성,60대 이상,53.3,상급자,재활/건강,바벨 스쿼트,17.5,19,2,119
여성,30대,45.1,상급자,다이어트,펙덱 플라이 머신,30.0,16,3,31
남성,50대,57.8,초보자,근비대,펙덱 플라이 머신,25.0,12,3,84
남성,20대,95.0,초보자,스트렝스,시티드 로우 머신,52.5,5,4,166
여성,40대,54.2,중급자,다이어트,랫 풀다운 머신,20.0,17,3,57
남성,30대,72.0,중급자,근비대,인클라인 덤벨 프레스,45.0,10,4,68
남성,10대,86.3,중급자,재활/건강,체스트 프레스 머신,37.5,20,2,113
여성,30대,48.2,상급자,다이어트,워킹 런지,20.0,16,3,48
남성,10대,73.0,중급자,스트렝스,오버헤드 프레스,52.5,5,5,160
남성,10대,47.6,상급자,스트렝스,벤치프레스,52.5,4,4,134
남성,30대,77.3,초보자,스트렝스,레그 익스텐션 머신,42.5,3,5,151
여성,40대,65.9,중급자,다이어트,루마니안 데드리프트,17.5,18,3,50
남성,50대,93.8,상급자,스트렝스,바벨 로우,97.5,5,4,131
남성,10대,70.8,중급자,스트렝스,워킹 런지,52.5,3,4,131
남성,50대,71.1,초보자,근비대,레그 프레스 머신,32.5,8,4,89
여성,60대 이상,50.3,중급자,스트렝스,어시스트 풀업 머신,35.0,3,5,168
남성,30대,72.4,상급자,재활/건강,레그 익스텐션 머신,45.0,18,3,98
남성,40대,73.1,초보자,재활/건강,사이드 레터럴 레이즈,10.0,20,2,102
남성,40대,68.7,초보자,근비대,레그 컬 머신,30.0,8,4,90
남성,10대,82.4,초보자,재활/건강,체스트 프레스 머신,17.5,20,3,119
남성,20대,70.2,상급자,근비대,레그 프레스 머신,100.0,12,4,68
여성,20대,60.4,상급자,재활/건강,벤치프레스,17.5,19,2,112
여성,10대,52.8,중급자,스트렝스,워킹 런지,22.5,5,5,147
여성,10대,48.6,중급자,스트렝스,사이드 레터럴 레이즈,22.5,4,4,158
남성,60대 이상,78.2,상급자,재활/건강,워킹 런지,32.5,19,3,112
남성,10대,73.7,중급자,스트렝스,벤치프레스,52.5,3,5,121
남성,60대 이상,64.7,상급자,재활/건강,레그 컬 머신,40.0,15,3,112
남성,60대 이상,67.2,초보자,재활/건강,펙덱 플라이 머신,15.0,15,3,111
남성,10대,74.6,초보자,재활/건강,사이드 레터럴 레이즈,10.0,18,2,100
여성,10대,48.9,초보자,스트렝스,레그 프레스 머신,17.5,5,5,170
남성,20대,69.1,초보자,근비대,루마니안 데드리프트,22.5,10,3,75
여성,20대,47.1,초보자,스트렝스,페이스 풀,10.0,5,4,145
여성,60대 이상,50.1,중급자,근비대,레그 프레스 머신,27.5,10,3,64
남성,50대,72.8,초보자,스트렝스,어시스트 풀업 머신,37.5,4,5,157
남성,20대,87.2,상급자,스트렝스,루마니안 데드리프트,95.0,3,5,149
여성,40대,61.5,초보자,재활/건강,루마니안 데드리프트,5.0,20,2,92
여성,40대,56.0,상급자,다이어트,오버헤드 프레스,22.5,17,3,36
여성,10대,45.8,중급자,스트렝스,어시스트 풀업 머신,30.0,3,5,129
여성,50대,49.2,초보자,다이어트,바벨 스쿼트,7.5,16,3,43
여성,60대 이상,54.4,초보자,다이어트,시티드 로우 머신,10.0,16,3,46
남성,40대,59.8,상급자,재활/건강,숄더 프레스 머신,32.5,19,2,94
남성,10대,65.4,초보자,다이어트,오버헤드 프레스,15.0,18,3,55
여성,40대,45.5,상급자,근비대,시티드 로우 머신,42.5,9,3,86
남성,40대,66.2,중급자,재활/건강,랫 풀다운 머신,30.0,15,3,106
여성,60대 이상,52.7,상급자,스트렝스,시티드 로우 머신,55.0,5,4,174
여성,40대,55.6,초보자,스트렝스,체스트 프레스 머신,20.0,4,5,149
여성,60대 이상,59.5,중급자,다이어트,사이드 레터럴 레이즈,17.5,15,3,50
여성,10대,59.6,초보자,다이어트,어시스트 풀업 머신,12.5,16,3,44
여성,60대 이상,64.2,중급자,스트렝스,레그 컬 머신,45.0,3,4,168
여성,60대 이상,64.4,중급자,근비대,레그 익스텐션 머신,35.0,9,4,78
여성,50대,50.6,중급자,재활/건강,바벨 스쿼트,7.5,16,3,96
여성,50대,53.1,중급자,재활/건강,페이스 풀,7.5,17,3,108
남성,50대,88.9,중급자,재활/건강,워킹 런지,22.5,19,2,94
남성,40대,58.5,중급자,재활/건강,체스트 프레스 머신,25.0,17,2,116
남성,40대,86.3,중급자,스트렝스,벤치프레스,65.0,5,4,123
남성,20대,67.2,상급자,스트렝스,바벨 로우,75.0,4,5,128
여성,30대,61.8,상급자,근비대,레그 프레스 머신,52.5,8,3,75
여성,20대,57.1,상급자,재활/건강,숄더 프레스 머신,25.0,20,2,110
여성,50대,50.9,상급자,다이어트,벤치프레스,20.0,17,3,40
남성,20대,68.3,중급자,재활/건강,시티드 로우 머신,27.5,20,3,113
남성,20대,83.8,상급자,근비대,페이스 풀,80.0,9,3,82
여성,10대,68.2,상급자,재활/건강,어시스트 풀업 머신,30.0,18,3,95
여성,30대,62.2,상급자,스트렝스,체스트 프레스 머신,67.5,5,4,165
여성,20대,56.5,중급자,재활/건강,펙덱 플라이 머신,17.5,16,3,95
여성,10대,44.5,중급자,재활/건강,레그 프레스 머신,12.5,18,2,105
남성,10대,85.7,상급자,재활/건강,시티드 로우 머신,47.5,15,3,96
남성,60대 이상,60.0,초보자,다이어트,루마니안 데드리프트,12.5,18,3,41
여성,50대,55.3,중급자,근비대,벤치프레스,22.5,8,3,68
남성,40대,77.2,초보자,다이어트,어시스트 풀업 머신,25.0,17,3,49
남성,50대,79.2,상급자,스트렝스,루마니안 데드리프트,87.5,5,4,147
여성,10대,55.1,상급자,스트렝스,루마니안 데드리프트,37.5,4,4,151
여성,30대,38.2,중급자,근비대,펙덱 플라이 머신,22.5,12,4,71
여성,30대,54.8,중급자,다이어트,레그 컬 머신,22.5,19,3,51
여성,30대,52.2,상급자,근비대,레그 프레스 머신,45.0,8,4,89
남성,30대,57.5,상급자,스트렝스,루마니안 데드리프트,60.0,4,4,169
여성,60대 이상,55.8,초보자,재활/건강,체스트 프레스 머신,7.5,19,2,115
여성,60대 이상,52.6,상급자,스트렝스,루마니안 데드리프트,35.0,5,5,155
남성,60대 이상,73.1,상급자,다이어트,인클라인 덤벨 프레스,45.0,15,3,44
여성,60대 이상,41.8,중급자,재활/건강,펙덱 플라이 머신,12.5,17,2,106
여성,20대,80.1,중급자,근비대,사이드 레터럴 레이즈,30.0,10,3,90
여성,60대 이상,56.1,중급자,재활/건강,바벨 스쿼트,10.0,15,3,118
남성,10대,72.3,상급자,스트렝스,펙덱 플라이 머신,115.0,3,4,165
남성,60대 이상,66.3,중급자,스트렝스,숄더 프레스 머신,72.5,4,5,147
남성,30대,77.7,초보자,다이어트,체스트 프레스 머신,27.5,18,3,30
여성,50대,63.7,중급자,스트렝스,바벨 로우,30.0,4,4,142
남성,10대,74.1,상급자,재활/건강,페이스 풀,27.5,16,3,120
남성,60대 이상,78.8,상급자,다이어트,페이스 풀,50.0,15,3,57
남성,60대 이상,61.4,초보자,재활/건강,레그 프레스 머신,12.5,17,2,98
여성,10대,71.7,상급자,다이어트,바벨 스쿼트,30.0,18,3,47
여성,20대,49.7,상급자,스트렝스,레그 익스텐션 머신,55.0,3,5,170
여성,30대,53.5,상급자,근비대,오버헤드 프레스,35.0,10,4,70
여성,50대,55.0,상급자,근비대,펙덱 플라이 머신,52.5,8,4,83
남성,10대,75.0,초보자,다이어트,바벨 로우,17.5,19,3,50
남성,10대,78.3,초보자,스트렝스,어시스트 풀업 머신,45.0,4,4,123
여성,10대,57.9,중급자,스트렝스,인클라인 덤벨 프레스,25.0,3,5,170
남성,60대 이상,79.1,중급자,재활/건강,워킹 런지,25.0,16,2,108
남성,40대,85.9,초보자,스트렝스,바벨 로우,30.0,5,5,130
여성,20대,57.8,초보자,근비대,레그 프레스 머신,15.0,9,4,88
여성,50대,57.0,초보자,재활/건강,루마니안 데드리프트,5.0,17,3,115
여성,40대,53.0,상급자,재활/건강,페이스 풀,15.0,18,3,107
남성,30대,62.9,상급자,재활/건강,레그 익스텐션 머신,37.5,18,2,109
남성,20대,92.1,상급자,근비대,바벨 스쿼트,80.0,12,4,64
남성,60대 이상,66.4,초보자,다이어트,펙덱 플라이 머신,22.5,18,3,53
여성,30대,61.1,중급자,근비대,랫 풀다운 머신,32.5,11,3,82
여성,20대,32.3,중급자,재활/건강,바벨 로우,5.0,15,2,120
여성,30대,54.1,중급자,근비대,시티드 로우 머신,30.0,12,4,87
여성,10대,49.6,중급자,재활/건강,펙덱 플라이 머신,12.5,15,3,120
여성,10대,44.0,초보자,스트렝스,바벨 로우,10.0,4,4,148
여성,50대,57.3,초보자,재활/건강,워킹 런지,5.0,19,3,104
여성,20대,44.6,상급자,재활/건강,바벨 스쿼트,10.0,19,2,91
여성,10대,54.4,상급자,근비대,페이스 풀,32.5,12,3,64
남성,20대,87.4,중급자,다이어트,인클라인 덤벨 프레스,42.5,15,3,33
남성,30대,70.0,중급자,근비대,루마니안 데드리프트,40.0,10,4,64
남성,40대,49.3,중급자,다이어트,체스트 프레스 머신,30.0,15,3,36
남성,10대,102.4,상급자,다이어트,레그 프레스 머신,97.5,15,3,46
남성,40대,69.0,중급자,스트렝스,어시스트 풀업 머신,77.5,3,4,177
남성,20대,75.9,상급자,근비대,랫 풀다운 머신,100.0,12,3,64
남성,30대,82.1,중급자,다이어트,레그 익스텐션 머신,55.0,15,3,46
여성,50대,54.3,초보자,다이어트,숄더 프레스 머신,10.0,19,3,60
여성,10대,55.9,중급자,재활/건강,레그 컬 머신,12.5,17,3,102
남성,20대,76.8,중급자,근비대,사이드 레터럴 레이즈,45.0,8,3,74
남성,50대,85.8,상급자,다이어트,랫 풀다운 머신,82.5,20,3,52
남성,40대,72.6,상급자,재활/건강,인클라인 덤벨 프레스,35.0,18,3,101
여성,40대,63.5,중급자,다이어트,펙덱 플라이 머신,27.5,17,3,41
남성,60대 이상,76.5,상급자,스트렝스,숄더 프레스 머신,122.5,3,4,150
여성,30대,45.5,상급자,재활/건강,펙덱 플라이 머신,20.0,20,2,116
여성,20대,50.7,중급자,다이어트,레그 컬 머신,20.0,18,3,53
남성,10대,65.7,상급자,다이어트,레그 익스텐션 머신,70.0,20,3,55
남성,10대,86.9,상급자,스트렝스,페이스 풀,92.5,5,5,133
남성,40대,82.3,상급자,다이어트,바벨 로우,55.0,20,3,45
여성,20대,52.5,상급자,재활/건강,워킹 런지,15.0,16,3,115
여성,10대,57.4,초보자,다이어트,인클라인 덤벨 프레스,7.5,16,3,46
여성,40대,62.8,중급자,근비대,바벨 로우,25.0,12,4,70
여성,50대,61.1,상급자,재활/건강,숄더 프레스 머신,25.0,19,2,90
남성,50대,65.7,상급자,다이어트,랫 풀다운 머신,62.5,18,3,57
남성,30대,66.8,초보자,다이어트,오버헤드 프레스,15.0,15,3,47
여성,40대,55.8,초보자,근비대,레그 프레스 머신,17.5,10,4,72
여성,60대 이상,46.5,중급자,다이어트,루마니안 데드리프트,12.5,17,3,36
여성,40대,57.5,상급자,근비대,숄더 프레스 머신,50.0,12,3,63
여성,60대 이상,54.1,상급자,스트렝스,레그 익스텐션 머신,55.0,3,4,125
여성,60대 이상,62.5,중급자,재활/건강,바벨 스쿼트,12.5,20,3,93
남성,40대,71.5,중급자,스트렝스,시티드 로우 머신,77.5,4,5,164
남성,30대,91.7,상급자,재활/건강,인클라인 덤벨 프레스,35.0,19,2,112
남성,10대,76.1,초보자,다이어트,벤치프레스,17.5,18,3,51
남성,10대,75.1,상급자,근비대,사이드 레터럴 레이즈,67.5,8,3,74
남성,10대,89.1,초보자,다이어트,펙덱 플라이 머신,30.0,15,3,60
여성,50대,60.2,중급자,스트렝스,인클라인 덤벨 프레스,27.5,3,5,127
남성,60대 이상,56.6,상급자,재활/건강,오버헤드 프레스,27.5,20,2,115
여성,10대,51.2,중급자,재활/건강,페이스 풀,7.5,16,3,114
남성,10대,83.7,초보자,재활/건강,인클라인 덤벨 프레스,12.5,18,2,114
남성,40대,77.0,중급자,다이어트,루마니안 데드리프트,32.5,16,3,39
남성,50대,89.2,중급자,재활/건강,사이드 레터럴 레이즈,22.5,15,2,95
남성,10대,79.5,중급자,다이어트,레그 프레스 머신,55.0,20,3,59
여성,40대,52.9,중급자,근비대,펙덱 플라이 머신,30.0,10,3,75
여성,20대,57.5,중급자,재활/건강,오버헤드 프레스,10.0,15,2,103
남성,10대,78.4,상급자,스트렝스,시티드 로우 머신,120.0,3,4,157
남성,60대 이상,76.2,상급자,다이어트,레그 익스텐션 머신,77.5,17,3,48
남성,60대 이상,75.4,초보자,재활/건강,숄더 프레스 머신,15.0,19,3,100
여성,60대 이상,47.4,초보자,근비대,벤치프레스,7.5,9,3,89
남성,10대,85.0,중급자,스트렝스,레그 컬 머신,87.5,3,5,177
여성,60대 이상,53.4,중급자,근비대,인클라인 덤벨 프레스,20.0,9,4,74
여성,40대,66.3,상급자,근비대,레그 익스텐션 머신,60.0,12,4,82
여성,60대 이상,63.7,초보자,재활/건강,시티드 로우 머신,7.5,19,2,94
여성,30대,60.3,초보자,다이어트,사이드 레터럴 레이즈,7.5,17,3,35
남성,20대,73.2,상급자,스트렝스,펙덱 플라이 머신,112.5,4,5,137
남성,10대,87.3,중급자,근비대,사이드 레터럴 레이즈,55.0,11,4,79
여성,50대,54.4,중급자,다이어트,레그 프레스 머신,22.5,17,3,60
남성,40대,74.5,상급자,스트렝스,인클라인 덤벨 프레스,82.5,3,5,164
여성,50대,57.1,초보자,스트렝스,레그 프레스 머신,20.0,3,5,147
남성,10대,65.6,상급자,스트렝스,숄더 프레스 머신,102.5,4,4,173
남성,40대,74.1,초보자,다이어트,펙덱 플라이 머신,25.0,18,3,34
여성,10대,56.3,초보자,스트렝스,사이드 레터럴 레이즈,12.5,4,5,135
남성,50대,88.4,중급자,근비대,루마니안 데드리프트,55.0,12,4,64
여성,10대,48.3,초보자,다이어트,벤치프레스,5.0,20,3,56
남성,20대,80.9,중급자,재활/건강,숄더 프레스 머신,30.0,19,2,97
남성,60대 이상,81.0,중급자,재활/건강,시티드 로우 머신,32.5,17,2,96
여성,20대,55.8,중급자,스트렝스,시티드 로우 머신,37.5,4,5,120
남성,30대,71.8,중급자,재활/건강,오버헤드 프레스,17.5,15,2,104
남성,20대,75.2,상급자,근비대,오버헤드 프레스,70.0,12,4,81
여성,60대 이상,55.1,중급자,근비대,사이드 레터럴 레이즈,20.0,8,3,72
남성,20대,75.2,초보자,다이어트,어시스트 풀업 머신,25.0,16,3,55
여성,30대,59.4,초보자,근비대,레그 익스텐션 머신,17.5,10,4,63
여성,50대,61.1,초보자,재활/건강,레그 프레스 머신,10.0,17,3,115
남성,60대 이상,54.3,중급자,재활/건강,오버헤드 프레스,15.0,18,2,119
남성,20대,73.3,초보자,재활/건강,숄더 프레스 머신,17.5,20,3,113
여성,40대,42.8,중급자,다이어트,시티드 로우 머신,17.5,19,3,40
여성,50대,52.2,중급자,재활/건강,체스트 프레스 머신,15.0,20,2,108
여성,10대,50.5,상급자,스트렝스,사이드 레터럴 레이즈,35.0,5,5,149
남성,50대,75.5,상급자,다이어트,숄더 프레스 머신,75.0,17,3,56
여성,30대,64.7,중급자,근비대,숄더 프레스 머신,35.0,10,4,86
여성,60대 이상,61.7,상급자,근비대,어시스트 풀업 머신,52.5,9,3,79
남성,40대,68.7,중급자,근비대,어시스트 풀업 머신,62.5,12,4,71
여성,10대,46.5,상급자,근비대,루마니안 데드리프트,27.5,12,3,62
남성,40대,88.0,상급자,재활/건강,바벨 로우,32.5,17,3,119
여성,30대,66.1,상급자,재활/건강,레그 익스텐션 머신,27.5,16,2,116
남성,30대,71.2,중급자,스트렝스,페이스 풀,52.5,3,5,128
여성,40대,54.6,상급자,근비대,레그 컬 머신,50.0,10,3,80
남성,60대 이상,68.0,초보자,스트렝스,오버헤드 프레스,25.0,3,5,125
여성,10대,62.9,상급자,다이어트,벤치프레스,27.5,15,3,39
여성,50대,53.3,중급자,스트렝스,숄더 프레스 머신,35.0,5,4,162
여성,30대,50.9,상급자,재활/건강,레그 익스텐션 머신,22.5,17,2,109
여성,10대,58.8,초보자,근비대,루마니안 데드리프트,10.0,10,3,66
남성,10대,70.6,중급자,다이어트,체스트 프레스 머신,42.5,19,3,59
남성,20대,82.9,중급자,다이어트,바벨 스쿼트,35.0,15,3,60
여성,50대,50.8,상급자,근비대,펙덱 플라이 머신,45.0,9,3,83
여성,10대,40.9,상급자,근비대,시티드 로우 머신,37.5,8,4,90
여성,60대 이상,56.5,중급자,재활/건강,펙덱 플라이 머신,15.0,20,3,97
남성,60대 이상,77.8,초보자,근비대,레그 익스텐션 머신,37.5,11,3,68
남성,30대,80.2,중급자,다이어트,벤치프레스,37.5,17,3,41
여성,40대,48.7,상급자,다이어트,랫 풀다운 머신,30.0,15,3,33
여성,30대,60.4,중급자,다이어트,벤치프레스,15.0,19,3,32
여성,40대,34.1,초보자,다이어트,오버헤드 프레스,5.0,19,3,55
여성,40대,52.3,상급자,스트렝스,인클라인 덤벨 프레스,37.5,3,4,122
남성,60대 이상,84.1,상급자,근비대,벤치프레스,72.5,11,4,71
남성,40대,84.0,중급자,다이어트,사이드 레터럴 레이즈,35.0,16,3,39
여성,20대,54.1,상급자,근비대,페이스 풀,32.5,9,3,66
여성,50대,54.5,초보자,다이어트,워킹 런지,7.5,20,3,35
여성,60대 이상,56.5,중급자,다이어트,어시스트 풀업 머신,25.0,20,3,40
여성,60대 이상,45.7,중급자,다이어트,어시스트 풀업 머신,17.5,20,3,52
여성,10대,46.1,상급자,근비대,벤치프레스,30.0,9,4,90
여성,10대,56.2,중급자,재활/건강,벤치프레스,10.0,17,3,91
여성,20대,41.7,초보자,재활/건강,워킹 런지,5.0,20,2,91
남성,10대,72.5,중급자,다이어트,페이스 풀,30.0,19,3,41
남성,10대,77.0,상급자,스트렝스,페이스 풀,80.0,3,4,149
남성,30대,66.7,중급자,재활/건강,어시스트 풀업 머신,30.0,15,3,106
여성,50대,70.7,초보자,다이어트,레그 익스텐션 머신,15.0,18,3,32
여성,50대,57.6,상급자,근비대,벤치프레스,32.5,12,4,78
여성,40대,54.6,초보자,재활/건강,사이드 레터럴 레이즈,5.0,19,3,104
남성,40대,81.5,중급자,스트렝스,레그 프레스 머신,92.5,4,5,169
여성,30대,57.6,상급자,다이어트,오버헤드 프레스,25.0,19,3,36
남성,10대,79.7,상급자,다이어트,바벨 로우,55.0,17,3,59
여성,10대,46.1,상급자,재활/건강,체스트 프레스 머신,20.0,17,3,120
남성,40대,79.8,초보자,근비대,레그 프레스 머신,37.5,11,3,85
여성,40대,52.5,상급자,근비대,펙덱 플라이 머신,47.5,10,3,63
남성,30대,86.9,초보자,스트렝스,체스트 프레스 머신,45.0,5,4,179
남성,60대 이상,78.6,초보자,다이어트,워킹 런지,17.5,18,3,54
여성,20대,59.4,중급자,다이어트,체스트 프레스 머신,22.5,20,3,54
남성,40대,61.8,중급자,스트렝스,오버헤드 프레스,47.5,3,5,165
여성,60대 이상,54.0,초보자,스트렝스,어시스트 풀업 머신,17.5,4,4,124
여성,60대 이상,62.7,중급자,재활/건강,레그 프레스 머신,15.0,15,3,117
남성,20대,54.2,초보자,근비대,레그 익스텐션 머신,22.5,10,4,63
남성,50대,81.5,중급자,스트렝스,레그 익스텐션 머신,90.0,4,5,159
남성,50대,75.8,상급자,근비대,바벨 로우,65.0,10,3,64
남성,40대,82.4,상급자,근비대,랫 풀다운 머신,105.0,11,4,90
남성,10대,63.2,초보자,재활/건강,바벨 로우,7.5,19,3,101
여성,50대,47.9,중급자,스트렝스,어시스트 풀업 머신,32.5,5,4,136
남성,30대,72.1,초보자,스트렝스,펙덱 플라이 머신,40.0,5,4,125
여성,40대,66.6,중급자,스트렝스,인클라인 덤벨 프레스,30.0,3,5,127
남성,60대 이상,44.5,중급자,스트렝스,벤치프레스,32.5,3,4,154
여성,40대,60.5,중급자,다이어트,시티드 로우 머신,25.0,17,3,54
남성,10대,85.5,중급자,다이어트,체스트 프레스 머신,57.5,19,3,43
남성,30대,100.5,상급자,다이어트,벤치프레스,62.5,15,3,45
여성,10대,43.4,중급자,스트렝스,벤치프레스,17.5,5,5,172
남성,10대,79.9,상급자,다이어트,체스트 프레스 머신,82.5,20,3,57
여성,40대,52.2,상급자,근비대,벤치프레스,32.5,9,3,60
남성,30대,74.1,중급자,재활/건강,레그 익스텐션 머신,35.0,17,3,95
남성,20대,64.4,초보자,재활/건강,어시스트 풀업 머신,15.0,19,3,93
남성,40대,82.8,중급자,근비대,바벨 스쿼트,50.0,11,3,74
남성,20대,80.3,중급자,다이어트,워킹 런지,35.0,18,3,56
남성,50대,59.9,초보자,재활/건강,인클라인 덤벨 프레스,7.5,16,3,91
여성,10대,50.2,중급자,근비대,펙덱 플라이 머신,27.5,11,3,88
여성,30대,57.9,초보자,재활/건강,레그 컬 머신,7.5,15,2,92
남성,10대,76.3,중급자,다이어트,숄더 프레스 머신,47.5,20,3,37
여성,60대 이상,57.9,초보자,재활/건강,워킹 런지,5.0,17,3,93
남성,20대,92.4,중급자,스트렝스,어시스트 풀업 머신,95.0,3,4,180
여성,50대,77.4,중급자,재활/건강,레그 컬 머신,20.0,20,3,95
남성,50대,85.5,중급자,재활/건강,체스트 프레스 머신,35.0,16,3,102
남성,60대 이상,70.5,중급자,스트렝스,루마니안 데드리프트,47.5,3,4,145
여성,50대,48.5,초보자,근비대,벤치프레스,10.0,9,3,64
여성,60대 이상,57.6,상급자,다이어트,레그 프레스 머신,37.5,15,3,40
남성,40대,74.4,중급자,근비대,레그 프레스 머신,70.0,10,3,87
남성,60대 이상,76.8,중급자,스트렝스,바벨 스쿼트,57.5,4,5,140
여성,30대,60.3,초보자,근비대,펙덱 플라이 머신,17.5,9,4,61
여성,50대,45.3,중급자,스트렝스,시티드 로우 머신,30.0,5,5,137
남성,20대,64.6,상급자,스트렝스,레그 프레스 머신,102.5,3,4,137
남성,10대,85.0,상급자,근비대,레그 프레스 머신,112.5,11,4,76
남성,30대,74.1,중급자,근비대,레그 컬 머신,65.0,9,3,74
여성,30대,47.9,상급자,근비대,펙덱 플라이 머신,42.5,9,4,67
여성,20대,66.9,초보자,근비대,레그 컬 머신,20.0,8,3,79
여성,40대,72.3,초보자,스트렝스,체스트 프레스 머신,25.0,4,4,137
남성,60대 이상,65.3,상급자,스트렝스,바벨 로우,72.5,4,5,138
남성,10대,95.7,중급자,재활/건강,사이드 레터럴 레이즈,25.0,16,2,116
남성,10대,88.4,초보자,재활/건강,랫 풀다운 머신,20.0,15,3,105
여성,30대,49.6,중급자,스트렝스,레그 프레스 머신,35.0,5,4,176
남성,60대 이상,62.2,상급자,다이어트,벤치프레스,40.0,16,3,39
남성,50대,79.3,초보자,근비대,루마니안 데드리프트,22.5,11,4,81
남성,20대,69.7,상급자,근비대,워킹 런지,62.5,11,4,68
여성,20대,49.7,상급자,다이어트,루마니안 데드리프트,22.5,20,3,49
여성,30대,59.0,초보자,다이어트,숄더 프레스 머신,12.5,20,3,44
남성,20대,78.9,상급자,근비대,오버헤드 프레스,75.0,10,4,80
여성,10대,66.7,상급자,스트렝스,레그 컬 머신,75.0,4,5,154
여성,50대,62.5,중급자,스트렝스,레그 프레스 머신,40.0,4,5,160
남성,10대,96.4,상급자,다이어트,오버헤드 프레스,62.5,15,3,39
남성,60대 이상,66.1,초보자,다이어트,레그 프레스 머신,22.5,16,3,46
여성,60대 이상,38.4,상급자,스트렝스,어시스트 풀업 머신,42.5,4,5,155
여성,50대,45.9,중급자,스트렝스,오버헤드 프레스,20.0,4,4,153
여성,20대,66.2,초보자,스트렝스,페이스 풀,15.0,5,4,178
여성,60대 이상,41.2,중급자,재활/건강,시티드 로우 머신,12.5,19,2,105
남성,40대,92.6,초보자,스트렝스,오버헤드 프레스,35.0,4,5,178
남성,20대,79.0,중급자,스트렝스,시티드 로우 머신,82.5,4,4,179
여성,10대,51.1,초보자,다이어트,랫 풀다운 머신,10.0,19,3,44
남성,60대 이상,65.8,중급자,다이어트,루마니안 데드리프트,27.5,18,3,40
여성,10대,44.4,초보자,스트렝스,레그 컬 머신,15.0,3,5,167
여성,30대,57.2,상급자,다이어트,레그 컬 머신,37.5,17,3,37
여성,60대 이상,50.6,중급자,재활/건강,시티드 로우 머신,15.0,16,2,119
남성,30대,55.9,상급자,근비대,레그 익스텐션 머신,75.0,8,3,65
남성,40대,54.7,초보자,다이어트,체스트 프레스 머신,20.0,19,3,35
여성,50대,60.5,상급자,다이어트,어시스트 풀업 머신,42.5,20,3,59
여성,10대,61.8,초보자,스트렝스,워킹 런지,15.0,3,4,153
남성,40대,73.7,초보자,스트렝스,숄더 프레스 머신,37.5,3,5,177
여성,40대,57.9,중급자,다이어트,루마니안 데드리프트,15.0,19,3,42
남성,30대,73.4,상급자,재활/건강,레그 컬 머신,52.5,16,3,120
남성,60대 이상,89.9,중급자,재활/건강,워킹 런지,27.5,19,2,116
남성,20대,84.2,중급자,스트렝스,숄더 프레스 머신,90.0,3,5,145
남성,50대,66.4,중급자,근비대,인클라인 덤벨 프레스,40.0,12,4,61
남성,30대,77.3,초보자,재활/건강,펙덱 플라이 머신,17.5,19,2,105
여성,30대,38.8,초보자,근비대,벤치프레스,7.5,9,3,69
여성,20대,48.5,중급자,근비대,오버헤드 프레스,17.5,10,3,78
남성,10대,87.6,초보자,근비대,랫 풀다운 머신,40.0,10,4,86
남성,30대,65.5,상급자,재활/건강,랫 풀다운 머신,45.0,18,2,101
남성,40대,76.8,중급자,재활/건강,바벨 스쿼트,17.5,18,2,107
여성,40대,69.2,초보자,근비대,벤치프레스,12.5,8,3,90
여성,50대,61.9,상급자,다이어트,레그 컬 머신,42.5,16,3,57
여성,20대,62.5,초보자,스트렝스,시티드 로우 머신,22.5,5,5,162
여성,10대,55.5,상급자,다이어트,체스트 프레스 머신,40.0,18,3,36
남성,60대 이상,70.9,중급자,재활/건강,숄더 프레스 머신,32.5,17,2,92
여성,10대,52.8,상급자,재활/건강,어시스트 풀업 머신,20.0,17,2,100
여성,40대,62.4,상급자,근비대,워킹 런지,37.5,9,3,63
남성,60대 이상,63.9,상급자,다이어트,어시스트 풀업 머신,60.0,15,3,43
여성,40대,40.6,상급자,스트렝스,인클라인 덤벨 프레스,30.0,5,5,134
남성,20대,62.0,중급자,재활/건강,오버헤드 프레스,17.5,18,2,90
남성,30대,74.6,초보자,재활/건강,레그 익스텐션 머신,15.0,20,3,115
남성,60대 이상,80.0,중급자,스트렝스,벤치프레스,57.5,3,4,164
여성,30대,54.3,상급자,근비대,벤치프레스,32.5,9,4,78
여성,60대 이상,59.4,상급자,근비대,페이스 풀,37.5,8,4,66
남성,30대,61.4,초보자,다이어트,레그 프레스 머신,20.0,16,3,31
여성,40대,37.9,상급자,다이어트,어시스트 풀업 머신,22.5,16,3,31
남성,50대,91.0,초보자,근비대,바벨 로우,27.5,8,3,79
남성,60대 이상,84.4,중급자,다이어트,사이드 레터럴 레이즈,37.5,16,3,46
여성,10대,62.6,상급자,재활/건강,레그 프레스 머신,27.5,17,3,91
여성,30대,56.7,중급자,다이어트,레그 익스텐션 머신,22.5,18,3,58
남성,40대,77.7,상급자,근비대,레그 익스텐션 머신,110.0,11,3,90
여성,40대,58.3,초보자,스트렝스,레그 프레스 머신,20.0,4,4,124
남성,20대,87.1,초보자,재활/건강,인클라인 덤벨 프레스,10.0,20,3,95
여성,10대,58.6,중급자,다이어트,벤치프레스,15.0,17,3,47
남성,40대,73.6,중급자,재활/건강,워킹 런지,22.5,17,3,90
남성,10대,94.8,중급자,스트렝스,체스트 프레스 머신,100.0,3,5,130
여성,60대 이상,48.5,상급자,근비대,바벨 스쿼트,30.0,9,3,90
남성,30대,68.8,초보자,스트렝스,레그 익스텐션 머신,37.5,4,5,148
남성,40대,84.9,중급자,근비대,펙덱 플라이 머신,72.5,9,4,74
여성,50대,66.6,상급자,근비대,레그 익스텐션 머신,62.5,11,4,89
남성,40대,89.4,초보자,스트렝스,인클라인 덤벨 프레스,32.5,4,5,125
남성,10대,70.6,초보자,스트렝스,펙덱 플라이 머신,40.0,3,4,161
여성,50대,55.5,상급자,근비대,루마니안 데드리프트,30.0,9,4,76
남성,60대 이상,89.1,초보자,스트렝스,오버헤드 프레스,32.5,5,5,171
남성,40대,62.7,상급자,스트렝스,레그 컬 머신,102.5,5,4,143
여성,50대,58.0,중급자,근비대,루마니안 데드리프트,20.0,9,3,81
남성,40대,69.6,초보자,근비대,숄더 프레스 머신,30.0,8,3,66
여성,50대,55.5,중급자,근비대,바벨 로우,22.5,10,3,90
여성,30대,52.9,상급자,근비대,랫 풀다운 머신,50.0,12,4,71
여성,20대,58.5,중급자,다이어트,레그 컬 머신,25.0,18,3,54
여성,60대 이상,45.7,중급자,근비대,인클라인 덤벨 프레스,17.5,10,3,89
여성,10대,66.4,상급자,재활/건강,워킹 런지,17.5,17,3,90
여성,50대,52.7,중급자,다이어트,오버헤드 프레스,15.0,16,3,46
여성,10대,50.1,상급자,재활/건강,시티드 로우 머신,17.5,17,3,106
여성,10대,65.1,초보자,근비대,인클라인 덤벨 프레스,12.5,12,4,65
남성,20대,77.6,중급자,다이어트,워킹 런지,32.5,18,3,55
여성,30대,58.7,중급자,재활/건강,시티드 로우 머신,12.5,18,3,109
남성,20대,68.5,중급자,다이어트,사이드 레터럴 레이즈,32.5,19,3,48
남성,30대,91.7,상급자,재활/건강,페이스 풀,37.5,18,3,117
남성,40대,70.9,상급자,다이어트,시티드 로우 머신,67.5,20,3,32
여성,60대 이상,58.9,중급자,다이어트,레그 컬 머신,25.0,20,3,30
남성,30대,94.0,상급자,재활/건강,사이드 레터럴 레이즈,42.5,16,2,94
여성,60대 이상,54.4,초보자,근비대,페이스 풀,10.0,10,3,86
남성,20대,64.7,상급자,근비대,시티드 로우 머신,85.0,10,4,84
남성,40대,61.2,중급자,다이어트,사이드 레터럴 레이즈,25.0,16,3,53
여성,50대,46.3,상급자,스트렝스,시티드 로우 머신,50.0,4,4,120
남성,30대,80.4,중급자,재활/건강,숄더 프레스 머신,35.0,16,2,110
여성,20대,62.9,상급자,스트렝스,어시스트 풀업 머신,70.0,4,5,166
여성,10대,53.3,상급자,근비대,랫 풀다운 머신,47.5,10,3,90
남성,40대,64.8,중급자,근비대,사이드 레터럴 레이즈,37.5,9,4,81
여성,60대 이상,54.9,초보자,재활/건강,루마니안 데드리프트,5.0,20,2,118
남성,30대,74.6,초보자,근비대,페이스 풀,22.5,12,4,84
여성,50대,58.6,중급자,재활/건강,오버헤드 프레스,10.0,16,3,100
여성,10대,56.0,중급자,스트렝스,오버헤드 프레스,25.0,3,5,166
여성,40대,44.9,상급자,스트렝스,레그 컬 머신,47.5,5,4,150
남성,40대,76.3,중급자,재활/건강,레그 익스텐션 머신,27.5,16,2,101
여성,50대,57.3,상급자,스트렝스,펙덱 플라이 머신,65.0,5,5,151
남성,40대,70.6,상급자,다이어트,바벨 로우,42.5,17,3,50
남성,20대,88.7,상급자,재활/건강,시티드 로우 머신,57.5,18,3,115
남성,20대,78.6,초보자,스트렝스,벤치프레스,27.5,3,5,154
남성,30대,70.0,초보자,다이어트,워킹 런지,17.5,20,3,46
남성,50대,56.5,중급자,스트렝스,레그 컬 머신,57.5,4,4,178
남성,50대,67.1,중급자,근비대,페이스 풀,40.0,9,4,77
여성,40대,62.3,중급자,다이어트,루마니안 데드리프트,17.5,16,3,47
남성,50대,76.9,초보자,스트렝스,사이드 레터럴 레이즈,27.5,3,5,147
여성,30대,49.9,중급자,스트렝스,어시스트 풀업 머신,32.5,4,5,120
여성,60대 이상,46.9,상급자,다이어트,펙덱 플라이 머신,30.0,15,3,54
여성,20대,39.7,상급자,재활/건강,사이드 레터럴 레이즈,12.5,20,3,97
남성,40대,73.6,상급자,스트렝스,벤치프레스,80.0,3,4,135
여성,60대 이상,57.1,초보자,다이어트,워킹 런지,7.5,15,3,40
남성,40대,71.5,중급자,근비대,바벨 스쿼트,42.5,11,4,64
여성,20대,54.0,초보자,다이어트,사이드 레터럴 레이즈,7.5,18,3,31
남성,10대,60.9,상급자,근비대,숄더 프레스 머신,85.0,10,3,62
여성,30대,63.0,상급자,다이어트,체스트 프레스 머신,42.5,18,3,36
남성,50대,61.3,중급자,재활/건강,벤치프레스,17.5,16,3,101
여성,40대,57.8,상급자,스트렝스,펙덱 플라이 머신,62.5,3,5,128
남성,10대,74.2,초보자,재활/건강,체스트 프레스 머신,15.0,16,2,103
여성,10대,30.9,초보자,다이어트,사이드 레터럴 레이즈,5.0,17,3,48
여성,60대 이상,37.2,상급자,스트렝스,레그 프레스 머신,40.0,4,4,164
남성,50대,70.2,중급자,스트렝스,펙덱 플라이 머신,77.5,4,4,179
여성,20대,50.9,초보자,근비대,시티드 로우 머신,12.5,11,3,60
남성,10대,60.1,중급자,다이어트,레그 프레스 머신,42.5,20,3,37
여성,20대,51.1,상급자,재활/건강,숄더 프레스 머신,20.0,17,2,91
여성,30대,58.0,상급자,근비대,레그 익스텐션 머신,52.5,11,4,68
남성,40대,69.4,상급자,근비대,펙덱 플라이 머신,97.5,10,3,78
여성,40대,56.5,초보자,다이어트,바벨 로우,7.5,16,3,36
여성,30대,47.6,중급자,근비대,숄더 프레스 머신,27.5,8,3,85
여성,30대,58.7,상급자,재활/건강,랫 풀다운 머신,25.0,18,3,109
남성,10대,73.4,초보자,스트렝스,숄더 프레스 머신,37.5,5,5,134
여성,40대,76.5,초보자,다이어트,시티드 로우 머신,15.0,16,3,37
여성,10대,56.9,초보자,재활/건강,오버헤드 프레스,5.0,18,3,97
남성,50대,71.6,중급자,다이어트,루마니안 데드리프트,35.0,19,3,53
여성,40대,53.2,중급자,스트렝스,체스트 프레스 머신,37.5,5,4,161
남성,50대,81.9,상급자,스트렝스,워킹 런지,85.0,4,5,142
남성,10대,77.1,상급자,근비대,루마니안 데드리프트,67.5,12,4,68
남성,50대,92.0,중급자,스트렝스,페이스 풀,67.5,4,5,145
남성,60대 이상,87.6,초보자,스트렝스,워킹 런지,30.0,4,4,132
여성,40대,47.2,초보자,근비대,체스트 프레스 머신,15.0,10,3,81
여성,10대,64.3,상급자,스트렝스,오버헤드 프레스,47.5,5,5,174
여성,10대,56.6,중급자,스트렝스,펙덱 플라이 머신,37.5,4,4,174
여성,40대,45.3,초보자,스트렝스,시티드 로우 머신,15.0,3,5,176
여성,20대,52.9,중급자,다이어트,사이드 레터럴 레이즈,12.5,15,3,30
남성,10대,73.4,상급자,근비대,레그 컬 머신,105.0,11,3,79
남성,60대 이상,86.4,상급자,근비대,시티드 로우 머신,112.5,11,4,89
여성,20대,50.8,상급자,재활/건강,바벨 스쿼트,15.0,17,3,100
여성,60대 이상,60.4,중급자,다이어트,루마니안 데드리프트,17.5,16,3,57
여성,10대,66.7,상급자,재활/건강,체스트 프레스 머신,25.0,17,3,117
남성,30대,74.7,초보자,다이어트,레그 익스텐션 머신,25.0,19,3,36
여성,10대,43.5,중급자,재활/건강,인클라인 덤벨 프레스,7.5,17,3,104
여성,40대,60.3,초보자,근비대,오버헤드 프레스,10.0,11,3,87
여성,50대,46.2,초보자,재활/건강,랫 풀다운 머신,7.5,17,2,117
남성,50대,85.9,초보자,근비대,레그 익스텐션 머신,40.0,9,3,82
여성,10대,53.6,상급자,다이어트,숄더 프레스 머신,37.5,19,3,56
여성,60대 이상,48.9,중급자,근비대,인클라인 덤벨 프레스,17.5,8,3,64
남성,10대,70.7,상급자,다이어트,사이드 레터럴 레이즈,45.0,17,3,44
여성,20대,63.9,상급자,근비대,오버헤드 프레스,37.5,12,4,90
남성,10대,67.7,초보자,재활/건강,페이스 풀,10.0,18,3,118
여성,20대,60.9,초보자,재활/건강,레그 익스텐션 머신,7.5,16,3,99
여성,40대,39.9,중급자,스트렝스,인클라인 덤벨 프레스,17.5,4,4,145
남성,60대 이상,64.7,중급자,재활/건강,펙덱 플라이 머신,27.5,20,2,103
여성,50대,51.2,중급자,재활/건강,오버헤드 프레스,10.0,15,2,99
남성,10대,72.0,초보자,근비대,페이스 풀,22.5,9,3,74
여성,20대,47.7,중급자,스트렝스,워킹 런지,20.0,5,4,123
남성,50대,64.2,상급자,다이어트,어시스트 풀업 머신,57.5,17,3,58
여성,60대 이상,57.9,상급자,재활/건강,체스트 프레스 머신,22.5,19,2,111
남성,20대,67.6,초보자,재활/건강,바벨 로우,10.0,20,3,94
남성,20대,72.9,초보자,재활/건강,숄더 프레스 머신,12.5,18,2,112
여성,30대,52.7,초보자,근비대,루마니안 데드리프트,10.0,10,3,80
남성,40대,78.7,중급자,다이어트,어시스트 풀업 머신,55.0,16,3,48
여성,30대,57.7,중급자,근비대,체스트 프레스 머신,32.5,12,4,75
남성,40대,71.6,초보자,근비대,랫 풀다운 머신,30.0,10,4,72
남성,50대,84.5,중급자,스트렝스,바벨 로우,62.5,3,5,155
여성,40대,53.3,상급자,다이어트,인클라인 덤벨 프레스,25.0,17,3,44
여성,10대,58.7,상급자,다이어트,어시스트 풀업 머신,37.5,19,3,30
남성,40대,65.6,중급자,스트렝스,레그 익스텐션 머신,67.5,4,5,180
여성,50대,62.5,상급자,근비대,워킹 런지,37.5,12,3,75
여성,40대,63.2,상급자,스트렝스,사이드 레터럴 레이즈,42.5,5,4,150
남성,30대,72.0,초보자,근비대,랫 풀다운 머신,32.5,10,4,70
남성,20대,67.3,상급자,다이어트,페이스 풀,42.5,19,3,59
여성,20대,57.7,초보자,근비대,워킹 런지,12.5,8,3,73
남성,20대,81.1,상급자,스트렝스,워킹 런지,87.5,3,5,132
남성,60대 이상,91.0,상급자,스트렝스,시티드 로우 머신,140.0,4,4,176
남성,40대,91.0,초보자,스트렝스,레그 프레스 머신,50.0,4,4,179
여성,30대,51.6,중급자,근비대,펙덱 플라이 머신,27.5,10,4,89
남성,20대,54.4,상급자,스트렝스,시티드 로우 머신,82.5,4,5,121
남성,30대,65.5,상급자,스트렝스,루마니안 데드리프트,70.0,5,4,129
여성,20대,52.7,중급자,근비대,시티드 로우 머신,30.0,12,4,84
여성,30대,37.6,초보자,스트렝스,바벨 스쿼트,7.5,4,5,136
남성,40대,53.4,초보자,스트렝스,사이드 레터럴 레이즈,20.0,3,5,149
여성,60대 이상,46.7,상급자,스트렝스,인클라인 덤벨 프레스,32.5,5,4,131
여성,10대,43.0,상급자,근비대,사이드 레터럴 레이즈,27.5,8,3,69
남성,20대,90.2,초보자,다이어트,루마니안 데드리프트,20.0,16,3,37
여성,20대,58.4,상급자,다이어트,벤치프레스,25.0,17,3,36
여성,40대,56.1,초보자,다이어트,페이스 풀,7.5,16,3,30
여성,30대,53.3,중급자,다이어트,레그 프레스 머신,22.5,16,3,56
남성,50대,72.9,상급자,스트렝스,레그 프레스 머신,117.5,4,4,142
남성,30대,58.9,상급자,스트렝스,워킹 런지,65.0,4,5,128
여성,10대,45.4,초보자,스트렝스,워킹 런지,10.0,3,4,178
여성,40대,66.5,중급자,스트렝스,바벨 로우,27.5,3,5,168
남성,30대,95.9,초보자,다이어트,레그 컬 머신,32.5,19,3,43
여성,30대,59.0,초보자,근비대,페이스 풀,12.5,10,3,73
여성,40대,50.8,초보자,재활/건강,레그 익스텐션 머신,7.5,19,3,95
여성,20대,57.8,상급자,재활/건강,시티드 로우 머신,25.0,20,3,102
남성,50대,62.1,초보자,재활/건강,루마니안 데드리프트,7.5,17,3,92
남성,30대,59.9,초보자,스트렝스,벤치프레스,20.0,5,4,134
남성,30대,83.7,상급자,스트렝스,바벨 로우,90.0,4,4,178
여성,60대 이상,54.0,상급자,다이어트,어시스트 풀업 머신,37.5,17,3,30
여성,30대,38.3,상급자,다이어트,레그 프레스 머신,25.0,18,3,50
여성,20대,48.2,상급자,재활/건강,어시스트 풀업 머신,20.0,15,2,97
남성,40대,66.5,상급자,근비대,레그 프레스 머신,92.5,8,4,83
남성,30대,81.6,초보자,근비대,체스트 프레스 머신,40.0,8,3,66
여성,10대,46.5,초보자,재활/건강,사이드 레터럴 레이즈,5.0,18,2,97
남성,20대,59.9,초보자,스트렝스,워킹 런지,20.0,3,4,153
여성,60대 이상,53.0,상급자,다이어트,레그 프레스 머신,32.5,16,3,51
남성,40대,70.1,초보자,스트렝스,인클라인 덤벨 프레스,25.0,5,4,135
남성,20대,77.9,초보자,재활/건강,루마니안 데드리프트,12.5,18,2,113
남성,20대,78.7,초보자,스트렝스,페이스 풀,27.5,4,4,177
여성,40대,63.9,초보자,스트렝스,랫 풀다운 머신,22.5,5,5,145
여성,60대 이상,61.0,초보자,재활/건강,인클라인 덤벨 프레스,5.0,18,2,115
남성,10대,70.2,상급자,스트렝스,벤치프레스,72.5,5,4,155
남성,10대,69.7,초보자,스트렝스,루마니안 데드리프트,25.0,4,5,139
남성,40대,90.4,상급자,재활/건강,랫 풀다운 머신,52.5,20,3,100
여성,20대,50.2,초보자,재활/건강,루마니안 데드리프트,5.0,20,2,99
여성,30대,41.4,상급자,다이어트,바벨 로우,20.0,17,3,39
남성,20대,81.4,중급자,다이어트,랫 풀다운 머신,50.0,17,3,54
남성,30대,72.7,상급자,근비대,오버헤드 프레스,65.0,12,3,74
여성,10대,50.6,중급자,근비대,레그 프레스 머신,27.5,8,4,73
남성,20대,76.5,상급자,스트렝스,인클라인 덤벨 프레스,80.0,4,4,168
남성,10대,94.5,중급자,스트렝스,시티드 로우 머신,105.0,4,5,156
남성,20대,80.9,상급자,재활/건강,레그 익스텐션 머신,47.5,17,3,91
여성,60대 이상,56.3,상급자,근비대,페이스 풀,35.0,8,3,80
남성,40대,66.6,상급자,다이어트,루마니안 데드리프트,47.5,18,3,34
여성,30대,67.1,상급자,재활/건강,페이스 풀,17.5,16,2,114
남성,20대,89.5,초보자,다이어트,루마니안 데드리프트,20.0,15,3,47
여성,40대,42.9,초보자,재활/건강,펙덱 플라이 머신,5.0,15,3,93
여성,20대,62.1,초보자,재활/건강,레그 익스텐션 머신,10.0,19,3,100
남성,30대,70.1,초보자,다이어트,체스트 프레스 머신,25.0,19,3,58
남성,50대,76.2,상급자,다이어트,랫 풀다운 머신,75.0,19,3,41
남성,60대 이상,68.5,초보자,재활/건강,루마니안 데드리프트,7.5,20,2,118
남성,50대,86.1,중급자,재활/건강,레그 프레스 머신,32.5,16,3,107
남성,30대,78.2,중급자,다이어트,시티드 로우 머신,55.0,19,3,57
여성,50대,38.5,상급자,다이어트,레그 익스텐션 머신,22.5,16,3,41
여성,20대,71.9,초보자,다이어트,오버헤드 프레스,10.0,16,3,50
남성,60대 이상,80.7,상급자,다이어트,루마니안 데드리프트,52.5,16,3,35
여성,30대,44.3,상급자,스트렝스,인클라인 덤벨 프레스,32.5,4,4,179
남성,50대,53.5,초보자,스트렝스,워킹 런지,20.0,4,5,129
여성,40대,51.3,상급자,다이어트,워킹 런지,25.0,16,3,54
여성,30대,34.7,중급자,다이어트,체스트 프레스 머신,12.5,20,3,40
여성,40대,47.3,중급자,근비대,레그 컬 머신,25.0,10,4,60
남성,10대,57.4,상급자,스트렝스,벤치프레스,60.0,4,5,163
남성,40대,79.5,초보자,재활/건강,벤치프레스,12.5,18,2,111
여성,30대,55.4,초보자,스트렝스,사이드 레터럴 레이즈,12.5,4,4,135
여성,10대,48.6,중급자,근비대,페이스 풀,17.5,10,3,78
남성,50대,65.5,초보자,다이어트,바벨 스쿼트,15.0,20,3,48
여성,30대,42.7,중급자,근비대,랫 풀다운 머신,25.0,9,4,61
남성,40대,82.4,초보자,다이어트,어시스트 풀업 머신,30.0,16,3,36
남성,30대,64.1,초보자,스트렝스,랫 풀다운 머신,35.0,4,5,152
여성,20대,60.1,초보자,다이어트,레그 컬 머신,12.5,16,3,52
남성,30대,71.3,상급자,근비대,바벨 스쿼트,60.0,12,4,82
여성,20대,66.7,초보자,스트렝스,체스트 프레스 머신,22.5,4,4,166
남성,50대,78.7,초보자,다이어트,사이드 레터럴 레이즈,17.5,18,3,47
여성,30대,50.9,초보자,스트렝스,벤치프레스,10.0,5,5,123
여성,60대 이상,65.8,상급자,스트렝스,페이스 풀,47.5,5,5,146
여성,60대 이상,44.9,중급자,근비대,바벨 로우,17.5,10,3,62
여성,10대,49.3,상급자,다이어트,시티드 로우 머신,35.0,19,3,47
여성,40대,53.1,중급자,재활/건강,인클라인 덤벨 프레스,10.0,18,2,96
여성,40대,55.6,중급자,다이어트,페이스 풀,15.0,15,3,53
남성,40대,85.8,중급자,스트렝스,어시스트 풀업 머신,90.0,4,4,149
여성,20대,49.9,상급자,근비대,레그 컬 머신,45.0,9,3,74
여성,10대,62.3,초보자,스트렝스,페이스 풀,15.0,4,4,148
남성,30대,82.5,중급자,스트렝스,사이드 레터럴 레이즈,55.0,3,5,144
남성,20대,79.9,상급자,재활/건강,펙덱 플라이 머신,55.0,15,3,92
남성,10대,76.6,초보자,다이어트,사이드 레터럴 레이즈,15.0,15,3,51
여성,20대,66.1,초보자,재활/건강,레그 프레스 머신,10.0,15,3,111
여성,60대 이상,57.1,중급자,재활/건강,숄더 프레스 머신,15.0,15,3,95
여성,10대,58.2,상급자,스트렝스,레그 프레스 머신,60.0,3,5,122
여성,60대 이상,65.9,상급자,스트렝스,사이드 레터럴 레이즈,50.0,4,4,167
여성,60대 이상,62.9,초보자,스트렝스,오버헤드 프레스,15.0,5,5,143
남성,50대,46.4,초보자,근비대,바벨 로우,15.0,12,3,86
여성,30대,47.5,중급자,근비대,시티드 로우 머신,27.5,11,4,64
여성,30대,57.6,중급자,다이어트,바벨 스쿼트,15.0,17,3,49
여성,30대,48.0,상급자,다이어트,펙덱 플라이 머신,30.0,16,3,44
남성,20대,79.5,중급자,근비대,레그 컬 머신,70.0,11,3,60
여성,10대,50.5,상급자,재활/건강,체스트 프레스 머신,22.5,20,2,119
여성,10대,56.2,중급자,다이어트,랫 풀다운 머신,22.5,15,3,35
여성,10대,50.9,상급자,다이어트,어시스트 풀업 머신,35.0,18,3,55
여성,10대,56.8,중급자,재활/건강,페이스 풀,10.0,19,2,92
여성,60대 이상,66.1,중급자,재활/건강,인클라인 덤벨 프레스,12.5,18,2,119
여성,30대,45.5,초보자,다이어트,어시스트 풀업 머신,10.0,16,3,42
여성,20대,61.9,상급자,근비대,바벨 로우,35.0,9,3,87
남성,20대,90.5,상급자,재활/건강,워킹 런지,42.5,17,3,119
여성,40대,65.9,중급자,근비대,바벨 로우,22.5,12,4,82
남성,10대,48.7,중급자,근비대,시티드 로우 머신,47.5,8,4,73
남성,60대 이상,96.6,상급자,다이어트,바벨 로우,60.0,19,3,49
여성,20대,76.3,중급자,다이어트,사이드 레터럴 레이즈,22.5,19,3,36
여성,40대,59.9,중급자,다이어트,워킹 런지,15.0,20,3,36
남성,50대,83.6,중급자,근비대,바벨 로우,47.5,10,4,67
여성,20대,54.6,초보자,스트렝스,랫 풀다운 머신,20.0,4,4,130
남성,60대 이상,78.0,상급자,다이어트,레그 컬 머신,80.0,19,3,32
여성,10대,67.2,중급자,근비대,레그 익스텐션 머신,40.0,8,4,69
여성,40대,61.9,초보자,다이어트,페이스 풀,7.5,18,3,58
남성,20대,61.2,상급자,다이어트,어시스트 풀업 머신,55.0,20,3,43
남성,40대,63.6,초보자,근비대,페이스 풀,20.0,8,4,70
여성,40대,66.0,상급자,재활/건강,사이드 레터럴 레이즈,20.0,20,2,108
여성,30대,38.5,중급자,근비대,워킹 런지,15.0,8,4,89
여성,20대,57.1,중급자,스트렝스,펙덱 플라이 머신,40.0,5,4,145
여성,60대 이상,48.8,중급자,다이어트,벤치프레스,15.0,18,3,48
남성,20대,54.8,상급자,재활/건강,레그 프레스 머신,35.0,18,3,113
남성,10대,61.6,초보자,근비대,숄더 프레스 머신,25.0,8,4,86
남성,60대 이상,76.2,중급자,근비대,레그 익스텐션 머신,67.5,11,4,79
남성,10대,80.5,상급자,다이어트,루마니안 데드리프트,52.5,15,3,43
남성,50대,67.9,초보자,다이어트,레그 프레스 머신,22.5,18,3,45
여성,60대 이상,51.3,중급자,재활/건강,숄더 프레스 머신,12.5,16,2,100
여성,10대,50.2,초보자,스트렝스,시티드 로우 머신,17.5,4,4,175
여성,60대 이상,52.1,중급자,다이어트,레그 프레스 머신,20.0,16,3,34
여성,60대 이상,52.4,상급자,재활/건강,레그 컬 머신,20.0,15,3,118
여성,50대,52.3,초보자,스트렝스,체스트 프레스 머신,17.5,4,5,129
여성,40대,55.8,초보자,스트렝스,랫 풀다운 머신,20.0,3,4,146
여성,10대,52.1,상급자,다이어트,인클라인 덤벨 프레스,22.5,16,3,47
남성,30대,78.7,중급자,재활/건강,숄더 프레스 머신,30.0,18,3,100
남성,50대,85.5,초보자,재활/건강,바벨 로우,10.0,19,3,116
여성,30대,56.8,상급자,재활/건강,바벨 로우,15.0,17,3,92
여성,20대,55.3,초보자,다이어트,체스트 프레스 머신,12.5,17,3,48
남성,10대,72.3,상급자,스트렝스,오버헤드 프레스,75.0,4,4,164
여성,50대,60.6,중급자,재활/건강,인클라인 덤벨 프레스,12.5,19,3,93
여성,60대 이상,45.6,상급자,근비대,루마니안 데드리프트,27.5,12,4,89
남성,50대,51.5,초보자,근비대,숄더 프레스 머신,22.5,11,3,63
여성,10대,51.8,초보자,다이어트,인클라인 덤벨 프레스,7.5,15,3,56
여성,60대 이상,45.0,상급자,재활/건강,체스트 프레스 머신,20.0,17,3,100
여성,30대,52.9,중급자,재활/건강,체스트 프레스 머신,15.0,15,2,118
남성,50대,78.6,초보자,근비대,페이스 풀,22.5,11,3,86
남성,20대,69.3,상급자,재활/건강,펙덱 플라이 머신,40.0,16,2,119
여성,40대,49.8,초보자,다이어트,워킹 런지,5.0,15,3,54
여성,20대,53.6,상급자,다이어트,시티드 로우 머신,37.5,19,3,31
남성,10대,65.7,중급자,재활/건강,페이스 풀,20.0,17,2,94
여성,60대 이상,43.3,중급자,스트렝스,사이드 레터럴 레이즈,17.5,3,4,166
여성,50대,60.2,초보자,다이어트,워킹 런지,7.5,20,3,60
남성,10대,77.7,초보자,재활/건강,벤치프레스,10.0,18,2,94
여성,50대,52.2,상급자,스트렝스,바벨 스쿼트,40.0,3,4,136
여성,30대,61.4,상급자,스트렝스,펙덱 플라이 머신,65.0,3,5,169
여성,20대,62.5,중급자,근비대,사이드 레터럴 레이즈,22.5,9,4,86
여성,30대,61.3,초보자,다이어트,사이드 레터럴 레이즈,7.5,16,3,60
남성,30대,76.7,중급자,다이어트,오버헤드 프레스,32.5,16,3,40
남성,60대 이상,77.3,중급자,다이어트,체스트 프레스 머신,52.5,19,3,46
남성,20대,68.7,초보자,재활/건강,펙덱 플라이 머신,12.5,18,3,115
여성,50대,52.5,상급자,재활/건강,레그 프레스 머신,22.5,15,2,120
여성,50대,59.1,상급자,스트렝스,벤치프레스,42.5,3,5,121
남성,30대,64.2,상급자,재활/건강,페이스 풀,27.5,20,3,115
여성,30대,56.2,상급자,다이어트,인클라인 덤벨 프레스,25.0,20,3,45
여성,50대,65.2,상급자,재활/건강,레그 프레스 머신,30.0,19,3,109
남성,60대 이상,77.2,초보자,근비대,바벨 스쿼트,22.5,11,3,68
여성,30대,66.3,상급자,재활/건강,레그 컬 머신,25.0,15,3,101
여성,30대,65.9,중급자,다이어트,워킹 런지,20.0,16,3,32
남성,60대 이상,80.8,초보자,다이어트,랫 풀다운 머신,27.5,20,3,46
남성,20대,95.3,중급자,스트렝스,시티드 로우 머신,105.0,5,5,172
남성,40대,76.6,초보자,다이어트,인클라인 덤벨 프레스,17.5,18,3,57
남성,50대,81.9,초보자,재활/건강,오버헤드 프레스,10.0,17,3,111
남성,40대,91.9,중급자,근비대,사이드 레터럴 레이즈,55.0,8,4,68
여성,10대,39.0,상급자,스트렝스,펙덱 플라이 머신,40.0,4,5,176
남성,20대,50.7,중급자,근비대,바벨 스쿼트,30.0,12,3,87
여성,50대,59.8,초보자,근비대,랫 풀다운 머신,17.5,9,4,73
남성,30대,76.2,중급자,근비대,사이드 레터럴 레이즈,42.5,10,4,61
여성,60대 이상,55.5,상급자,재활/건강,바벨 로우,17.5,19,2,117
남성,40대,72.9,초보자,근비대,바벨 로우,20.0,12,3,65
남성,30대,82.0,중급자,근비대,워킹 런지,50.0,9,3,69
여성,50대,50.2,초보자,근비대,체스트 프레스 머신,15.0,10,4,82
여성,20대,56.7,초보자,스트렝스,벤치프레스,12.5,3,4,132
남성,30대,64.1,중급자,근비대,루마니안 데드리프트,40.0,10,4,77
남성,10대,66.8,중급자,스트렝스,체스트 프레스 머신,75.0,4,4,123
여성,50대,59.7,초보자,근비대,바벨 스쿼트,12.5,11,3,63
남성,60대 이상,74.8,중급자,재활/건강,오버헤드 프레스,22.5,19,3,91
여성,10대,58.0,상급자,다이어트,사이드 레터럴 레이즈,25.0,19,3,32
남성,10대,86.5,중급자,근비대,랫 풀다운 머신,80.0,12,4,89
여성,10대,54.1,초보자,스트렝스,숄더 프레스 머신,20.0,4,5,136
여성,60대 이상,58.2,상급자,재활/건강,페이스 풀,17.5,18,2,116
여성,20대,49.7,중급자,다이어트,바벨 스쿼트,12.5,19,3,40
여성,50대,67.5,초보자,근비대,펙덱 플라이 머신,20.0,11,3,85
여성,60대 이상,59.7,상급자,스트렝스,워킹 런지,42.5,3,4,132
남성,40대,72.2,초보자,재활/건강,벤치프레스,10.0,16,3,114
남성,60대 이상,84.3,상급자,다이어트,루마니안 데드리프트,55.0,20,3,45
남성,10대,51.8,초보자,근비대,랫 풀다운 머신,22.5,12,4,69
남성,20대,71.4,중급자,근비대,바벨 스쿼트,42.5,11,4,76
남성,60대 이상,81.1,초보자,재활/건강,벤치프레스,10.0,18,2,106
남성,10대,74.9,중급자,스트렝스,체스트 프레스 머신,77.5,5,5,123
여성,50대,53.7,상급자,스트렝스,레그 프레스 머신,60.0,5,5,145
남성,30대,77.6,중급자,재활/건강,페이스 풀,22.5,17,3,120
남성,20대,69.0,상급자,다이어트,레그 익스텐션 머신,67.5,20,3,36
남성,20대,65.6,상급자,스트렝스,숄더 프레스 머신,102.5,4,4,137
여성,20대,55.6,중급자,다이어트,펙덱 플라이 머신,22.5,18,3,57
남성,40대,83.8,중급자,스트렝스,레그 프레스 머신,87.5,4,5,150
여성,10대,50.3,초보자,스트렝스,바벨 로우,10.0,4,5,158
여성,40대,66.3,상급자,다이어트,바벨 로우,27.5,17,3,57
남성,40대,68.9,상급자,스트렝스,오버헤드 프레스,77.5,4,5,173
여성,40대,55.2,초보자,재활/건강,레그 익스텐션 머신,7.5,16,2,109
남성,60대 이상,89.3,상급자,다이어트,어시스트 풀업 머신,87.5,16,3,39
여성,30대,49.1,초보자,재활/건강,펙덱 플라이 머신,7.5,17,3,99
남성,60대 이상,62.4,초보자,근비대,펙덱 플라이 머신,27.5,11,3,64
여성,60대 이상,59.5,중급자,재활/건강,인클라인 덤벨 프레스,10.0,18,2,97
남성,30대,85.9,상급자,다이어트,바벨 로우,52.5,16,3,31
여성,10대,45.9,상급자,근비대,벤치프레스,25.0,9,4,66
남성,30대,73.8,초보자,다이어트,레그 컬 머신,22.5,19,3,54
남성,40대,69.8,초보자,근비대,어시스트 풀업 머신,30.0,9,4,89
남성,40대,73.6,중급자,근비대,랫 풀다운 머신,70.0,9,4,85
여성,20대,37.5,중급자,스트렝스,레그 컬 머신,25.0,3,5,132
남성,30대,80.2,초보자,근비대,바벨 로우,25.0,8,4,77
여성,30대,75.9,중급자,스트렝스,사이드 레터럴 레이즈,32.5,5,5,123
남성,60대 이상,68.8,초보자,스트렝스,숄더 프레스 머신,37.5,5,4,153
여성,20대,47.1,초보자,재활/건강,시티드 로우 머신,5.0,16,2,120
여성,40대,55.5,상급자,다이어트,인클라인 덤벨 프레스,22.5,19,3,46
여성,30대,66.4,중급자,스트렝스,바벨 로우,30.0,4,4,149
남성,50대,66.1,중급자,근비대,인클라인 덤벨 프레스,37.5,10,4,69
남성,20대,68.2,초보자,다이어트,바벨 스쿼트,15.0,20,3,55
남성,50대,91.7,초보자,근비대,워킹 런지,27.5,12,3,80
여성,50대,51.2,중급자,다이어트,인클라인 덤벨 프레스,15.0,17,3,30
남성,40대,67.9,중급자,다이어트,레그 컬 머신,40.0,18,3,45
여성,20대,63.4,상급자,재활/건강,레그 컬 머신,22.5,20,3,103
남성,30대,79.9,중급자,스트렝스,오버헤드 프레스,57.5,5,4,124
남성,20대,64.8,중급자,근비대,사이드 레터럴 레이즈,37.5,9,4,61
여성,30대,47.8,상급자,근비대,체스트 프레스 머신,45.0,8,3,71
여성,10대,40.5,상급자,근비대,레그 프레스 머신,35.0,12,3,83
여성,10대,54.7,상급자,재활/건강,페이스 풀,15.0,16,3,98
남성,10대,90.4,상급자,다이어트,페이스 풀,57.5,20,3,52
여성,30대,60.1,초보자,근비대,시티드 로우 머신,17.5,11,3,80
남성,50대,67.3,상급자,다이어트,숄더 프레스 머신,65.0,15,3,55
남성,40대,55.1,중급자,스트렝스,체스트 프레스 머신,60.0,5,5,153
남성,20대,76.3,중급자,스트렝스,인클라인 덤벨 프레스,52.5,3,5,130
남성,20대,62.6,초보자,다이어트,오버헤드 프레스,12.5,19,3,59
남성,20대,52.6,중급자,스트렝스,바벨 로우,40.0,5,4,128
남성,60대 이상,80.0,중급자,재활/건강,오버헤드 프레스,20.0,20,3,96
여성,30대,51.5,초보자,근비대,어시스트 풀업 머신,12.5,9,3,88
여성,10대,68.3,중급자,근비대,오버헤드 프레스,25.0,9,4,77
여성,60대 이상,39.7,초보자,다이어트,펙덱 플라이 머신,7.5,20,3,47
여성,60대 이상,52.1,상급자,다이어트,바벨 로우,22.5,19,3,52
여성,20대,56.6,상급자,근비대,레그 익스텐션 머신,47.5,12,3,89
남성,40대,83.9,중급자,다이어트,오버헤드 프레스,35.0,19,3,51
남성,20대,66.9,초보자,스트렝스,레그 익스텐션 머신,35.0,5,4,171
남성,20대,72.5,중급자,스트렝스,체스트 프레스 머신,80.0,5,4,144
남성,60대 이상,64.7,초보자,스트렝스,루마니안 데드리프트,22.5,3,4,169
남성,60대 이상,71.7,상급자,근비대,바벨 로우,65.0,12,4,89
남성,40대,74.2,중급자,재활/건강,레그 프레스 머신,32.5,19,3,94
남성,50대,73.9,중급자,재활/건강,체스트 프레스 머신,30.0,20,2,95
여성,60대 이상,49.1,중급자,스트렝스,페이스 풀,22.5,5,5,158
여성,30대,42.5,상급자,스트렝스,오버헤드 프레스,30.0,5,4,152
여성,50대,49.9,상급자,근비대,사이드 레터럴 레이즈,30.0,9,4,68
여성,60대 이상,53.9,상급자,다이어트,페이스 풀,22.5,18,3,35
남성,40대,61.9,중급자,재활/건강,숄더 프레스 머신,27.5,15,3,97
여성,10대,74.4,초보자,재활/건강,랫 풀다운 머신,10.0,16,2,110
여성,60대 이상,69.7,상급자,근비대,레그 컬 머신,65.0,10,3,82
여성,20대,72.8,중급자,다이어트,루마니안 데드리프트,20.0,20,3,47
여성,60대 이상,45.1,중급자,스트렝스,오버헤드 프레스,20.0,5,4,126
여성,60대 이상,62.4,상급자,스트렝스,시티드 로우 머신,65.0,3,5,146
여성,40대,62.5,중급자,스트렝스,인클라인 덤벨 프레스,27.5,3,4,154
여성,50대,63.5,초보자,근비대,숄더 프레스 머신,17.5,10,4,75
여성,60대 이상,55.3,초보자,근비대,페이스 풀,10.0,12,4,89
남성,30대,66.7,중급자,스트렝스,사이드 레터럴 레이즈,47.5,4,5,121
남성,40대,80.0,초보자,재활/건강,체스트 프레스 머신,17.5,15,2,98
남성,10대,72.3,초보자,스트렝스,루마니안 데드리프트,27.5,5,4,158
남성,30대,85.9,중급자,재활/건강,바벨 로우,20.0,19,3,112
남성,10대,71.1,상급자,재활/건강,오버헤드 프레스,27.5,15,3,107
여성,30대,43.1,상급자,스트렝스,바벨 스쿼트,30.0,3,4,180
남성,30대,67.3,상급자,근비대,체스트 프레스 머신,90.0,11,4,78
여성,60대 이상,57.4,상급자,스트렝스,레그 프레스 머신,62.5,3,4,146
여성,60대 이상,58.4,초보자,근비대,레그 프레스 머신,15.0,10,3,86
남성,60대 이상,89.8,중급자,재활/건강,인클라인 덤벨 프레스,25.0,18,3,110
남성,10대,67.8,상급자,근비대,레그 컬 머신,97.5,9,3,61
남성,20대,69.4,중급자,다이어트,어시스트 풀업 머신,42.5,20,3,33
여성,40대,51.5,초보자,재활/건강,레그 컬 머신,5.0,15,3,105
여성,50대,59.4,초보자,스트렝스,페이스 풀,12.5,3,4,154
여성,40대,60.7,초보자,근비대,인클라인 덤벨 프레스,12.5,10,3,81
남성,10대,85.3,중급자,다이어트,레그 컬 머신,52.5,15,3,40
남성,10대,73.1,상급자,재활/건강,사이드 레터럴 레이즈,32.5,19,2,97
남성,20대,77.4,중급자,재활/건강,바벨 스쿼트,17.5,17,3,102
남성,30대,70.7,중급자,재활/건강,사이드 레터럴 레이즈,20.0,17,2,103
남성,10대,75.8,상급자,스트렝스,레그 컬 머신,117.5,4,5,152
남성,50대,64.7,상급자,근비대,시티드 로우 머신,90.0,9,3,83
여성,10대,55.7,중급자,재활/건강,체스트 프레스 머신,17.5,16,2,106
여성,40대,62.2,중급자,재활/건강,펙덱 플라이 머신,15.0,19,2,104
여성,20대,63.2,중급자,스트렝스,숄더 프레스 머신,42.5,4,4,124
여성,30대,59.1,중급자,재활/건강,페이스 풀,10.0,19,3,104
여성,20대,39.3,초보자,스트렝스,시티드 로우 머신,12.5,4,5,131
여성,10대,44.0,중급자,다이어트,페이스 풀,12.5,20,3,56
여성,10대,56.8,초보자,스트렝스,벤치프레스,12.5,5,5,122
여성,10대,54.6,상급자,근비대,시티드 로우 머신,47.5,8,4,73
여성,40대,57.1,중급자,근비대,숄더 프레스 머신,32.5,9,4,63
여성,10대,55.7,중급자,재활/건강,워킹 런지,10.0,17,2,119
남성,60대 이상,85.3,초보자,다이어트,레그 프레스 머신,27.5,18,3,48
남성,60대 이상,69.6,상급자,재활/건강,바벨 로우,32.5,20,3,119
여성,50대,57.9,중급자,다이어트,레그 프레스 머신,25.0,17,3,52
남성,30대,85.4,중급자,근비대,레그 프레스 머신,80.0,9,4,87
여성,20대,65.5,중급자,재활/건강,레그 프레스 머신,20.0,15,2,108
남성,40대,84.2,상급자,재활/건강,사이드 레터럴 레이즈,37.5,15,2,93
여성,40대,62.0,중급자,스트렝스,인클라인 덤벨 프레스,27.5,4,5,141
여성,40대,43.4,상급자,근비대,벤치프레스,27.5,9,4,88
남성,60대 이상,61.1,중급자,근비대,시티드 로우 머신,52.5,8,4,87
여성,40대,58.4,초보자,스트렝스,인클라인 덤벨 프레스,12.5,3,4,173
남성,40대,75.2,상급자,스트렝스,레그 컬 머신,117.5,5,4,170
남성,50대,66.0,상급자,재활/건강,레그 익스텐션 머신,37.5,17,3,112
여성,30대,48.1,상급자,재활/건강,레그 익스텐션 머신,17.5,19,2,90
여성,20대,48.4,중급자,근비대,레그 프레스 머신,25.0,12,4,89
여성,60대 이상,47.8,상급자,다이어트,시티드 로우 머신,30.0,19,3,34
여성,40대,59.6,초보자,스트렝스,인클라인 덤벨 프레스,12.5,4,5,178
여성,20대,59.7,중급자,다이어트,페이스 풀,17.5,20,3,53
여성,10대,55.1,중급자,근비대,바벨 로우,20.0,8,3,61
남성,10대,72.6,상급자,근비대,루마니안 데드리프트,65.0,11,3,64
남성,40대,69.1,상급자,재활/건강,사이드 레터럴 레이즈,30.0,19,2,119
여성,40대,49.2,상급자,스트렝스,페이스 풀,37.5,3,5,171
여성,50대,49.7,중급자,스트렝스,시티드 로우 머신,32.5,5,4,138
남성,10대,85.2,상급자,스트렝스,펙덱 플라이 머신,140.0,4,4,121
남성,20대,78.4,초보자,재활/건강,워킹 런지,10.0,20,2,120
남성,30대,84.8,초보자,근비대,바벨 스쿼트,25.0,11,3,67
여성,40대,37.9,초보자,근비대,페이스 풀,7.5,8,4,73
남성,50대,89.3,상급자,스트렝스,펙덱 플라이 머신,145.0,3,4,126
남성,60대 이상,77.4,상급자,근비대,오버헤드 프레스,65.0,8,4,72
남성,30대,83.0,상급자,근비대,레그 익스텐션 머신,110.0,12,4,79
남성,20대,67.9,초보자,재활/건강,인클라인 덤벨 프레스,7.5,20,3,95
남성,50대,64.1,초보자,스트렝스,페이스 풀,22.5,4,5,124
남성,40대,62.3,초보자,근비대,루마니안 데드리프트,17.5,9,3,84
여성,40대,52.5,초보자,다이어트,벤치프레스,7.5,17,3,44
남성,20대,76.4,상급자,다이어트,시티드 로우 머신,75.0,15,3,32
여성,20대,47.6,중급자,재활/건강,벤치프레스,10.0,19,2,118
여성,10대,56.8,초보자,재활/건강,바벨 스쿼트,5.0,18,3,106
남성,50대,75.5,초보자,스트렝스,사이드 레터럴 레이즈,27.5,3,4,133
남성,40대,83.6,상급자,다이어트,루마니안 데드리프트,52.5,18,3,57
여성,60대 이상,63.6,상급자,스트렝스,워킹 런지,45.0,4,4,154
여성,60대 이상,56.6,초보자,다이어트,워킹 런지,7.5,17,3,43
여성,10대,55.2,상급자,스트렝스,워킹 런지,37.5,3,4,123
여성,20대,50.0,초보자,스트렝스,레그 컬 머신,17.5,3,5,127
여성,40대,48.4,중급자,다이어트,체스트 프레스 머신,20.0,15,3,42
남성,50대,79.6,중급자,재활/건강,펙덱 플라이 머신,30.0,17,2,90
여성,20대,46.1,초보자,근비대,랫 풀다운 머신,12.5,10,3,79
여성,20대,55.6,초보자,스트렝스,루마니안 데드리프트,12.5,3,5,158
남성,20대,68.9,중급자,근비대,숄더 프레스 머신,60.0,11,3,79
여성,30대,74.4,중급자,재활/건강,펙덱 플라이 머신,20.0,18,2,94
여성,20대,46.7,초보자,근비대,레그 프레스 머신,12.5,11,3,87
여성,10대,53.0,상급자,스트렝스,레그 익스텐션 머신,55.0,4,4,170
여성,30대,52.1,초보자,근비대,어시스트 풀업 머신,15.0,12,4,62
남성,30대,66.1,중급자,스트렝스,벤치프레스,47.5,5,4,158
여성,60대 이상,40.7,중급자,근비대,레그 프레스 머신,22.5,9,3,61
남성,40대,61.8,상급자,다이어트,오버헤드 프레스,40.0,18,3,52
남성,60대 이상,74.3,초보자,스트렝스,숄더 프레스 머신,40.0,3,5,144
여성,30대,49.9,초보자,근비대,인클라인 덤벨 프레스,10.0,10,4,61
여성,30대,58.3,상급자,다이어트,워킹 런지,25.0,18,3,58
여성,50대,54.2,상급자,재활/건강,사이드 레터럴 레이즈,17.5,18,3,108
남성,30대,80.0,초보자,스트렝스,바벨 스쿼트,30.0,5,4,131
여성,30대,54.2,상급자,근비대,벤치프레스,32.5,8,4,71
여성,30대,64.7,중급자,근비대,레그 익스텐션 머신,35.0,11,4,84
남성,20대,75.2,상급자,다이어트,랫 풀다운 머신,72.5,15,3,38
남성,40대,68.1,중급자,다이어트,사이드 레터럴 레이즈,27.5,16,3,40
여성,40대,58.7,중급자,다이어트,레그 컬 머신,25.0,19,3,40
남성,20대,76.3,중급자,근비대,펙덱 플라이 머신,70.0,8,3,70
여성,20대,52.2,중급자,다이어트,바벨 스쿼트,15.0,16,3,35
남성,10대,63.0,상급자,근비대,숄더 프레스 머신,87.5,10,3,65
남성,30대,89.7,중급자,스트렝스,바벨 스쿼트,62.5,3,5,121
남성,10대,66.1,상급자,스트렝스,체스트 프레스 머신,107.5,3,4,161
여성,10대,54.9,중급자,스트렝스,사이드 레터럴 레이즈,25.0,4,4,161
여성,30대,45.6,중급자,스트렝스,루마니안 데드리프트,20.0,5,5,160
여성,10대,52.9,상급자,근비대,바벨 로우,32.5,11,3,76
남성,50대,83.6,초보자,근비대,펙덱 플라이 머신,35.0,12,3,69
여성,30대,58.0,상급자,스트렝스,랫 풀다운 머신,62.5,5,4,125
남성,10대,67.5,중급자,다이어트,페이스 풀,32.5,20,3,43
남성,40대,66.9,초보자,스트렝스,벤치프레스,22.5,5,4,133
여성,30대,63.4,상급자,재활/건강,바벨 스쿼트,17.5,16,3,110
남성,20대,69.0,초보자,근비대,체스트 프레스 머신,30.0,8,3,66
여성,40대,56.7,상급자,다이어트,레그 익스텐션 머신,37.5,16,3,36
여성,30대,59.3,초보자,근비대,체스트 프레스 머신,17.5,11,4,77
남성,10대,85.3,초보자,근비대,워킹 런지,25.0,8,4,83
남성,30대,70.4,상급자,스트렝스,페이스 풀,80.0,4,5,167
여성,10대,37.5,중급자,다이어트,루마니안 데드리프트,10.0,19,3,59
남성,10대,91.0,초보자,재활/건강,바벨 스쿼트,12.5,19,3,119
남성,10대,73.1,초보자,스트렝스,시티드 로우 머신,42.5,5,5,124
여성,10대,46.0,중급자,재활/건강,체스트 프레스 머신,12.5,18,3,112
여성,30대,61.0,상급자,스트렝스,워킹 런지,42.5,5,5,169
남성,40대,75.1,상급자,재활/건강,체스트 프레스 머신,47.5,15,3,109
남성,50대,84.0,중급자,다이어트,인클라인 덤벨 프레스,40.0,17,3,57
여성,50대,58.5,초보자,근비대,레그 프레스 머신,17.5,10,4,69
여성,10대,54.6,중급자,다이어트,펙덱 플라이 머신,22.5,19,3,37
남성,50대,65.4,상급자,근비대,레그 익스텐션 머신,85.0,11,3,79
남성,40대,72.6,중급자,다이어트,루마니안 데드리프트,35.0,17,3,39
여성,30대,52.1,중급자,재활/건강,숄더 프레스 머신,12.5,20,3,100
남성,60대 이상,95.2,초보자,재활/건강,랫 풀다운 머신,17.5,18,2,100
남성,60대 이상,78.2,중급자,근비대,레그 프레스 머신,67.5,9,4,66
남성,30대,73.0,중급자,다이어트,랫 풀다운 머신,47.5,20,3,38
남성,60대 이상,71.8,초보자,스트렝스,루마니안 데드리프트,25.0,4,5,148
남성,10대,67.8,상급자,근비대,워킹 런지,65.0,12,3,66
여성,20대,42.8,중급자,스트렝스,랫 풀다운 머신,27.5,3,5,158
여성,40대,54.7,중급자,스트렝스,시티드 로우 머신,37.5,4,4,124
남성,20대,80.7,초보자,스트렝스,인클라인 덤벨 프레스,30.0,4,4,170
남성,40대,67.1,초보자,다이어트,바벨 로우,15.0,17,3,52
여성,10대,67.0,상급자,재활/건강,레그 컬 머신,25.0,15,2,110
남성,60대 이상,76.7,중급자,다이어트,페이스 풀,32.5,15,3,46
남성,50대,64.3,중급자,스트렝스,페이스 풀,45.0,3,4,136
남성,60대 이상,73.2,초보자,다이어트,시티드 로우 머신,22.5,19,3,59
남성,50대,68.6,중급자,스트렝스,바벨 스쿼트,47.5,4,4,161
남성,30대,71.3,초보자,스트렝스,오버헤드 프레스,25.0,5,5,148
남성,30대,66.1,중급자,다이어트,숄더 프레스 머신,42.5,16,3,38
여성,40대,39.8,초보자,다이어트,오버헤드 프레스,5.0,19,3,54
남성,60대 이상,81.8,중급자,스트렝스,루마니안 데드리프트,57.5,3,5,152
남성,40대,71.8,상급자,근비대,벤치프레스,67.5,10,3,73
여성,20대,63.9,초보자,스트렝스,인클라인 덤벨 프레스,15.0,5,5,122
여성,30대,66.3,상급자,다이어트,오버헤드 프레스,32.5,19,3,45
남성,40대,74.3,상급자,스트렝스,페이스 풀,82.5,5,5,139
남성,20대,66.4,상급자,재활/건강,루마니안 데드리프트,25.0,15,2,116
남성,50대,75.0,상급자,재활/건강,오버헤드 프레스,35.0,20,3,114
남성,20대,71.2,중급자,근비대,벤치프레스,45.0,11,3,76
여성,10대,41.2,초보자,재활/건강,시티드 로우 머신,5.0,15,2,110
남성,30대,69.9,초보자,다이어트,오버헤드 프레스,15.0,19,3,46
여성,20대,59.1,상급자,근비대,인클라인 덤벨 프레스,32.5,11,3,86
여성,30대,41.5,상급자,재활/건강,체스트 프레스 머신,20.0,20,2,93
여성,30대,50.0,초보자,재활/건강,루마니안 데드리프트,5.0,18,3,95
남성,40대,74.6,초보자,스트렝스,레그 프레스 머신,40.0,5,5,151
여성,10대,41.5,초보자,스트렝스,오버헤드 프레스,10.0,3,5,171
여성,50대,50.8,중급자,다이어트,페이스 풀,15.0,18,3,54
남성,30대,92.9,상급자,근비대,벤치프레스,85.0,9,4,88
여성,30대,57.8,초보자,다이어트,레그 컬 머신,12.5,17,3,51
여성,20대,50.0,초보자,재활/건강,오버헤드 프레스,5.0,15,2,94
남성,20대,74.9,중급자,근비대,랫 풀다운 머신,67.5,12,3,68
여성,50대,50.4,상급자,재활/건강,숄더 프레스 머신,20.0,20,3,107
남성,10대,60.0,중급자,재활/건강,숄더 프레스 머신,27.5,16,2,120
남성,20대,72.1,상급자,근비대,사이드 레터럴 레이즈,60.0,11,4,86
남성,50대,58.7,상급자,스트렝스,바벨 스쿼트,60.0,3,4,123
남성,40대,58.0,초보자,스트렝스,워킹 런지,22.5,5,4,125
남성,20대,71.8,상급자,다이어트,벤치프레스,45.0,17,3,36
여성,30대,50.7,중급자,스트렝스,레그 프레스 머신,35.0,4,4,173
남성,10대,81.0,초보자,스트렝스,바벨 로우,27.5,3,4,138
남성,40대,59.3,중급자,다이어트,체스트 프레스 머신,40.0,19,3,59
남성,40대,69.6,중급자,다이어트,워킹 런지,30.0,19,3,32
여성,10대,61.1,초보자,재활/건강,오버헤드 프레스,5.0,19,3,113
남성,10대,75.2,중급자,다이어트,사이드 레터럴 레이즈,32.5,19,3,42
여성,20대,56.7,중급자,스트렝스,레그 익스텐션 머신,40.0,5,5,177
남성,50대,77.8,중급자,근비대,레그 컬 머신,67.5,8,4,68
여성,20대,47.7,초보자,재활/건강,오버헤드 프레스,2.5,19,3,91
남성,50대,74.7,초보자,스트렝스,워킹 런지,27.5,3,5,140
남성,10대,77.7,초보자,스트렝스,숄더 프레스 머신,42.5,4,4,147
여성,30대,55.9,초보자,근비대,시티드 로우 머신,15.0,9,4,79
여성,50대,54.0,상급자,재활/건강,워킹 런지,15.0,16,2,102
여성,10대,51.1,초보자,재활/건강,펙덱 플라이 머신,7.5,20,3,100
여성,10대,53.7,초보자,스트렝스,바벨 로우,12.5,4,5,169
여성,50대,53.8,중급자,근비대,레그 컬 머신,32.5,11,3,89
남성,30대,90.1,중급자,근비대,숄더 프레스 머신,82.5,10,3,78
남성,50대,63.5,중급자,스트렝스,인클라인 덤벨 프레스,45.0,4,5,159
남성,10대,59.7,중급자,다이어트,워킹 런지,25.0,17,3,47
남성,20대,75.1,초보자,스트렝스,레그 컬 머신,40.0,5,5,149
여성,60대 이상,51.4,상급자,다이어트,시티드 로우 머신,32.5,15,3,45
남성,30대,83.8,상급자,다이어트,바벨 스쿼트,60.0,17,3,53
여성,20대,49.5,중급자,재활/건강,숄더 프레스 머신,12.5,17,3,102
여성,10대,61.8,초보자,재활/건강,워킹 런지,5.0,16,2,110
남성,10대,69.5,초보자,근비대,루마니안 데드리프트,20.0,10,4,71
여성,30대,45.9,중급자,재활/건강,페이스 풀,10.0,17,2,109
여성,60대 이상,39.7,초보자,근비대,오버헤드 프레스,7.5,8,3,86
여성,40대,75.2,초보자,재활/건강,숄더 프레스 머신,10.0,16,2,96
남성,40대,80.2,상급자,다이어트,페이스 풀,50.0,20,3,59
남성,60대 이상,65.6,상급자,다이어트,사이드 레터럴 레이즈,45.0,17,3,41
남성,10대,78.5,상급자,근비대,레그 익스텐션 머신,112.5,12,4,79
남성,50대,82.1,초보자,근비대,오버헤드 프레스,25.0,11,4,64
남성,40대,88.3,상급자,근비대,루마니안 데드리프트,77.5,11,4,86
남성,60대 이상,88.3,초보자,스트렝스,숄더 프레스 머신,47.5,3,5,159
남성,40대,91.0,중급자,재활/건강,인클라인 덤벨 프레스,22.5,15,2,119
남성,30대,75.2,상급자,스트렝스,벤치프레스,82.5,4,5,177
남성,60대 이상,101.1,초보자,근비대,벤치프레스,32.5,8,4,82
남성,10대,81.7,상급자,스트렝스,레그 익스텐션 머신,132.5,4,5,123
여성,50대,47.8,초보자,다이어트,펙덱 플라이 머신,10.0,18,3,54
남성,20대,61.8,초보자,스트렝스,랫 풀다운 머신,32.5,5,4,175
남성,50대,89.8,중급자,근비대,바벨 로우,55.0,9,4,72
여성,10대,54.7,중급자,근비대,사이드 레터럴 레이즈,22.5,11,3,75
여성,30대,58.4,중급자,근비대,벤치프레스,22.5,11,4,72
여성,40대,61.8,상급자,재활/건강,랫 풀다운 머신,25.0,16,2,104
남성,30대,67.7,상급자,재활/건강,바벨 스쿼트,30.0,19,2,114
여성,30대,59.6,상급자,스트렝스,벤치프레스,42.5,5,4,170
여성,20대,60.5,상급자,재활/건강,워킹 런지,17.5,20,2,102
여성,10대,56.9,초보자,재활/건강,루마니안 데드리프트,5.0,20,3,92
여성,60대 이상,35.0,중급자,스트렝스,루마니안 데드리프트,15.0,3,4,150
여성,50대,46.8,상급자,다이어트,바벨 스쿼트,20.0,16,3,60
남성,50대,61.7,초보자,스트렝스,페이스 풀,22.5,4,5,168
여성,40대,61.9,상급자,근비대,워킹 런지,35.0,10,4,63
남성,40대,74.6,초보자,다이어트,바벨 스쿼트,15.0,15,3,52
여성,20대,61.9,중급자,근비대,인클라인 덤벨 프레스,25.0,12,4,84
남성,60대 이상,61.0,중급자,스트렝스,인클라인 덤벨 프레스,42.5,3,4,179
여성,60대 이상,51.7,초보자,재활/건강,숄더 프레스 머신,7.5,15,2,108
여성,30대,57.5,상급자,다이어트,페이스 풀,25.0,16,3,45
남성,60대 이상,88.7,상급자,스트렝스,바벨 로우,97.5,3,5,173
남성,50대,64.7,상급자,재활/건강,워킹 런지,30.0,16,3,102
남성,30대,62.6,상급자,재활/건강,벤치프레스,22.5,15,3,113
여성,40대,53.5,상급자,다이어트,바벨 스쿼트,22.5,17,3,32
남성,20대,70.8,초보자,다이어트,워킹 런지,15.0,20,3,37
남성,50대,55.3,중급자,근비대,레그 익스텐션 머신,47.5,8,4,77
여성,40대,56.2,상급자,재활/건강,레그 프레스 머신,25.0,15,2,97
여성,20대,47.3,중급자,재활/건강,인클라인 덤벨 프레스,10.0,15,3,120
남성,40대,88.1,중급자,근비대,레그 컬 머신,82.5,9,4,81
여성,30대,38.2,초보자,스트렝스,벤치프레스,7.5,5,5,151
여성,50대,54.2,상급자,재활/건강,펙덱 플라이 머신,22.5,19,2,100
남성,60대 이상,54.6,상급자,다이어트,오버헤드 프레스,37.5,20,3,47
여성,10대,62.3,중급자,근비대,사이드 레터럴 레이즈,25.0,11,3,84
여성,40대,41.8,상급자,스트렝스,시티드 로우 머신,42.5,4,4,170
남성,60대 이상,75.7,상급자,근비대,바벨 로우,72.5,8,4,71
남성,20대,75.1,상급자,다이어트,숄더 프레스 머신,77.5,18,3,38
남성,60대 이상,76.6,상급자,근비대,레그 컬 머신,102.5,12,3,88
여성,20대,66.9,초보자,스트렝스,바벨 스쿼트,15.0,5,4,129
여성,30대,56.9,중급자,다이어트,벤치프레스,15.0,16,3,37
여성,10대,41.2,중급자,다이어트,레그 익스텐션 머신,15.0,16,3,60
남성,50대,77.9,초보자,스트렝스,인클라인 덤벨 프레스,30.0,5,4,126
남성,10대,85.0,초보자,재활/건강,바벨 로우,12.5,18,3,110
여성,20대,61.8,중급자,스트렝스,워킹 런지,27.5,5,4,154
남성,20대,67.5,상급자,근비대,레그 컬 머신,92.5,8,4,72
남성,50대,61.2,중급자,다이어트,어시스트 풀업 머신,42.5,16,3,57
여성,20대,49.4,초보자,근비대,바벨 로우,10.0,9,4,75
남성,20대,68.7,상급자,재활/건강,바벨 스쿼트,30.0,17,3,97
남성,50대,78.4,중급자,다이어트,사이드 레터럴 레이즈,32.5,16,3,43
여성,40대,62.6,중급자,스트렝스,워킹 런지,27.5,4,4,128
남성,50대,80.8,초보자,근비대,펙덱 플라이 머신,37.5,10,4,62
남성,10대,57.1,초보자,스트렝스,인클라인 덤벨 프레스,20.0,3,5,137
남성,40대,62.2,상급자,근비대,레그 프레스 머신,87.5,10,3,68
남성,40대,66.0,중급자,근비대,워킹 런지,40.0,9,3,68
여성,60대 이상,51.4,중급자,근비대,벤치프레스,20.0,11,3,60
여성,20대,63.6,초보자,재활/건강,오버헤드 프레스,5.0,20,2,95
여성,10대,48.3,상급자,근비대,오버헤드 프레스,30.0,8,4,83
남성,60대 이상,64.1,상급자,다이어트,숄더 프레스 머신,67.5,18,3,47
남성,50대,105.4,중급자,재활/건강,인클라인 덤벨 프레스,30.0,18,3,108
남성,10대,87.7,초보자,다이어트,벤치프레스,20.0,20,3,59
여성,50대,59.9,중급자,스트렝스,레그 컬 머신,40.0,3,5,145
여성,20대,53.0,중급자,스트렝스,펙덱 플라이 머신,37.5,3,5,145
남성,30대,79.2,초보자,근비대,시티드 로우 머신,35.0,11,4,60
여성,50대,59.7,중급자,다이어트,루마니안 데드리프트,15.0,19,3,43
남성,30대,70.2,초보자,스트렝스,벤치프레스,25.0,4,4,151
남성,60대 이상,70.0,초보자,다이어트,체스트 프레스 머신,22.5,19,3,56
남성,30대,79.1,상급자,근비대,시티드 로우 머신,107.5,8,4,81
여성,40대,54.9,초보자,재활/건강,워킹 런지,5.0,19,2,108
남성,40대,67.6,초보자,재활/건강,레그 프레스 머신,15.0,17,3,94
남성,20대,92.4,중급자,다이어트,인클라인 덤벨 프레스,37.5,18,3,43
남성,60대 이상,67.6,상급자,스트렝스,레그 프레스 머신,110.0,3,5,149
여성,40대,60.4,초보자,재활/건강,바벨 스쿼트,5.0,19,3,118
여성,50대,53.9,중급자,근비대,바벨 스쿼트,20.0,12,4,79
남성,30대,61.4,중급자,근비대,오버헤드 프레스,37.5,10,4,67
남성,10대,89.3,중급자,근비대,바벨 스쿼트,55.0,10,4,81
남성,60대 이상,79.1,중급자,근비대,인클라인 덤벨 프레스,50.0,9,3,86
남성,40대,66.5,중급자,다이어트,바벨 로우,30.0,15,3,30
남성,20대,81.8,중급자,스트렝스,사이드 레터럴 레이즈,57.5,4,5,145
여성,40대,59.2,초보자,다이어트,어시스트 풀업 머신,12.5,20,3,51
여성,40대,33.1,초보자,다이어트,어시스트 풀업 머신,5.0,18,3,59
남성,40대,76.7,상급자,다이어트,벤치프레스,47.5,19,3,54
남성,10대,76.4,중급자,스트렝스,시티드 로우 머신,82.5,5,5,132
여성,60대 이상,56.8,상급자,스트렝스,숄더 프레스 머신,60.0,3,5,171
남성,30대,54.0,초보자,근비대,숄더 프레스 머신,22.5,12,4,69
남성,20대,85.3,중급자,재활/건강,펙덱 플라이 머신,37.5,17,3,118
남성,30대,86.3,초보자,스트렝스,숄더 프레스 머신,45.0,3,5,143
남성,60대 이상,57.3,초보자,다이어트,레그 컬 머신,20.0,16,3,51
여성,30대,56.1,초보자,다이어트,워킹 런지,7.5,16,3,33
남성,50대,68.9,초보자,재활/건강,바벨 스쿼트,10.0,18,2,110
여성,10대,62.0,초보자,재활/건강,체스트 프레스 머신,10.0,17,3,95
남성,50대,69.7,중급자,스트렝스,오버헤드 프레스,52.5,5,5,131
남성,10대,57.4,중급자,근비대,레그 프레스 머신,50.0,9,4,90
여성,40대,49.2,초보자,다이어트,레그 프레스 머신,10.0,19,3,52
여성,30대,58.0,중급자,재활/건강,사이드 레터럴 레이즈,12.5,16,2,110
여성,40대,78.2,상급자,재활/건강,레그 컬 머신,35.0,19,3,90
남성,20대,57.0,초보자,스트렝스,레그 컬 머신,32.5,5,5,124
여성,20대,64.6,중급자,재활/건강,바벨 스쿼트,12.5,19,3,91
여성,30대,56.3,중급자,다이어트,레그 익스텐션 머신,22.5,17,3,35
여성,60대 이상,57.4,중급자,근비대,워킹 런지,22.5,8,4,63
여성,20대,57.7,초보자,다이어트,랫 풀다운 머신,12.5,18,3,53
여성,40대,43.6,초보자,스트렝스,레그 프레스 머신,15.0,4,5,158
여성,30대,43.9,초보자,재활/건강,벤치프레스,2.5,17,2,111
남성,50대,89.8,중급자,재활/건강,랫 풀다운 머신,32.5,15,2,95
여성,20대,64.6,중급자,스트렝스,레그 컬 머신,45.0,5,4,174
여성,20대,56.6,초보자,다이어트,오버헤드 프레스,7.5,17,3,54
남성,60대 이상,59.8,중급자,스트렝스,레그 컬 머신,62.5,3,5,171
남성,20대,58.7,초보자,다이어트,사이드 레터럴 레이즈,15.0,15,3,33
남성,30대,74.8,중급자,근비대,워킹 런지,45.0,10,3,90
남성,40대,61.5,초보자,재활/건강,벤치프레스,7.5,18,3,109
여성,20대,68.0,상급자,다이어트,어시스트 풀업 머신,47.5,19,3,56
남성,40대,73.3,초보자,스트렝스,어시스트 풀업 머신,37.5,4,5,122
여성,40대,43.5,초보자,재활/건강,워킹 런지,2.5,16,2,119
여성,30대,66.7,초보자,다이어트,레그 프레스 머신,15.0,17,3,41
여성,30대,50.8,중급자,스트렝스,체스트 프레스 머신,35.0,5,4,162
여성,20대,67.8,중급자,스트렝스,벤치프레스,30.0,5,4,162
여성,40대,62.2,상급자,다이어트,어시스트 풀업 머신,37.5,20,3,39
여성,50대,52.4,중급자,재활/건강,페이스 풀,7.5,15,2,118
남성,20대,65.0,초보자,다이어트,숄더 프레스 머신,22.5,16,3,59
여성,20대,66.6,초보자,스트렝스,루마니안 데드리프트,15.0,3,5,151
남성,10대,88.6,초보자,스트렝스,루마니안 데드리프트,32.5,3,4,163
남성,40대,54.8,상급자,스트렝스,벤치프레스,57.5,3,5,125
남성,20대,69.7,상급자,스트렝스,체스트 프레스 머신,115.0,5,5,168
남성,60대 이상,82.4,상급자,근비대,오버헤드 프레스,75.0,8,3,77
여성,50대,60.1,중급자,근비대,어시스트 풀업 머신,35.0,12,4,60
남성,20대,77.7,초보자,근비대,루마니안 데드리프트,22.5,8,4,82
남성,30대,70.2,중급자,재활/건강,인클라인 덤벨 프레스,17.5,19,3,105
여성,30대,58.4,중급자,재활/건강,시티드 로우 머신,15.0,19,2,118
남성,40대,96.1,상급자,재활/건강,숄더 프레스 머신,57.5,20,3,99
남성,20대,72.1,초보자,다이어트,페이스 풀,15.0,17,3,47
여성,60대 이상,48.0,상급자,다이어트,바벨 로우,20.0,16,3,48
남성,30대,54.0,상급자,재활/건강,레그 익스텐션 머신,37.5,16,3,112
여성,50대,59.8,상급자,스트렝스,사이드 레터럴 레이즈,42.5,3,5,149
남성,60대 이상,76.9,상급자,재활/건강,시티드 로우 머신,52.5,20,3,116
남성,40대,83.7,상급자,재활/건강,랫 풀다운 머신,60.0,18,2,117
여성,50대,45.4,상급자,재활/건강,어시스트 풀업 머신,22.5,20,3,112
남성,50대,79.1,상급자,다이어트,숄더 프레스 머신,77.5,19,3,32
여성,10대,52.3,상급자,재활/건강,랫 풀다운 머신,22.5,15,3,99
여성,50대,61.5,중급자,스트렝스,바벨 로우,27.5,3,4,126
여성,30대,64.7,초보자,근비대,체스트 프레스 머신,17.5,10,4,65
여성,50대,65.2,초보자,스트렝스,펙덱 플라이 머신,22.5,4,4,169
남성,60대 이상,85.4,상급자,재활/건강,체스트 프레스 머신,50.0,18,2,105
여성,60대 이상,55.8,초보자,스트렝스,바벨 스쿼트,12.5,4,4,180
여성,10대,64.1,초보자,근비대,인클라인 덤벨 프레스,12.5,10,4,81
여성,10대,66.7,상급자,다이어트,시티드 로우 머신,45.0,17,3,60
남성,60대 이상,81.3,상급자,스트렝스,루마니안 데드리프트,85.0,4,4,144
남성,30대,82.3,초보자,재활/건강,벤치프레스,10.0,15,2,100
여성,60대 이상,55.1,초보자,재활/건강,체스트 프레스 머신,7.5,19,3,105
남성,40대,92.4,초보자,재활/건강,페이스 풀,15.0,20,2,111
여성,60대 이상,30.9,중급자,재활/건강,시티드 로우 머신,7.5,17,3,112
여성,30대,43.5,초보자,스트렝스,어시스트 풀업 머신,15.0,4,5,136
여성,50대,67.4,상급자,근비대,바벨 스쿼트,37.5,10,4,67
남성,50대,65.9,상급자,근비대,바벨 로우,60.0,10,4,86
여성,40대,58.6,초보자,재활/건강,페이스 풀,5.0,18,2,103
남성,50대,66.8,중급자,재활/건강,레그 프레스 머신,25.0,16,3,114
여성,60대 이상,62.2,중급자,재활/건강,루마니안 데드리프트,10.0,16,3,105
남성,40대,75.1,중급자,근비대,어시스트 풀업 머신,67.5,11,4,77
여성,60대 이상,52.4,초보자,다이어트,시티드 로우 머신,12.5,19,3,36
여성,50대,52.6,초보자,근비대,오버헤드 프레스,10.0,9,4,78
남성,50대,59.9,상급자,스트렝스,바벨 로우,62.5,5,5,121
남성,20대,90.4,상급자,근비대,페이스 풀,85.0,12,4,69
남성,40대,58.6,중급자,스트렝스,체스트 프레스 머신,62.5,3,5,178
남성,10대,83.1,중급자,스트렝스,벤치프레스,62.5,4,5,172
남성,50대,77.5,중급자,다이어트,어시스트 풀업 머신,52.5,20,3,53
여성,10대,54.2,중급자,재활/건강,오버헤드 프레스,10.0,17,2,113
남성,20대,92.3,중급자,다이어트,벤치프레스,40.0,15,3,45
남성,60대 이상,91.9,상급자,다이어트,인클라인 덤벨 프레스,60.0,20,3,47
남성,40대,71.5,상급자,스트렝스,레그 컬 머신,120.0,4,5,149
남성,20대,83.8,상급자,재활/건강,벤치프레스,30.0,17,2,99
여성,20대,46.8,초보자,다이어트,바벨 스쿼트,7.5,15,3,32
남성,60대 이상,79.8,상급자,스트렝스,사이드 레터럴 레이즈,90.0,3,4,166
여성,50대,76.1,초보자,근비대,루마니안 데드리프트,12.5,12,4,81
여성,50대,60.5,상급자,근비대,오버헤드 프레스,37.5,8,4,76
여성,60대 이상,48.7,초보자,다이어트,어시스트 풀업 머신,10.0,17,3,33
여성,60대 이상,58.7,상급자,스트렝스,바벨 로우,40.0,4,4,146
여성,50대,43.5,중급자,다이어트,바벨 스쿼트,12.5,16,3,37
여성,30대,62.3,초보자,다이어트,루마니안 데드리프트,7.5,18,3,35
여성,30대,51.0,상급자,스트렝스,페이스 풀,37.5,4,5,151
여성,60대 이상,57.4,중급자,근비대,레그 익스텐션 머신,32.5,9,4,84
남성,10대,81.4,중급자,근비대,어시스트 풀업 머신,70.0,8,4,62
여성,60대 이상,52.9,중급자,다이어트,워킹 런지,12.5,20,3,45
여성,60대 이상,54.9,상급자,스트렝스,벤치프레스,37.5,4,4,142
여성,60대 이상,47.0,중급자,다이어트,숄더 프레스 머신,20.0,15,3,57
남성,10대,68.5,상급자,스트렝스,랫 풀다운 머신,115.0,5,4,149
여성,60대 이상,69.6,초보자,스트렝스,체스트 프레스 머신,22.5,4,5,139
남성,30대,66.0,초보자,근비대,인클라인 덤벨 프레스,20.0,12,3,65
여성,50대,51.4,중급자,근비대,숄더 프레스 머신,30.0,11,3,63
여성,60대 이상,55.0,중급자,스트렝스,레그 컬 머신,40.0,5,5,137
남성,40대,79.1,중급자,재활/건강,사이드 레터럴 레이즈,22.5,17,3,92
여성,30대,52.6,초보자,재활/건강,벤치프레스,5.0,20,3,95
남성,10대,76.1,중급자,다이어트,레그 컬 머신,55.0,16,3,54
여성,40대,48.4,상급자,재활/건강,시티드 로우 머신,22.5,15,3,94
여성,10대,45.8,중급자,다이어트,페이스 풀,12.5,18,3,49
여성,60대 이상,55.5,상급자,근비대,인클라인 덤벨 프레스,32.5,10,3,88
남성,40대,76.3,상급자,재활/건강,레그 컬 머신,47.5,16,3,91
남성,60대 이상,77.8,초보자,근비대,바벨 스쿼트,25.0,8,3,70
남성,60대 이상,80.9,초보자,근비대,숄더 프레스 머신,35.0,11,4,63
여성,10대,51.2,중급자,근비대,워킹 런지,20.0,9,3,89
여성,60대 이상,49.3,초보자,다이어트,페이스 풀,7.5,17,3,32
남성,30대,87.3,초보자,스트렝스,오버헤드 프레스,30.0,3,5,136
여성,30대,55.4,초보자,다이어트,벤치프레스,7.5,20,3,51
남성,40대,69.8,초보자,근비대,오버헤드 프레스,22.5,10,4,83
남성,10대,87.1,초보자,다이어트,사이드 레터럴 레이즈,17.5,19,3,31
여성,10대,38.5,중급자,재활/건강,벤치프레스,7.5,19,3,99
여성,10대,63.6,초보자,스트렝스,레그 프레스 머신,22.5,5,4,139
남성,10대,72.9,초보자,재활/건강,루마니안 데드리프트,12.5,16,2,96
남성,60대 이상,77.3,초보자,근비대,숄더 프레스 머신,37.5,9,4,83
남성,60대 이상,76.7,상급자,근비대,페이스 풀,67.5,11,4,62
여성,10대,74.9,중급자,스트렝스,랫 풀다운 머신,50.0,4,4,136
여성,60대 이상,63.9,초보자,스트렝스,사이드 레터럴 레이즈,15.0,4,4,148
여성,60대 이상,53.7,상급자,근비대,바벨 스쿼트,32.5,12,3,67
남성,30대,76.0,중급자,재활/건강,사이드 레터럴 레이즈,20.0,15,2,120
여성,10대,57.1,중급자,스트렝스,체스트 프레스 머신,40.0,3,4,132
남성,50대,71.5,초보자,스트렝스,어시스트 풀업 머신,40.0,3,5,145
여성,40대,57.8,상급자,재활/건강,워킹 런지,15.0,15,2,114
여성,30대,53.5,상급자,재활/건강,체스트 프레스 머신,22.5,20,3,110
남성,30대,73.6,상급자,스트렝스,사이드 레터럴 레이즈,80.0,4,5,132
남성,20대,80.9,상급자,스트렝스,어시스트 풀업 머신,125.0,3,4,160
여성,20대,46.7,상급자,스트렝스,레그 익스텐션 머신,47.5,3,4,177
여성,20대,58.4,초보자,근비대,체스트 프레스 머신,15.0,10,4,75
남성,60대 이상,82.2,초보자,재활/건강,오버헤드 프레스,10.0,19,2,98
여성,60대 이상,52.9,초보자,다이어트,레그 익스텐션 머신,12.5,16,3,45
남성,50대,94.0,중급자,다이어트,어시스트 풀업 머신,60.0,17,3,52
여성,20대,55.4,상급자,다이어트,오버헤드 프레스,25.0,15,3,47
여성,50대,59.0,상급자,재활/건강,어시스트 풀업 머신,22.5,19,3,105
여성,20대,39.4,상급자,스트렝스,레그 컬 머신,42.5,5,4,121
남성,10대,78.4,중급자,재활/건강,루마니안 데드리프트,20.0,20,3,98
남성,50대,87.6,초보자,스트렝스,체스트 프레스 머신,47.5,5,5,174
남성,20대,75.7,중급자,스트렝스,바벨 로우,52.5,3,5,152
여성,40대,50.3,초보자,재활/건강,시티드 로우 머신,7.5,20,2,118
여성,60대 이상,39.1,초보자,재활/건강,바벨 로우,2.5,15,3,90
여성,40대,60.9,초보자,다이어트,시티드 로우 머신,12.5,18,3,52
여성,30대,43.0,초보자,재활/건강,레그 컬 머신,5.0,19,3,109
남성,60대 이상,67.0,중급자,다이어트,페이스 풀,27.5,20,3,57
남성,20대,92.2,중급자,다이어트,바벨 로우,37.5,20,3,54
남성,20대,79.9,초보자,근비대,레그 컬 머신,37.5,12,3,87
남성,30대,106.1,상급자,재활/건강,시티드 로우 머신,60.0,19,3,116
여성,30대,53.9,초보자,다이어트,숄더 프레스 머신,10.0,20,3,55
남성,10대,84.6,중급자,재활/건강,펙덱 플라이 머신,37.5,19,2,116
남성,20대,62.9,초보자,근비대,바벨 로우,20.0,8,3,61
남성,30대,80.2,중급자,다이어트,워킹 런지,37.5,16,3,33
남성,20대,45.4,중급자,재활/건강,바벨 로우,12.5,15,2,113
남성,20대,75.8,초보자,스트렝스,펙덱 플라이 머신,40.0,5,5,156
남성,50대,74.8,중급자,다이어트,벤치프레스,32.5,16,3,36
여성,30대,80.7,초보자,스트렝스,레그 프레스 머신,27.5,5,4,148
남성,20대,73.4,중급자,스트렝스,체스트 프레스 머신,75.0,4,5,132
남성,20대,68.5,상급자,근비대,벤치프레스,62.5,10,3,83
남성,20대,71.4,초보자,재활/건강,오버헤드 프레스,10.0,17,2,117
여성,50대,60.2,중급자,스트렝스,체스트 프레스 머신,42.5,3,4,133
남성,40대,75.3,중급자,재활/건강,오버헤드 프레스,22.5,19,3,90
여성,50대,46.0,중급자,근비대,랫 풀다운 머신,25.0,10,3,78
여성,20대,38.0,초보자,근비대,페이스 풀,7.5,11,4,70
남성,50대,76.8,상급자,재활/건강,루마니안 데드리프트,35.0,17,3,118
여성,10대,49.7,중급자,재활/건강,시티드 로우 머신,15.0,19,2,100
남성,20대,84.7,상급자,스트렝스,인클라인 덤벨 프레스,95.0,4,5,147
여성,60대 이상,62.3,중급자,다이어트,사이드 레터럴 레이즈,17.5,20,3,58
남성,10대,81.6,상급자,다이어트,루마니안 데드리프트,52.5,20,3,35
여성,50대,58.7,초보자,근비대,벤치프레스,12.5,11,3,80
남성,60대 이상,82.1,중급자,근비대,바벨 스쿼트,52.5,8,4,88
남성,20대,47.1,초보자,스트렝스,사이드 레터럴 레이즈,17.5,5,5,123
남성,40대,82.9,초보자,다이어트,레그 익스텐션 머신,27.5,16,3,46
여성,30대,57.7,중급자,다이어트,체스트 프레스 머신,25.0,19,3,30
여성,10대,60.9,중급자,재활/건강,체스트 프레스 머신,17.5,16,3,105
여성,10대,65.2,상급자,재활/건강,바벨 스쿼트,20.0,15,3,120
남성,50대,74.2,상급자,재활/건강,레그 컬 머신,40.0,16,2,93
남성,60대 이상,62.4,중급자,다이어트,레그 익스텐션 머신,37.5,16,3,49
여성,60대 이상,49.8,초보자,재활/건강,시티드 로우 머신,7.5,20,2,104
여성,60대 이상,57.6,상급자,재활/건강,벤치프레스,17.5,18,3,116
남성,20대,99.4,초보자,다이어트,어시스트 풀업 머신,30.0,18,3,53
남성,40대,81.9,초보자,다이어트,펙덱 플라이 머신,30.0,17,3,39
여성,10대,55.9,초보자,스트렝스,숄더 프레스 머신,20.0,3,5,132
남성,60대 이상,76.3,상급자,근비대,숄더 프레스 머신,102.5,8,3,67
여성,10대,42.0,초보자,근비대,워킹 런지,7.5,11,3,67
남성,60대 이상,84.5,초보자,근비대,체스트 프레스 머신,37.5,12,3,60
남성,20대,90.5,초보자,근비대,워킹 런지,30.0,10,3,71
남성,20대,68.2,초보자,스트렝스,벤치프레스,25.0,3,4,157
여성,10대,58.4,상급자,스트렝스,레그 프레스 머신,65.0,3,4,176
여성,50대,71.1,초보자,스트렝스,페이스 풀,15.0,4,5,128
여성,60대 이상,55.4,중급자,스트렝스,랫 풀다운 머신,40.0,4,4,169
여성,50대,45.7,상급자,스트렝스,어시스트 풀업 머신,50.0,5,5,164
여성,50대,53.9,초보자,근비대,레그 프레스 머신,15.0,9,4,67
여성,60대 이상,56.4,중급자,다이어트,체스트 프레스 머신,22.5,17,3,44
여성,20대,46.2,상급자,근비대,펙덱 플라이 머신,40.0,8,4,60
여성,30대,42.9,상급자,재활/건강,어시스트 풀업 머신,20.0,15,3,104
남성,20대,70.1,중급자,근비대,페이스 풀,45.0,8,3,64
남성,20대,79.0,상급자,재활/건강,시티드 로우 머신,55.0,16,3,102
여성,30대,39.4,초보자,근비대,체스트 프레스 머신,10.0,12,3,84
여성,60대 이상,40.3,초보자,다이어트,바벨 로우,5.0,18,3,41
남성,20대,87.2,초보자,스트렝스,오버헤드 프레스,32.5,4,5,137
남성,40대,81.6,상급자,근비대,시티드 로우 머신,110.0,9,3,67
남성,60대 이상,82.8,중급자,근비대,레그 컬 머신,77.5,8,3,90
남성,10대,65.8,중급자,재활/건강,시티드 로우 머신,30.0,16,2,111
남성,10대,89.1,초보자,근비대,랫 풀다운 머신,40.0,11,4,80
여성,60대 이상,49.1,중급자,스트렝스,인클라인 덤벨 프레스,22.5,5,5,130
여성,60대 이상,44.9,초보자,재활/건강,사이드 레터럴 레이즈,5.0,18,2,108
여성,50대,60.1,중급자,다이어트,바벨 스쿼트,17.5,18,3,46
여성,60대 이상,54.8,초보자,다이어트,루마니안 데드리프트,7.5,16,3,42
여성,50대,53.2,초보자,재활/건강,랫 풀다운 머신,7.5,17,3,102
여성,50대,57.5,상급자,근비대,페이스 풀,35.0,12,3,89
여성,30대,59.9,초보자,스트렝스,어시스트 풀업 머신,20.0,3,4,178
여성,50대,61.2,초보자,다이어트,랫 풀다운 머신,12.5,16,3,54
남성,30대,93.3,중급자,재활/건강,펙덱 플라이 머신,42.5,17,2,102
여성,30대,51.2,상급자,재활/건강,사이드 레터럴 레이즈,15.0,20,2,109
여성,30대,50.3,초보자,스트렝스,레그 익스텐션 머신,17.5,4,5,171
남성,40대,71.5,중급자,스트렝스,루마니안 데드리프트,50.0,4,5,145
여성,40대,62.6,상급자,스트렝스,숄더 프레스 머신,70.0,5,5,169
여성,10대,53.7,상급자,스트렝스,워킹 런지,37.5,3,4,136
남성,10대,88.8,중급자,다이어트,바벨 스쿼트,37.5,18,3,36
남성,20대,98.2,초보자,스트렝스,랫 풀다운 머신,52.5,3,4,130
여성,60대 이상,63.4,초보자,스트렝스,체스트 프레스 머신,22.5,5,5,159
남성,10대,50.4,초보자,재활/건강,루마니안 데드리프트,7.5,15,2,92
남성,40대,83.5,중급자,근비대,레그 프레스 머신,70.0,8,3,79
여성,10대,49.7,초보자,다이어트,바벨 스쿼트,7.5,20,3,59
남성,20대,77.9,상급자,재활/건강,레그 프레스 머신,45.0,20,2,112
남성,20대,77.2,중급자,근비대,사이드 레터럴 레이즈,50.0,11,3,69
남성,10대,51.1,상급자,다이어트,펙덱 플라이 머신,55.0,16,3,47
여성,30대,60.0,중급자,근비대,인클라인 덤벨 프레스,22.5,8,4,89
여성,20대,69.4,상급자,재활/건강,루마니안 데드리프트,20.0,20,3,114
남성,60대 이상,69.6,중급자,재활/건강,레그 컬 머신,27.5,16,3,111
여성,50대,53.6,중급자,근비대,워킹 런지,20.0,12,4,68
남성,10대,67.9,초보자,근비대,페이스 풀,22.5,11,3,72
여성,40대,56.2,초보자,재활/건강,인클라인 덤벨 프레스,5.0,17,3,94
남성,60대 이상,77.0,초보자,재활/건강,레그 익스텐션 머신,17.5,17,3,117
여성,60대 이상,67.8,초보자,스트렝스,사이드 레터럴 레이즈,15.0,5,4,130
남성,10대,84.4,초보자,다이어트,숄더 프레스 머신,27.5,20,3,31
여성,60대 이상,52.8,초보자,근비대,벤치프레스,10.0,8,3,73
여성,40대,54.4,상급자,다이어트,벤치프레스,25.0,19,3,37
남성,50대,76.8,상급자,재활/건강,페이스 풀,35.0,17,2,120
여성,50대,67.2,중급자,재활/건강,펙덱 플라이 머신,17.5,17,2,115
여성,10대,55.0,중급자,다이어트,오버헤드 프레스,15.0,17,3,50
여성,30대,59.8,초보자,스트렝스,펙덱 플라이 머신,20.0,3,4,177
여성,30대,57.7,중급자,근비대,랫 풀다운 머신,32.5,8,3,67
남성,10대,87.5,초보자,다이어트,바벨 스쿼트,20.0,17,3,31
남성,10대,64.7,상급자,근비대,숄더 프레스 머신,92.5,12,4,68
여성,20대,49.0,초보자,재활/건강,레그 익스텐션 머신,7.5,20,3,120
여성,50대,53.8,중급자,스트렝스,바벨 로우,25.0,3,4,178
여성,20대,49.9,초보자,다이어트,사이드 레터럴 레이즈,7.5,15,3,46
여성,50대,55.9,초보자,스트렝스,레그 익스텐션 머신,20.0,5,4,165
남성,10대,64.0,상급자,재활/건강,오버헤드 프레스,25.0,19,3,115
여성,20대,63.9,중급자,재활/건강,레그 익스텐션 머신,15.0,20,2,120
남성,60대 이상,73.0,상급자,재활/건강,페이스 풀,35.0,16,2,109
남성,30대,76.3,상급자,근비대,루마니안 데드리프트,70.0,8,3,83
남성,20대,88.8,초보자,재활/건강,워킹 런지,12.5,17,2,97
여성,40대,55.1,상급자,스트렝스,워킹 런지,37.5,5,4,127
여성,20대,42.6,중급자,스트렝스,어시스트 풀업 머신,30.0,4,5,129
남성,50대,75.7,중급자,근비대,바벨 로우,45.0,8,4,77
남성,50대,65.1,상급자,재활/건강,숄더 프레스 머신,37.5,20,3,120
남성,10대,83.9,초보자,재활/건강,인클라인 덤벨 프레스,12.5,15,2,118
여성,50대,59.0,초보자,스트렝스,사이드 레터럴 레이즈,12.5,3,5,158
여성,50대,54.2,초보자,다이어트,레그 프레스 머신,12.5,19,3,50
남성,30대,79.5,상급자,스트렝스,레그 프레스 머신,125.0,3,5,155
여성,60대 이상,51.1,중급자,다이어트,레그 익스텐션 머신,22.5,20,3,57
남성,20대,74.2,중급자,근비대,시티드 로우 머신,67.5,11,3,63
여성,50대,42.3,상급자,스트렝스,레그 컬 머신,47.5,4,5,170
남성,40대,76.4,초보자,다이어트,오버헤드 프레스,15.0,16,3,33
남성,40대,75.2,중급자,근비대,벤치프레스,45.0,8,4,70
여성,10대,56.4,상급자,스트렝스,체스트 프레스 머신,62.5,3,5,140
여성,50대,59.9,초보자,재활/건강,체스트 프레스 머신,7.5,15,3,118
남성,20대,73.2,초보자,다이어트,랫 풀다운 머신,22.5,19,3,46
여성,10대,57.5,초보자,근비대,랫 풀다운 머신,15.0,10,4,64
남성,40대,69.4,상급자,재활/건강,워킹 런지,27.5,16,3,92
남성,30대,68.6,초보자,근비대,바벨 로우,20.0,11,3,66
여성,10대,59.9,초보자,재활/건강,사이드 레터럴 레이즈,5.0,15,2,107
남성,30대,94.5,중급자,스트렝스,벤치프레스,65.0,3,4,171
남성,30대,92.0,초보자,스트렝스,오버헤드 프레스,35.0,5,4,149
남성,30대,78.9,초보자,스트렝스,페이스 풀,27.5,4,4,161
여성,40대,43.4,상급자,스트렝스,펙덱 플라이 머신,47.5,4,4,166
여성,40대,53.5,초보자,스트렝스,레그 컬 머신,17.5,5,4,172
남성,50대,87.6,초보자,재활/건강,워킹 런지,12.5,16,2,117
남성,10대,71.7,중급자,다이어트,레그 컬 머신,47.5,18,3,32
남성,40대,61.2,초보자,근비대,사이드 레터럴 레이즈,17.5,12,4,85
남성,50대,83.8,상급자,스트렝스,루마니안 데드리프트,87.5,5,4,180
여성,20대,54.8,상급자,재활/건강,레그 컬 머신,22.5,15,3,107
남성,40대,88.2,중급자,재활/건강,레그 프레스 머신,37.5,18,3,101
여성,60대 이상,44.5,초보자,재활/건강,펙덱 플라이 머신,7.5,19,3,118
여성,20대,52.3,초보자,스트렝스,인클라인 덤벨 프레스,12.5,4,4,124
남성,10대,76.7,중급자,재활/건강,체스트 프레스 머신,32.5,17,2,112
남성,20대,70.0,중급자,재활/건강,펙덱 플라이 머신,27.5,15,3,96
여성,20대,46.1,초보자,스트렝스,레그 익스텐션 머신,15.0,5,4,143
남성,60대 이상,73.1,초보자,다이어트,펙덱 플라이 머신,25.0,19,3,46
남성,20대,77.8,초보자,재활/건강,페이스 풀,10.0,20,2,96
여성,30대,70.6,상급자,스트렝스,사이드 레터럴 레이즈,50.0,3,4,141
남성,30대,81.1,초보자,스트렝스,바벨 스쿼트,30.0,4,4,126
남성,20대,75.0,초보자,다이어트,레그 익스텐션 머신,25.0,15,3,56
여성,20대,56.9,상급자,스트렝스,레그 익스텐션 머신,60.0,4,5,169
남성,50대,72.9,초보자,근비대,페이스 풀,22.5,10,3,85
남성,40대,72.1,중급자,근비대,오버헤드 프레스,45.0,12,4,73
여성,10대,46.9,상급자,재활/건강,레그 프레스 머신,20.0,17,2,116
남성,40대,62.2,상급자,재활/건강,페이스 풀,30.0,20,3,96
여성,20대,51.9,상급자,근비대,오버헤드 프레스,32.5,8,4,75
남성,20대,72.4,초보자,다이어트,바벨 로우,15.0,19,3,51
남성,10대,85.3,초보자,근비대,시티드 로우 머신,40.0,8,4,88
여성,60대 이상,61.5,초보자,다이어트,레그 프레스 머신,12.5,16,3,59
남성,60대 이상,74.1,중급자,다이어트,펙덱 플라이 머신,52.5,15,3,48
남성,60대 이상,78.1,상급자,다이어트,펙덱 플라이 머신,80.0,17,3,33
남성,20대,76.9,상급자,스트렝스,체스트 프레스 머신,127.5,4,5,124
남성,20대,68.8,중급자,근비대,바벨 로우,42.5,8,4,84
남성,30대,82.7,상급자,재활/건강,바벨 로우,35.0,16,3,93
남성,20대,80.5,초보자,다이어트,체스트 프레스 머신,25.0,18,3,43
여성,10대,59.4,중급자,근비대,인클라인 덤벨 프레스,22.5,12,3,77
여성,20대,60.2,상급자,스트렝스,어시스트 풀업 머신,65.0,5,5,123
여성,60대 이상,48.9,중급자,근비대,숄더 프레스 머신,27.5,12,4,65
남성,20대,77.3,중급자,근비대,랫 풀다운 머신,70.0,9,3,75
남성,10대,75.6,상급자,스트렝스,어시스트 풀업 머신,125.0,4,4,132
남성,30대,63.6,상급자,재활/건강,오버헤드 프레스,25.0,17,2,98
여성,40대,47.4,상급자,다이어트,인클라인 덤벨 프레스,20.0,20,3,55
여성,40대,57.7,상급자,근비대,레그 익스텐션 머신,52.5,8,3,69
여성,50대,52.2,초보자,스트렝스,어시스트 풀업 머신,17.5,4,4,144
여성,30대,52.4,중급자,다이어트,레그 프레스 머신,20.0,18,3,39
남성,30대,73.6,중급자,다이어트,페이스 풀,35.0,19,3,39
남성,60대 이상,70.7,중급자,다이어트,루마니안 데드리프트,32.5,16,3,39
여성,50대,50.3,초보자,스트렝스,바벨 스쿼트,12.5,3,5,171
남성,30대,82.0,상급자,스트렝스,레그 프레스 머신,137.5,5,4,150
여성,10대,60.2,상급자,스트렝스,어시스트 풀업 머신,65.0,4,5,127
여성,30대,72.3,상급자,스트렝스,바벨 로우,50.0,3,5,123
여성,20대,34.9,초보자,근비대,사이드 레터럴 레이즈,7.5,11,3,63
남성,20대,65.3,초보자,근비대,시티드 로우 머신,30.0,11,4,83
여성,40대,53.8,중급자,스트렝스,펙덱 플라이 머신,35.0,4,4,162
여성,50대,62.2,중급자,근비대,펙덱 플라이 머신,37.5,9,3,72
남성,50대,75.8,초보자,다이어트,레그 프레스 머신,25.0,20,3,45
여성,30대,42.9,초보자,재활/건강,레그 프레스 머신,5.0,20,2,113
여성,40대,46.2,초보자,스트렝스,인클라인 덤벨 프레스,10.0,4,4,132
여성,20대,62.5,중급자,스트렝스,레그 익스텐션 머신,40.0,4,5,168
여성,10대,53.1,중급자,다이어트,숄더 프레스 머신,25.0,19,3,30
남성,50대,66.7,초보자,스트렝스,레그 익스텐션 머신,35.0,3,4,158
여성,50대,55.0,상급자,다이어트,워킹 런지,22.5,20,3,60
여성,50대,62.8,상급자,근비대,바벨 로우,37.5,10,4,76
여성,20대,54.9,중급자,다이어트,레그 익스텐션 머신,25.0,18,3,42
여성,50대,54.2,상급자,다이어트,페이스 풀,22.5,18,3,36
남성,50대,73.8,중급자,스트렝스,루마니안 데드리프트,55.0,4,5,172
여성,50대,64.3,상급자,다이어트,레그 컬 머신,45.0,17,3,41
남성,40대,73.2,초보자,재활/건강,오버헤드 프레스,10.0,19,2,114
여성,30대,58.7,중급자,재활/건강,인클라인 덤벨 프레스,10.0,18,3,99
여성,30대,51.6,초보자,근비대,시티드 로우 머신,15.0,10,4,80
여성,10대,60.8,중급자,다이어트,바벨 스쿼트,17.5,16,3,30
여성,20대,57.9,상급자,재활/건강,루마니안 데드리프트,17.5,18,3,118
남성,10대,71.6,중급자,다이어트,체스트 프레스 머신,45.0,16,3,39
여성,40대,51.8,중급자,스트렝스,레그 컬 머신,35.0,3,4,155
여성,40대,56.5,상급자,재활/건강,시티드 로우 머신,22.5,20,2,106
남성,30대,82.3,상급자,근비대,바벨 스쿼트,70.0,12,4,64
여성,40대,53.3,중급자,근비대,레그 컬 머신,27.5,9,3,76
여성,40대,67.2,중급자,재활/건강,루마니안 데드리프트,12.5,16,2,119
남성,50대,67.8,중급자,근비대,레그 컬 머신,62.5,8,3,73
여성,30대,42.9,중급자,스트렝스,레그 컬 머신,30.0,4,4,121
여성,40대,58.2,상급자,스트렝스,오버헤드 프레스,42.5,3,5,172
여성,60대 이상,54.7,상급자,다이어트,워킹 런지,25.0,20,3,54
남성,60대 이상,70.6,초보자,재활/건강,루마니안 데드리프트,12.5,16,2,118
남성,30대,69.0,상급자,재활/건강,레그 익스텐션 머신,47.5,19,2,90
여성,40대,43.1,중급자,다이어트,레그 프레스 머신,17.5,16,3,46
여성,40대,46.1,초보자,근비대,벤치프레스,7.5,10,4,73
남성,30대,83.7,상급자,근비대,오버헤드 프레스,72.5,12,4,65
남성,10대,75.9,상급자,근비대,펙덱 플라이 머신,107.5,11,3,82
남성,30대,81.3,중급자,재활/건강,시티드 로우 머신,37.5,19,2,99
여성,20대,53.1,상급자,근비대,오버헤드 프레스,32.5,8,4,62
여성,40대,62.1,초보자,근비대,레그 프레스 머신,17.5,12,3,72
남성,40대,78.6,초보자,재활/건강,사이드 레터럴 레이즈,10.0,16,2,105
남성,20대,78.1,중급자,스트렝스,오버헤드 프레스,52.5,4,5,138
여성,50대,58.5,중급자,재활/건강,레그 프레스 머신,12.5,18,2,115
남성,40대,84.8,중급자,다이어트,시티드 로우 머신,55.0,16,3,59
남성,30대,83.3,상급자,다이어트,인클라인 덤벨 프레스,57.5,20,3,59
여성,20대,55.8,상급자,근비대,오버헤드 프레스,35.0,12,3,78
여성,50대,56.6,상급자,재활/건강,바벨 스쿼트,17.5,20,3,105
남성,30대,85.1,초보자,근비대,바벨 스쿼트,25.0,10,4,90
남성,30대,91.9,초보자,다이어트,바벨 스쿼트,20.0,20,3,45
남성,20대,47.7,초보자,재활/건강,사이드 레터럴 레이즈,7.5,17,2,119
남성,40대,62.7,상급자,스트렝스,사이드 레터럴 레이즈,65.0,5,5,157
남성,60대 이상,70.3,중급자,스트렝스,루마니안 데드리프트,52.5,3,4,138
남성,30대,74.8,상급자,다이어트,사이드 레터럴 레이즈,47.5,18,3,36
여성,50대,54.2,상급자,재활/건강,루마니안 데드리프트,17.5,19,2,104
남성,40대,73.9,중급자,재활/건강,페이스 풀,20.0,18,3,100
남성,10대,69.5,상급자,다이어트,체스트 프레스 머신,70.0,15,3,46
여성,30대,72.9,상급자,다이어트,인클라인 덤벨 프레스,32.5,15,3,40
여성,10대,68.1,상급자,근비대,사이드 레터럴 레이즈,42.5,9,3,70
여성,50대,44.0,상급자,스트렝스,레그 컬 머신,47.5,4,4,160
남성,10대,75.4,중급자,다이어트,워킹 런지,32.5,17,3,34
여성,60대 이상,55.1,중급자,다이어트,체스트 프레스 머신,22.5,20,3,44
여성,50대,43.4,중급자,스트렝스,레그 컬 머신,30.0,5,5,148
남성,50대,80.5,상급자,재활/건강,페이스 풀,35.0,16,2,98
남성,50대,76.5,초보자,다이어트,페이스 풀,17.5,15,3,43
남성,50대,74.4,중급자,스트렝스,인클라인 덤벨 프레스,55.0,5,4,147
여성,20대,56.4,상급자,스트렝스,숄더 프레스 머신,60.0,3,4,144
여성,50대,43.9,초보자,재활/건강,바벨 로우,2.5,18,2,107
남성,60대 이상,75.7,중급자,재활/건강,레그 프레스 머신,32.5,18,3,103
남성,50대,95.9,초보자,스트렝스,펙덱 플라이 머신,50.0,5,4,128
여성,30대,59.0,상급자,스트렝스,워킹 런지,42.5,4,5,169
남성,30대,78.9,중급자,다이어트,바벨 스쿼트,32.5,19,3,42
여성,40대,55.8,초보자,근비대,체스트 프레스 머신,15.0,12,4,80
여성,40대,63.9,상급자,다이어트,인클라인 덤벨 프레스,27.5,17,3,53
여성,60대 이상,55.2,중급자,근비대,워킹 런지,20.0,9,3,85
남성,50대,70.4,상급자,다이어트,시티드 로우 머신,62.5,20,3,49
남성,30대,84.7,중급자,다이어트,인클라인 덤벨 프레스,35.0,20,3,42
여성,60대 이상,52.7,초보자,근비대,페이스 풀,10.0,10,4,86
남성,40대,78.4,상급자,근비대,워킹 런지,70.0,8,3,66
여성,10대,53.6,상급자,근비대,사이드 레터럴 레이즈,30.0,8,3,79
여성,20대,55.7,초보자,스트렝스,숄더 프레스 머신,20.0,3,4,131
여성,40대,38.1,상급자,근비대,오버헤드 프레스,22.5,11,3,65
여성,50대,57.7,중급자,스트렝스,바벨 스쿼트,25.0,3,5,153
남성,50대,82.0,상급자,재활/건강,체스트 프레스 머신,45.0,16,3,116
남성,30대,61.5,상급자,다이어트,워킹 런지,40.0,18,3,60
여성,20대,45.2,상급자,다이어트,레그 익스텐션 머신,32.5,17,3,41
여성,10대,61.8,중급자,재활/건강,오버헤드 프레스,10.0,16,2,110
여성,40대,54.2,초보자,근비대,레그 프레스 머신,15.0,8,4,75
여성,60대 이상,62.8,상급자,재활/건강,체스트 프레스 머신,30.0,18,2,94
여성,20대,54.0,상급자,근비대,인클라인 덤벨 프레스,32.5,10,4,62
남성,20대,89.5,초보자,근비대,레그 프레스 머신,37.5,8,4,82
여성,50대,58.2,중급자,근비대,사이드 레터럴 레이즈,20.0,12,4,90
남성,60대 이상,74.6,초보자,다이어트,펙덱 플라이 머신,25.0,20,3,31
남성,10대,57.2,초보자,근비대,인클라인 덤벨 프레스,17.5,12,3,70
남성,60대 이상,59.2,초보자,스트렝스,바벨 스쿼트,22.5,5,5,122
여성,10대,61.5,초보자,재활/건강,레그 프레스 머신,7.5,20,2,116
남성,20대,59.8,중급자,근비대,워킹 런지,35.0,11,4,73
남성,10대,77.0,상급자,재활/건강,벤치프레스,30.0,20,3,90
남성,50대,75.9,초보자,스트렝스,레그 익스텐션 머신,40.0,4,5,180
여성,40대,40.2,중급자,다이어트,랫 풀다운 머신,15.0,19,3,51
남성,30대,95.1,상급자,다이어트,벤치프레스,57.5,18,3,53
남성,20대,90.5,중급자,근비대,인클라인 덤벨 프레스,55.0,10,3,72
남성,50대,79.2,상급자,다이어트,랫 풀다운 머신,75.0,20,3,30
여성,40대,48.8,초보자,스트렝스,벤치프레스,10.0,4,4,168
남성,40대,67.5,중급자,다이어트,랫 풀다운 머신,45.0,16,3,41
남성,30대,71.5,초보자,재활/건강,루마니안 데드리프트,10.0,20,3,117
남성,10대,82.5,상급자,다이어트,벤치프레스,57.5,18,3,38
남성,60대 이상,79.9,초보자,스트렝스,숄더 프레스 머신,45.0,5,4,159
남성,40대,67.0,상급자,재활/건강,벤치프레스,27.5,16,2,117
남성,60대 이상,62.7,상급자,근비대,레그 익스텐션 머신,82.5,10,3,73
여성,10대,49.7,중급자,근비대,워킹 런지,17.5,11,3,78
남성,20대,71.8,중급자,재활/건강,시티드 로우 머신,27.5,20,3,110
여성,30대,67.0,초보자,다이어트,루마니안 데드리프트,10.0,18,3,59
남성,30대,77.3,초보자,스트렝스,숄더 프레스 머신,40.0,5,4,160
여성,60대 이상,63.7,상급자,다이어트,페이스 풀,27.5,17,3,49
여성,30대,61.1,중급자,재활/건강,시티드 로우 머신,15.0,17,3,116
여성,10대,45.0,중급자,스트렝스,펙덱 플라이 머신,32.5,5,4,158
남성,60대 이상,66.5,초보자,재활/건강,루마니안 데드리프트,10.0,20,2,112
남성,30대,71.0,초보자,근비대,숄더 프레스 머신,35.0,9,3,68
여성,30대,47.1,상급자,근비대,레그 컬 머신,42.5,11,3,66
여성,60대 이상,52.1,상급자,재활/건강,루마니안 데드리프트,12.5,15,2,107
남성,20대,80.4,중급자,다이어트,펙덱 플라이 머신,57.5,15,3,56
남성,60대 이상,86.1,중급자,재활/건강,페이스 풀,20.0,16,3,94
여성,30대,66.0,상급자,다이어트,펙덱 플라이 머신,45.0,15,3,39
남성,30대,59.3,초보자,근비대,레그 컬 머신,25.0,12,3,89
남성,10대,62.5,초보자,재활/건강,페이스 풀,7.5,19,3,112
남성,40대,68.3,중급자,다이어트,레그 컬 머신,47.5,16,3,45
남성,20대,83.3,중급자,스트렝스,시티드 로우 머신,87.5,3,5,129
여성,50대,51.7,초보자,스트렝스,랫 풀다운 머신,17.5,5,5,176
여성,60대 이상,54.6,상급자,다이어트,바벨 스쿼트,22.5,16,3,48
여성,60대 이상,42.8,초보자,다이어트,벤치프레스,5.0,16,3,35
남성,60대 이상,60.8,상급자,스트렝스,바벨 스쿼트,67.5,3,5,180
여성,40대,45.9,중급자,근비대,인클라인 덤벨 프레스,17.5,10,4,87
여성,60대 이상,46.0,초보자,재활/건강,레그 프레스 머신,7.5,20,2,97
남성,40대,63.3,상급자,스트렝스,어시스트 풀업 머신,102.5,4,5,133
남성,60대 이상,65.7,초보자,재활/건강,레그 프레스 머신,12.5,15,2,117
여성,30대,50.4,초보자,스트렝스,워킹 런지,12.5,4,5,159
남성,40대,54.8,중급자,다이어트,벤치프레스,25.0,20,3,40
여성,60대 이상,49.8,중급자,다이어트,사이드 레터럴 레이즈,15.0,18,3,55
남성,30대,104.5,상급자,재활/건강,바벨 스쿼트,40.0,20,3,97
여성,30대,51.4,초보자,다이어트,레그 프레스 머신,10.0,15,3,33
여성,10대,47.1,초보자,근비대,숄더 프레스 머신,12.5,9,4,84
여성,40대,50.3,중급자,다이어트,시티드 로우 머신,20.0,16,3,50
남성,50대,76.2,상급자,재활/건강,벤치프레스,35.0,17,2,95
남성,50대,66.7,중급자,스트렝스,숄더 프레스 머신,72.5,3,4,176
남성,30대,59.2,중급자,스트렝스,펙덱 플라이 머신,67.5,4,4,175
남성,30대,70.1,초보자,근비대,어시스트 풀업 머신,32.5,9,4,83
여성,40대,52.8,중급자,스트렝스,바벨 스쿼트,22.5,3,4,151
남성,50대,90.8,중급자,근비대,페이스 풀,57.5,9,4,83
남성,60대 이상,78.2,초보자,다이어트,인클라인 덤벨 프레스,15.0,17,3,48
여성,40대,44.8,초보자,근비대,바벨 로우,10.0,9,4,69
남성,20대,68.5,상급자,스트렝스,시티드 로우 머신,105.0,3,5,164
여성,60대 이상,60.0,중급자,근비대,인클라인 덤벨 프레스,22.5,11,3,83
남성,30대,53.4,초보자,다이어트,페이스 풀,12.5,20,3,33
남성,20대,82.1,초보자,근비대,레그 프레스 머신,37.5,10,4,87
남성,40대,94.8,중급자,다이어트,체스트 프레스 머신,62.5,16,3,40
남성,20대,62.8,초보자,재활/건강,랫 풀다운 머신,15.0,19,3,93
여성,40대,54.4,중급자,재활/건강,어시스트 풀업 머신,12.5,20,2,95
남성,20대,78.0,상급자,근비대,레그 익스텐션 머신,105.0,11,3,65
남성,10대,84.2,상급자,재활/건강,워킹 런지,32.5,19,3,109
남성,30대,69.0,상급자,근비대,바벨 로우,62.5,11,3,83
남성,20대,70.9,초보자,스트렝스,사이드 레터럴 레이즈,25.0,4,4,161
여성,50대,72.4,중급자,다이어트,시티드 로우 머신,27.5,16,3,55
남성,40대,83.0,중급자,다이어트,사이드 레터럴 레이즈,35.0,15,3,52
남성,50대,59.5,상급자,재활/건강,벤치프레스,25.0,20,3,108
남성,50대,89.5,상급자,근비대,벤치프레스,77.5,8,4,73
여성,50대,42.1,초보자,다이어트,벤치프레스,5.0,18,3,36
여성,40대,43.9,상급자,근비대,인클라인 덤벨 프레스,25.0,11,4,85
여성,60대 이상,46.7,초보자,스트렝스,벤치프레스,10.0,4,5,180
남성,20대,66.9,초보자,다이어트,인클라인 덤벨 프레스,15.0,15,3,49
여성,10대,39.2,중급자,다이어트,랫 풀다운 머신,17.5,19,3,37
남성,10대,77.2,상급자,근비대,페이스 풀,70.0,8,3,80
남성,50대,74.5,중급자,재활/건강,레그 프레스 머신,27.5,18,3,104
남성,40대,95.5,중급자,다이어트,레그 프레스 머신,60.0,15,3,48
여성,40대,54.3,초보자,다이어트,벤치프레스,7.5,17,3,42
여성,40대,57.7,초보자,근비대,바벨 로우,10.0,10,4,81
남성,60대 이상,75.6,초보자,다이어트,레그 컬 머신,27.5,17,3,30
여성,60대 이상,54.2,중급자,재활/건강,인클라인 덤벨 프레스,10.0,15,2,103
남성,50대,77.4,상급자,근비대,오버헤드 프레스,70.0,10,3,71
여성,10대,57.3,중급자,재활/건강,펙덱 플라이 머신,15.0,20,3,93
남성,40대,92.4,상급자,다이어트,랫 풀다운 머신,85.0,17,3,41
남성,30대,59.4,초보자,스트렝스,페이스 풀,22.5,3,5,127
여성,10대,51.9,중급자,다이어트,페이스 풀,15.0,19,3,53
여성,30대,63.7,초보자,재활/건강,루마니안 데드리프트,5.0,17,3,100
남성,40대,74.7,중급자,스트렝스,랫 풀다운 머신,82.5,4,5,153
남성,30대,80.0,상급자,재활/건강,숄더 프레스 머신,57.5,18,3,120
여성,10대,51.1,상급자,재활/건강,랫 풀다운 머신,20.0,15,2,94
남성,20대,67.8,초보자,스트렝스,어시스트 풀업 머신,35.0,5,4,175
여성,50대,52.5,중급자,다이어트,레그 컬 머신,22.5,15,3,46
남성,60대 이상,89.8,상급자,스트렝스,레그 컬 머신,152.5,5,4,167
남성,50대,75.5,초보자,재활/건강,벤치프레스,10.0,18,3,120
여성,20대,51.6,중급자,근비대,시티드 로우 머신,30.0,10,4,61
여성,10대,55.6,중급자,스트렝스,시티드 로우 머신,35.0,4,4,165
남성,60대 이상,76.2,중급자,다이어트,바벨 스쿼트,37.5,19,3,49
여성,20대,57.8,초보자,근비대,워킹 런지,12.5,11,3,70
남성,10대,81.4,중급자,근비대,바벨 로우,47.5,9,3,71
여성,20대,56.6,초보자,스트렝스,오버헤드 프레스,12.5,4,5,150
남성,10대,69.4,초보자,다이어트,워킹 런지,15.0,18,3,46
여성,60대 이상,61.4,초보자,다이어트,바벨 스쿼트,10.0,15,3,42
여성,30대,56.7,상급자,다이어트,시티드 로우 머신,35.0,15,3,54
여성,20대,73.7,중급자,다이어트,랫 풀다운 머신,32.5,20,3,48
여성,20대,51.6,중급자,다이어트,숄더 프레스 머신,22.5,16,3,59
여성,50대,47.6,초보자,근비대,오버헤드 프레스,10.0,9,3,82
남성,30대,54.6,초보자,스트렝스,레그 프레스 머신,30.0,5,4,137
남성,30대,70.0,상급자,다이어트,루마니안 데드리프트,42.5,17,3,43
여성,20대,50.3,상급자,재활/건강,숄더 프레스 머신,22.5,16,3,119
남성,60대 이상,81.8,초보자,다이어트,페이스 풀,17.5,20,3,59
여성,20대,57.5,상급자,재활/건강,펙덱 플라이 머신,25.0,20,2,93
여성,50대,56.0,상급자,근비대,체스트 프레스 머신,47.5,9,3,64
남성,60대 이상,72.4,초보자,스트렝스,사이드 레터럴 레이즈,27.5,3,4,179
남성,30대,112.4,상급자,다이어트,인클라인 덤벨 프레스,77.5,15,3,39
남성,20대,82.1,초보자,스트렝스,펙덱 플라이 머신,42.5,5,5,137
남성,50대,81.4,상급자,재활/건강,인클라인 덤벨 프레스,32.5,17,3,107
남성,10대,76.4,상급자,다이어트,숄더 프레스 머신,75.0,20,3,46
남성,10대,88.4,상급자,근비대,시티드 로우 머신,117.5,10,3,86
남성,50대,81.7,상급자,스트렝스,레그 익스텐션 머신,137.5,5,5,143
남성,10대,80.9,중급자,다이어트,오버헤드 프레스,32.5,20,3,48
남성,40대,83.2,중급자,다이어트,펙덱 플라이 머신,55.0,17,3,50
남성,20대,94.3,상급자,스트렝스,랫 풀다운 머신,150.0,3,5,177
여성,60대 이상,67.1,상급자,재활/건강,벤치프레스,20.0,19,3,98
여성,50대,51.0,상급자,근비대,페이스 풀,32.5,9,4,61
남성,20대,78.1,초보자,재활/건강,시티드 로우 머신,15.0,20,3,99
남성,10대,58.3,상급자,다이어트,랫 풀다운 머신,60.0,18,3,46
여성,10대,40.1,상급자,근비대,레그 익스텐션 머신,35.0,11,3,77
남성,40대,89.4,중급자,근비대,숄더 프레스 머신,80.0,12,3,89
여성,50대,58.1,초보자,다이어트,오버헤드 프레스,7.5,19,3,52
여성,40대,53.6,초보자,근비대,체스트 프레스 머신,15.0,12,3,85
여성,60대 이상,61.7,중급자,재활/건강,바벨 로우,10.0,16,2,99
남성,10대,74.2,초보자,스트렝스,오버헤드 프레스,27.5,4,4,175
남성,10대,63.3,상급자,스트렝스,체스트 프레스 머신,105.0,3,4,147
여성,10대,64.3,상급자,재활/건강,바벨 스쿼트,17.5,15,3,103
남성,40대,52.2,중급자,재활/건강,랫 풀다운 머신,20.0,20,3,108
여성,50대,45.5,중급자,스트렝스,레그 익스텐션 머신,32.5,5,4,123
남성,40대,77.8,상급자,다이어트,체스트 프레스 머신,72.5,19,3,56
여성,10대,61.9,중급자,재활/건강,루마니안 데드리프트,10.0,18,2,108
여성,40대,55.2,중급자,스트렝스,오버헤드 프레스,25.0,5,5,160
여성,30대,60.8,상급자,다이어트,레그 익스텐션 머신,40.0,17,3,45
남성,40대,72.8,초보자,스트렝스,시티드 로우 머신,40.0,4,4,172
남성,60대 이상,66.7,중급자,다이어트,레그 컬 머신,42.5,16,3,35
남성,50대,69.9,초보자,스트렝스,사이드 레터럴 레이즈,25.0,3,5,122
남성,60대 이상,83.1,상급자,근비대,워킹 런지,77.5,12,3,89
여성,50대,60.6,초보자,근비대,숄더 프레스 머신,17.5,9,4,62
여성,60대 이상,53.0,초보자,재활/건강,바벨 스쿼트,5.0,19,2,98
여성,40대,57.6,초보자,스트렝스,루마니안 데드리프트,12.5,5,4,173
여성,60대 이상,64.0,초보자,근비대,바벨 로우,12.5,12,3,86
여성,50대,51.8,초보자,근비대,어시스트 풀업 머신,15.0,9,4,70
남성,10대,57.8,중급자,재활/건강,루마니안 데드리프트,17.5,19,3,94
남성,30대,75.0,중급자,근비대,어시스트 풀업 머신,65.0,9,4,75
남성,10대,99.6,중급자,다이어트,워킹 런지,45.0,16,3,45
여성,10대,48.6,상급자,다이어트,어시스트 풀업 머신,32.5,16,3,36
남성,30대,68.0,초보자,재활/건강,어시스트 풀업 머신,15.0,15,2,95
남성,40대,76.6,상급자,근비대,레그 컬 머신,107.5,8,4,89
여성,50대,63.6,상급자,스트렝스,워킹 런지,47.5,5,4,136
여성,40대,54.7,초보자,스트렝스,시티드 로우 머신,17.5,5,4,125
남성,10대,79.5,중급자,근비대,레그 익스텐션 머신,67.5,10,4,60
남성,20대,82.9,중급자,근비대,인클라인 덤벨 프레스,47.5,11,4,81
여성,40대,61.8,중급자,재활/건강,레그 익스텐션 머신,15.0,16,2,96
남성,30대,58.5,중급자,근비대,사이드 레터럴 레이즈,35.0,9,3,79
여성,50대,56.7,상급자,재활/건강,워킹 런지,12.5,15,2,102
남성,50대,85.5,중급자,재활/건강,레그 컬 머신,40.0,19,2,119
여성,60대 이상,66.8,중급자,재활/건강,루마니안 데드리프트,12.5,17,2,94
여성,30대,50.5,초보자,근비대,사이드 레터럴 레이즈,10.0,9,3,65
여성,50대,45.4,중급자,근비대,레그 프레스 머신,27.5,12,3,81
남성,40대,68.7,초보자,다이어트,숄더 프레스 머신,25.0,16,3,38
여성,60대 이상,57.9,초보자,재활/건강,페이스 풀,5.0,16,3,99
남성,10대,74.3,초보자,근비대,바벨 스쿼트,22.5,11,3,71
남성,10대,79.9,상급자,다이어트,워킹 런지,50.0,20,3,33
남성,20대,70.6,중급자,재활/건강,바벨 스쿼트,20.0,16,2,111
여성,20대,59.2,상급자,근비대,레그 익스텐션 머신,52.5,9,4,67
여성,60대 이상,75.9,초보자,스트렝스,어시스트 풀업 머신,25.0,3,4,161
남성,40대,79.6,상급자,근비대,페이스 풀,75.0,10,4,87
여성,60대 이상,63.5,상급자,근비대,숄더 프레스 머신,57.5,8,3,74
남성,40대,76.7,초보자,재활/건강,체스트 프레스 머신,17.5,17,2,100
남성,40대,86.3,초보자,다이어트,벤치프레스,20.0,17,3,30
여성,60대 이상,60.4,중급자,근비대,인클라인 덤벨 프레스,22.5,8,4,79
남성,30대,75.2,상급자,다이어트,레그 익스텐션 머신,72.5,20,3,33
여성,20대,55.0,중급자,다이어트,벤치프레스,15.0,17,3,55
남성,50대,94.1,상급자,재활/건강,레그 익스텐션 머신,57.5,16,3,103
남성,30대,66.8,상급자,다이어트,워킹 런지,45.0,17,3,47
남성,50대,84.0,중급자,스트렝스,루마니안 데드리프트,60.0,5,4,139
여성,60대 이상,59.3,상급자,스트렝스,숄더 프레스 머신,60.0,3,5,164
남성,30대,89.4,중급자,재활/건강,사이드 레터럴 레이즈,22.5,20,2,99
여성,60대 이상,45.9,중급자,근비대,체스트 프레스 머신,25.0,11,3,78
여성,40대,63.6,초보자,재활/건강,랫 풀다운 머신,7.5,19,3,102
여성,30대,52.7,상급자,다이어트,페이스 풀,22.5,17,3,34
남성,50대,96.4,상급자,스트렝스,오버헤드 프레스,105.0,3,4,143
남성,60대 이상,71.6,상급자,재활/건강,체스트 프레스 머신,50.0,15,2,119
남성,20대,73.1,초보자,재활/건강,펙덱 플라이 머신,12.5,18,3,96
남성,30대,69.3,초보자,근비대,시티드 로우 머신,30.0,12,3,74
남성,30대,66.3,중급자,다이어트,레그 프레스 머신,45.0,17,3,60
여성,10대,59.1,초보자,스트렝스,바벨 스쿼트,12.5,5,4,166
남성,30대,69.7,초보자,재활/건강,랫 풀다운 머신,15.0,18,3,117
남성,50대,77.6,중급자,스트렝스,레그 프레스 머신,82.5,5,5,123
남성,30대,88.3,초보자,스트렝스,레그 익스텐션 머신,47.5,3,5,164
여성,40대,59.1,초보자,재활/건강,바벨 스쿼트,5.0,17,2,107
남성,50대,72.6,상급자,재활/건강,레그 프레스 머신,45.0,18,2,120
여성,20대,56.1,중급자,근비대,시티드 로우 머신,32.5,8,3,74
여성,20대,62.6,초보자,근비대,시티드 로우 머신,17.5,8,4,78
여성,20대,61.2,초보자,스트렝스,페이스 풀,15.0,5,5,158
남성,20대,82.2,상급자,스트렝스,바벨 로우,87.5,4,4,163
남성,10대,77.6,중급자,다이어트,루마니안 데드리프트,32.5,20,3,38
남성,30대,67.3,초보자,재활/건강,루마니안 데드리프트,10.0,18,3,117
남성,40대,76.1,초보자,재활/건강,오버헤드 프레스,10.0,20,3,120
여성,30대,38.3,중급자,재활/건강,사이드 레터럴 레이즈,5.0,19,2,109
남성,60대 이상,67.0,중급자,다이어트,랫 풀다운 머신,47.5,16,3,49
남성,20대,75.4,중급자,근비대,레그 컬 머신,65.0,10,4,76
여성,40대,46.2,상급자,재활/건강,오버헤드 프레스,12.5,17,3,103
여성,60대 이상,68.5,중급자,재활/건강,숄더 프레스 머신,17.5,18,2,103
남성,10대,86.3,중급자,근비대,레그 익스텐션 머신,80.0,11,3,61
여성,50대,52.3,상급자,다이어트,레그 컬 머신,37.5,15,3,44
여성,40대,51.9,중급자,스트렝스,바벨 로우,25.0,4,5,158
여성,40대,60.5,상급자,근비대,시티드 로우 머신,52.5,12,3,77
남성,60대 이상,73.8,초보자,스트렝스,랫 풀다운 머신,40.0,5,4,149
여성,40대,60.2,초보자,다이어트,루마니안 데드리프트,7.5,19,3,53
여성,30대,42.6,중급자,스트렝스,바벨 로우,17.5,5,4,157
여성,60대 이상,57.4,초보자,재활/건강,페이스 풀,5.0,19,2,110
남성,60대 이상,91.3,중급자,재활/건강,숄더 프레스 머신,40.0,19,3,107
여성,20대,66.1,상급자,근비대,레그 프레스 머신,55.0,8,4,67
남성,10대,65.3,초보자,근비대,바벨 로우,17.5,8,3,79
여성,50대,61.4,초보자,근비대,워킹 런지,10.0,10,3,63
남성,20대,69.8,중급자,재활/건강,인클라인 덤벨 프레스,20.0,18,3,92
여성,50대,60.8,상급자,스트렝스,페이스 풀,45.0,3,4,123
여성,20대,51.4,상급자,근비대,레그 익스텐션 머신,45.0,11,3,88
남성,30대,87.2,중급자,재활/건강,워킹 런지,27.5,15,2,115
여성,40대,65.7,중급자,근비대,루마니안 데드리프트,22.5,12,4,71
남성,50대,88.4,중급자,근비대,펙덱 플라이 머신,77.5,9,3,67
여성,40대,48.6,초보자,재활/건강,페이스 풀,5.0,18,3,92
여성,40대,46.4,중급자,다이어트,랫 풀다운 머신,17.5,19,3,42
여성,40대,47.1,중급자,다이어트,숄더 프레스 머신,20.0,18,3,36
남성,30대,71.2,중급자,근비대,시티드 로우 머신,62.5,9,3,76
남성,60대 이상,90.9,초보자,근비대,사이드 레터럴 레이즈,27.5,8,4,74
남성,10대,80.3,상급자,재활/건강,오버헤드 프레스,32.5,20,3,95
남성,40대,94.0,상급자,근비대,루마니안 데드리프트,80.0,9,3,63
여성,60대 이상,40.2,상급자,재활/건강,숄더 프레스 머신,15.0,18,3,91
여성,30대,63.5,중급자,근비대,레그 컬 머신,37.5,11,3,77
여성,40대,64.2,초보자,근비대,인클라인 덤벨 프레스,12.5,12,3,70
여성,50대,49.5,초보자,재활/건강,레그 익스텐션 머신,7.5,19,2,111
여성,10대,62.3,상급자,스트렝스,바벨 스쿼트,42.5,4,5,144
남성,30대,77.7,중급자,근비대,벤치프레스,47.5,12,4,66
남성,30대,63.6,중급자,근비대,벤치프레스,40.0,9,3,87
여성,40대,44.7,중급자,근비대,바벨 로우,17.5,12,4,78
남성,40대,60.4,상급자,스트렝스,바벨 스쿼트,65.0,3,4,164
여성,60대 이상,57.6,상급자,근비대,바벨 스쿼트,32.5,11,3,80
여성,60대 이상,63.7,초보자,다이어트,펙덱 플라이 머신,12.5,18,3,41
여성,10대,39.8,상급자,스트렝스,어시스트 풀업 머신,42.5,5,5,146
여성,40대,60.9,초보자,스트렝스,바벨 스쿼트,15.0,4,5,151
남성,50대,79.7,중급자,재활/건강,사이드 레터럴 레이즈,25.0,15,2,92
여성,40대,49.3,상급자,스트렝스,바벨 로우,37.5,4,5,175
여성,50대,53.0,초보자,근비대,워킹 런지,10.0,9,4,87
남성,50대,76.2,중급자,재활/건강,레그 익스텐션 머신,32.5,15,3,119
남성,50대,48.7,중급자,재활/건강,레그 프레스 머신,20.0,18,2,116
남성,30대,76.7,중급자,스트렝스,시티드 로우 머신,80.0,4,5,126
남성,50대,70.9,초보자,다이어트,오버헤드 프레스,15.0,17,3,32
남성,10대,82.2,중급자,다이어트,체스트 프레스 머신,52.5,18,3,40
여성,30대,64.3,중급자,다이어트,사이드 레터럴 레이즈,17.5,19,3,56
여성,40대,42.0,중급자,다이어트,레그 프레스 머신,17.5,15,3,40
남성,50대,68.9,상급자,스트렝스,사이드 레터럴 레이즈,72.5,4,4,173
남성,20대,85.8,초보자,다이어트,루마니안 데드리프트,17.5,18,3,56
남성,40대,82.9,상급자,근비대,숄더 프레스 머신,112.5,8,3,73
남성,40대,81.7,초보자,재활/건강,레그 익스텐션 머신,17.5,19,3,114
남성,60대 이상,90.8,초보자,스트렝스,바벨 스쿼트,30.0,5,4,138
남성,40대,66.9,초보자,다이어트,벤치프레스,15.0,17,3,48
여성,50대,57.5,상급자,다이어트,워킹 런지,22.5,19,3,51
여성,20대,59.9,상급자,근비대,사이드 레터럴 레이즈,35.0,11,4,76
남성,30대,57.9,상급자,근비대,레그 컬 머신,75.0,12,3,82
여성,40대,49.3,중급자,근비대,페이스 풀,20.0,8,4,81
여성,60대 이상,39.9,초보자,다이어트,펙덱 플라이 머신,7.5,19,3,56
남성,50대,82.1,중급자,다이어트,체스트 프레스 머신,50.0,18,3,47
남성,10대,86.5,상급자,스트렝스,숄더 프레스 머신,135.0,4,5,141
남성,30대,62.5,초보자,근비대,펙덱 플라이 머신,27.5,12,3,88
여성,10대,52.5,상급자,다이어트,바벨 로우,25.0,20,3,34
남성,50대,50.4,상급자,재활/건강,어시스트 풀업 머신,30.0,20,3,101
여성,50대,55.6,중급자,근비대,벤치프레스,20.0,12,4,61
여성,30대,68.9,초보자,다이어트,사이드 레터럴 레이즈,10.0,16,3,59
남성,10대,75.1,초보자,다이어트,레그 컬 머신,25.0,16,3,42
여성,40대,48.5,중급자,재활/건강,루마니안 데드리프트,7.5,20,2,111
남성,10대,86.1,중급자,스트렝스,바벨 스쿼트,65.0,4,5,127
남성,20대,80.8,중급자,스트렝스,사이드 레터럴 레이즈,55.0,4,5,145
여성,20대,54.9,초보자,다이어트,체스트 프레스 머신,10.0,16,3,31
남성,40대,74.1,상급자,재활/건강,레그 프레스 머신,42.5,15,2,111
남성,40대,67.6,초보자,다이어트,숄더 프레스 머신,25.0,19,3,37
남성,50대,79.2,상급자,스트렝스,벤치프레스,85.0,5,4,162
여성,40대,53.6,초보자,다이어트,레그 익스텐션 머신,10.0,20,3,31
여성,60대 이상,56.0,상급자,재활/건강,어시스트 풀업 머신,20.0,20,3,97
여성,40대,52.8,상급자,근비대,워킹 런지,30.0,11,4,85
남성,30대,73.5,초보자,근비대,인클라인 덤벨 프레스,22.5,8,4,61
남성,50대,65.8,중급자,스트렝스,어시스트 풀업 머신,70.0,3,5,169
남성,20대,89.1,중급자,스트렝스,펙덱 플라이 머신,95.0,5,5,167
남성,30대,68.2,초보자,스트렝스,바벨 로우,25.0,5,5,148
남성,50대,76.1,중급자,재활/건강,레그 프레스 머신,35.0,15,2,106
여성,20대,68.7,초보자,다이어트,오버헤드 프레스,10.0,18,3,37
남성,20대,69.6,중급자,스트렝스,체스트 프레스 머신,72.5,3,4,127
남성,30대,86.9,중급자,다이어트,랫 풀다운 머신,52.5,16,3,54
남성,10대,64.5,상급자,다이어트,레그 컬 머신,60.0,18,3,52
여성,20대,69.3,중급자,재활/건강,펙덱 플라이 머신,20.0,15,2,117
남성,10대,67.7,초보자,근비대,레그 익스텐션 머신,30.0,11,3,65
여성,50대,61.7,상급자,근비대,워킹 런지,35.0,8,4,84
남성,10대,52.6,중급자,다이어트,페이스 풀,22.5,20,3,47
남성,30대,65.1,중급자,재활/건강,어시스트 풀업 머신,30.0,16,2,94
여성,60대 이상,59.0,상급자,재활/건강,워킹 런지,17.5,18,2,94
여성,60대 이상,58.2,초보자,스트렝스,페이스 풀,12.5,5,4,145
남성,50대,83.1,초보자,근비대,랫 풀다운 머신,37.5,9,4,88
남성,50대,92.4,중급자,재활/건강,루마니안 데드리프트,27.5,19,3,97
여성,50대,67.8,중급자,다이어트,시티드 로우 머신,30.0,16,3,53
여성,30대,45.0,초보자,스트렝스,루마니안 데드리프트,10.0,5,5,155
여성,40대,66.8,중급자,스트렝스,인클라인 덤벨 프레스,30.0,5,4,172
여성,40대,58.6,상급자,재활/건강,레그 프레스 머신,22.5,15,3,113
여성,60대 이상,55.8,중급자,다이어트,어시스트 풀업 머신,22.5,18,3,35
남성,50대,88.3,중급자,재활/건강,어시스트 풀업 머신,40.0,18,3,105
여성,50대,60.7,중급자,스트렝스,페이스 풀,27.5,3,4,171
남성,50대,63.0,초보자,스트렝스,바벨 스쿼트,25.0,5,5,170
남성,20대,87.0,중급자,근비대,벤치프레스,50.0,9,4,65
여성,40대,62.3,초보자,재활/건강,체스트 프레스 머신,7.5,19,2,101
여성,50대,69.8,중급자,근비대,랫 풀다운 머신,40.0,8,4,76
남성,20대,73.1,상급자,근비대,펙덱 플라이 머신,102.5,8,4,83
남성,40대,74.4,초보자,스트렝스,워킹 런지,25.0,5,5,121
남성,20대,84.9,중급자,스트렝스,벤치프레스,62.5,3,5,127
남성,60대 이상,90.1,상급자,재활/건강,오버헤드 프레스,32.5,18,2,118
남성,30대,85.1,초보자,스트렝스,펙덱 플라이 머신,45.0,4,5,122
남성,60대 이상,94.1,중급자,다이어트,레그 프레스 머신,57.5,17,3,45
여성,50대,66.2,초보자,재활/건강,레그 프레스 머신,10.0,15,3,114
남성,60대 이상,72.0,초보자,근비대,워킹 런지,22.5,11,3,69
남성,10대,83.6,중급자,스트렝스,워킹 런지,57.5,5,5,125
남성,60대 이상,74.7,상급자,근비대,레그 컬 머신,102.5,12,4,60
여성,40대,64.3,중급자,스트렝스,워킹 런지,30.0,4,5,153
여성,20대,54.7,초보자,재활/건강,숄더 프레스 머신,7.5,20,3,100
여성,10대,49.6,중급자,스트렝스,워킹 런지,22.5,5,5,151
남성,30대,74.5,상급자,재활/건강,레그 컬 머신,45.0,20,3,108
남성,10대,88.2,상급자,재활/건강,워킹 런지,40.0,20,3,107
여성,20대,68.4,초보자,근비대,랫 풀다운 머신,20.0,8,4,72
여성,30대,63.6,초보자,재활/건강,시티드 로우 머신,7.5,16,3,110
여성,10대,59.4,상급자,스트렝스,바벨 스쿼트,42.5,3,4,149
남성,30대,63.0,초보자,근비대,루마니안 데드리프트,20.0,12,3,88
남성,10대,84.1,초보자,다이어트,어시스트 풀업 머신,30.0,20,3,55
여성,40대,50.2,초보자,스트렝스,레그 프레스 머신,17.5,4,4,165
여성,40대,52.5,중급자,스트렝스,체스트 프레스 머신,35.0,3,5,122
남성,20대,74.5,초보자,다이어트,펙덱 플라이 머신,25.0,17,3,40
여성,50대,52.5,상급자,다이어트,바벨 로우,22.5,17,3,36
여성,60대 이상,53.0,초보자,재활/건강,레그 익스텐션 머신,5.0,15,3,114
남성,30대,78.0,중급자,근비대,숄더 프레스 머신,75.0,9,3,76
여성,20대,64.3,중급자,다이어트,오버헤드 프레스,20.0,20,3,47
남성,20대,73.6,상급자,스트렝스,펙덱 플라이 머신,120.0,4,5,162
여성,60대 이상,72.0,상급자,재활/건강,레그 컬 머신,30.0,18,2,110
남성,30대,64.0,초보자,다이어트,레그 컬 머신,20.0,15,3,50
여성,30대,58.9,중급자,다이어트,인클라인 덤벨 프레스,15.0,19,3,33
남성,60대 이상,73.8,중급자,근비대,벤치프레스,42.5,12,4,60
남성,20대,75.5,상급자,재활/건강,레그 프레스 머신,50.0,15,3,100
여성,40대,56.0,초보자,다이어트,레그 익스텐션 머신,12.5,18,3,57
여성,20대,53.1,상급자,재활/건강,벤치프레스,12.5,18,2,98
남성,40대,75.8,중급자,스트렝스,워킹 런지,55.0,3,4,167
남성,10대,82.0,초보자,스트렝스,레그 컬 머신,45.0,3,5,132
여성,60대 이상,41.9,상급자,재활/건강,워킹 런지,10.0,19,2,105
여성,50대,50.6,초보자,다이어트,바벨 로우,7.5,16,3,33
여성,40대,46.6,중급자,스트렝스,레그 익스텐션 머신,32.5,3,5,172
남성,20대,69.7,초보자,재활/건강,바벨 로우,10.0,19,3,115
남성,30대,73.4,중급자,근비대,벤치프레스,42.5,8,3,74
남성,10대,59.6,초보자,스트렝스,워킹 런지,22.5,3,5,177
남성,40대,54.5,상급자,스트렝스,체스트 프레스 머신,85.0,4,4,139
여성,40대,33.4,상급자,근비대,워킹 런지,20.0,8,4,83
여성,50대,50.3,상급자,다이어트,레그 컬 머신,32.5,16,3,59
남성,30대,56.9,상급자,근비대,페이스 풀,55.0,8,4,66
남성,10대,72.6,중급자,다이어트,숄더 프레스 머신,47.5,15,3,56
남성,40대,70.4,초보자,근비대,사이드 레터럴 레이즈,20.0,8,4,62
남성,10대,68.4,중급자,근비대,숄더 프레스 머신,65.0,9,4,87
여성,20대,62.3,중급자,스트렝스,인클라인 덤벨 프레스,30.0,4,5,139
남성,10대,85.2,상급자,근비대,펙덱 플라이 머신,112.5,10,3,88
여성,30대,56.8,초보자,다이어트,체스트 프레스 머신,12.5,16,3,42
남성,10대,80.5,중급자,근비대,루마니안 데드리프트,47.5,12,3,76
남성,30대,63.7,중급자,재활/건강,사이드 레터럴 레이즈,20.0,16,2,119
여성,10대,56.7,초보자,다이어트,루마니안 데드리프트,7.5,16,3,58
남성,10대,84.1,초보자,근비대,워킹 런지,27.5,8,4,77
여성,10대,66.4,상급자,다이어트,레그 컬 머신,42.5,17,3,42
여성,50대,22.9,중급자,스트렝스,펙덱 플라이 머신,15.0,5,4,175
여성,40대,55.0,초보자,스트렝스,바벨 로우,12.5,3,5,163
남성,10대,73.4,초보자,스트렝스,어시스트 풀업 머신,40.0,4,5,140
남성,30대,89.0,중급자,재활/건강,시티드 로우 머신,35.0,17,2,98
남성,10대,69.4,중급자,다이어트,레그 익스텐션 머신,47.5,19,3,34
여성,60대 이상,54.8,중급자,재활/건강,랫 풀다운 머신,15.0,17,3,115
여성,20대,37.0,상급자,다이어트,벤치프레스,17.5,16,3,45
여성,40대,53.7,중급자,다이어트,사이드 레터럴 레이즈,15.0,20,3,56
여성,10대,64.6,상급자,다이어트,랫 풀다운 머신,42.5,20,3,30
남성,20대,76.2,상급자,스트렝스,레그 프레스 머신,125.0,5,4,123
여성,10대,53.1,상급자,재활/건강,레그 컬 머신,22.5,16,3,101
남성,10대,84.6,상급자,근비대,인클라인 덤벨 프레스,70.0,10,3,73
여성,60대 이상,67.4,중급자,근비대,페이스 풀,25.0,9,3,62
남성,10대,83.9,중급자,다이어트,바벨 스쿼트,37.5,16,3,37
여성,40대,61.5,초보자,재활/건강,랫 풀다운 머신,7.5,17,2,119
남성,50대,71.7,중급자,스트렝스,시티드 로우 머신,77.5,5,5,143
여성,50대,53.8,상급자,근비대,사이드 레터럴 레이즈,32.5,8,3,80
여성,50대,62.8,초보자,스트렝스,체스트 프레스 머신,20.0,5,5,174
여성,50대,56.5,초보자,재활/건강,레그 컬 머신,7.5,16,3,91
남성,30대,78.1,중급자,스트렝스,바벨 스쿼트,57.5,3,4,144
여성,40대,53.4,상급자,다이어트,펙덱 플라이 머신,32.5,15,3,50
여성,30대,66.7,초보자,근비대,랫 풀다운 머신,20.0,8,4,61
남성,20대,75.3,초보자,스트렝스,레그 익스텐션 머신,40.0,3,5,145
남성,50대,94.3,중급자,스트렝스,어시스트 풀업 머신,100.0,5,4,149
여성,60대 이상,61.2,초보자,근비대,랫 풀다운 머신,17.5,9,4,88
여성,20대,65.5,중급자,근비대,사이드 레터럴 레이즈,22.5,8,4,88
남성,50대,64.1,초보자,근비대,시티드 로우 머신,30.0,10,4,89
남성,20대,86.3,상급자,스트렝스,벤치프레스,90.0,5,4,147
여성,30대,52.6,초보자,다이어트,펙덱 플라이 머신,12.5,19,3,45
남성,40대,75.5,초보자,근비대,사이드 레터럴 레이즈,22.5,10,4,64
남성,60대 이상,74.9,상급자,다이어트,인클라인 덤벨 프레스,52.5,16,3,31
남성,10대,81.6,초보자,근비대,레그 프레스 머신,40.0,11,3,81
남성,30대,78.1,초보자,스트렝스,레그 익스텐션 머신,45.0,5,5,153
남성,10대,74.8,중급자,근비대,시티드 로우 머신,65.0,8,4,82
남성,20대,54.6,초보자,재활/건강,펙덱 플라이 머신,10.0,16,2,98
남성,50대,65.6,상급자,근비대,시티드 로우 머신,87.5,10,3,63
남성,10대,96.9,상급자,재활/건강,체스트 프레스 머신,60.0,15,2,101
남성,60대 이상,92.8,중급자,스트렝스,레그 익스텐션 머신,102.5,5,4,128
여성,20대,62.1,중급자,스트렝스,오버헤드 프레스,27.5,5,4,173
남성,50대,100.0,초보자,다이어트,루마니안 데드리프트,20.0,15,3,44
남성,60대 이상,78.3,초보자,다이어트,워킹 런지,17.5,16,3,50
여성,40대,47.1,상급자,스트렝스,워킹 런지,35.0,5,5,163
남성,30대,80.2,중급자,다이어트,벤치프레스,37.5,19,3,47
남성,50대,83.7,중급자,다이어트,랫 풀다운 머신,52.5,15,3,31
남성,60대 이상,74.8,상급자,근비대,사이드 레터럴 레이즈,70.0,8,4,73
남성,40대,75.8,초보자,다이어트,오버헤드 프레스,17.5,17,3,57
남성,40대,84.0,초보자,다이어트,워킹 런지,17.5,19,3,54
여성,40대,54.3,상급자,근비대,페이스 풀,32.5,12,4,67
여성,20대,45.3,초보자,스트렝스,사이드 레터럴 레이즈,10.0,4,5,155
남성,20대,74.2,중급자,재활/건강,펙덱 플라이 머신,32.5,19,2,103
남성,20대,62.1,상급자,근비대,랫 풀다운 머신,85.0,8,4,65
남성,20대,81.2,상급자,재활/건강,펙덱 플라이 머신,55.0,16,3,96
남성,10대,70.4,초보자,재활/건강,어시스트 풀업 머신,12.5,15,2,118
여성,60대 이상,56.1,중급자,스트렝스,어시스트 풀업 머신,37.5,5,5,176
남성,60대 이상,59.8,중급자,근비대,오버헤드 프레스,35.0,9,4,64
여성,60대 이상,50.2,초보자,다이어트,숄더 프레스 머신,10.0,20,3,55
여성,30대,60.2,상급자,근비대,페이스 풀,35.0,8,3,77
남성,60대 이상,70.9,초보자,재활/건강,루마니안 데드리프트,10.0,17,2,103
남성,10대,82.0,초보자,근비대,어시스트 풀업 머신,40.0,9,4,60
여성,50대,64.8,초보자,재활/건강,숄더 프레스 머신,10.0,19,2,115
여성,40대,51.5,중급자,다이어트,어시스트 풀업 머신,20.0,19,3,44
여성,10대,46.3,초보자,다이어트,레그 프레스 머신,10.0,16,3,53
여성,60대 이상,65.4,중급자,다이어트,페이스 풀,17.5,20,3,48
여성,40대,55.5,중급자,스트렝스,체스트 프레스 머신,35.0,5,5,163
남성,20대,80.0,중급자,재활/건강,레그 익스텐션 머신,37.5,16,2,103
남성,30대,84.5,초보자,스트렝스,루마니안 데드리프트,30.0,5,5,146
여성,10대,71.8,초보자,스트렝스,레그 프레스 머신,22.5,5,5,178
남성,40대,77.6,상급자,스트렝스,바벨 스쿼트,82.5,4,4,129
여성,60대 이상,61.8,상급자,근비대,어시스트 풀업 머신,55.0,12,4,74
남성,30대,68.8,상급자,다이어트,시티드 로우 머신,67.5,20,3,52
남성,30대,71.4,상급자,재활/건강,숄더 프레스 머신,40.0,17,3,110
여성,40대,70.2,중급자,스트렝스,펙덱 플라이 머신,50.0,5,4,134
남성,30대,62.4,상급자,재활/건강,체스트 프레스 머신,42.5,15,2,107
남성,60대 이상,88.0,상급자,스트렝스,워킹 런지,95.0,3,4,155
남성,10대,85.3,중급자,다이어트,워킹 런지,35.0,15,3,48
여성,40대,57.2,상급자,재활/건강,레그 익스텐션 머신,22.5,18,2,105
남성,20대,74.6,상급자,근비대,시티드 로우 머신,97.5,9,4,86
남성,10대,68.1,상급자,근비대,루마니안 데드리프트,65.0,12,3,61
남성,50대,61.7,상급자,스트렝스,루마니안 데드리프트,65.0,3,5,149
남성,50대,68.0,초보자,근비대,인클라인 덤벨 프레스,20.0,10,4,85
여성,50대,53.5,초보자,다이어트,벤치프레스,7.5,15,3,47
남성,40대,66.8,중급자,재활/건강,레그 프레스 머신,30.0,20,3,109
여성,30대,53.3,상급자,스트렝스,숄더 프레스 머신,57.5,4,4,129
남성,30대,83.8,중급자,스트렝스,바벨 로우,62.5,3,4,170
남성,50대,81.6,상급자,근비대,펙덱 플라이 머신,112.5,10,3,77
여성,60대 이상,50.8,상급자,재활/건강,랫 풀다운 머신,25.0,19,3,120
남성,60대 이상,72.9,상급자,재활/건강,어시스트 풀업 머신,42.5,16,3,90
남성,40대,55.4,초보자,스트렝스,루마니안 데드리프트,20.0,5,5,131
남성,20대,76.8,중급자,스트렝스,레그 컬 머신,85.0,3,5,159
남성,10대,74.7,상급자,스트렝스,페이스 풀,85.0,5,5,138
남성,60대 이상,79.2,상급자,다이어트,인클라인 덤벨 프레스,47.5,17,3,35
여성,60대 이상,57.9,초보자,다이어트,인클라인 덤벨 프레스,7.5,17,3,53
여성,20대,64.3,초보자,스트렝스,페이스 풀,15.0,4,4,152
여성,20대,55.2,상급자,스트렝스,페이스 풀,37.5,3,4,137
여성,50대,56.9,상급자,다이어트,레그 컬 머신,37.5,20,3,55
여성,20대,52.8,상급자,재활/건강,바벨 스쿼트,15.0,18,2,100
남성,10대,72.8,초보자,다이어트,랫 풀다운 머신,25.0,19,3,41
남성,60대 이상,91.8,상급자,근비대,랫 풀다운 머신,120.0,10,3,77
남성,10대,71.2,중급자,재활/건강,인클라인 덤벨 프레스,20.0,20,3,107
남성,30대,77.9,중급자,근비대,어시스트 풀업 머신,75.0,11,3,80
여성,50대,69.8,초보자,다이어트,사이드 레터럴 레이즈,10.0,20,3,58
남성,40대,100.1,상급자,근비대,레그 프레스 머신,135.0,11,4,81
여성,60대 이상,54.8,상급자,스트렝스,시티드 로우 머신,57.5,3,5,151
남성,40대,88.0,중급자,근비대,바벨 로우,50.0,9,3,65
남성,10대,81.5,중급자,근비대,펙덱 플라이 머신,70.0,10,4,75
여성,50대,38.6,중급자,다이어트,랫 풀다운 머신,17.5,20,3,45
여성,40대,58.6,초보자,다이어트,숄더 프레스 머신,12.5,19,3,59
남성,50대,63.4,중급자,스트렝스,레그 프레스 머신,65.0,5,4,152
여성,40대,49.5,초보자,스트렝스,레그 프레스 머신,17.5,4,5,176
여성,50대,58.5,상급자,스트렝스,체스트 프레스 머신,62.5,3,4,157
남성,60대 이상,59.1,초보자,스트렝스,레그 익스텐션 머신,32.5,4,4,138
여성,20대,69.5,초보자,근비대,바벨 로우,12.5,10,3,64
여성,60대 이상,45.2,초보자,다이어트,레그 프레스 머신,10.0,19,3,58
여성,20대,61.7,중급자,다이어트,워킹 런지,15.0,19,3,37
여성,20대,56.1,중급자,스트렝스,인클라인 덤벨 프레스,25.0,3,5,167
남성,10대,75.2,상급자,근비대,오버헤드 프레스,67.5,10,4,86
여성,60대 이상,44.5,상급자,근비대,오버헤드 프레스,25.0,8,4,87
남성,20대,62.4,초보자,재활/건강,바벨 스쿼트,7.5,16,3,113
여성,50대,50.2,중급자,재활/건강,바벨 스쿼트,7.5,19,3,93
여성,50대,40.4,초보자,스트렝스,페이스 풀,10.0,5,5,163
남성,40대,52.9,초보자,근비대,벤치프레스,17.5,11,3,78
남성,50대,75.6,중급자,다이어트,바벨 로우,30.0,15,3,46
남성,50대,105.5,초보자,스트렝스,랫 풀다운 머신,57.5,5,5,156
남성,40대,68.7,중급자,근비대,숄더 프레스 머신,62.5,10,4,80
여성,50대,54.8,중급자,다이어트,어시스트 풀업 머신,22.5,19,3,52
남성,60대 이상,53.8,초보자,다이어트,레그 컬 머신,20.0,17,3,30
여성,30대,54.4,상급자,재활/건강,인클라인 덤벨 프레스,15.0,15,3,98
남성,30대,72.1,상급자,다이어트,루마니안 데드리프트,47.5,19,3,49
남성,10대,78.7,상급자,스트렝스,레그 프레스 머신,132.5,4,4,126
여성,50대,50.1,중급자,스트렝스,사이드 레터럴 레이즈,22.5,5,4,152
여성,20대,63.9,초보자,다이어트,페이스 풀,7.5,18,3,57
남성,10대,85.1,초보자,근비대,시티드 로우 머신,37.5,11,3,88
남성,50대,78.5,중급자,재활/건강,랫 풀다운 머신,35.0,17,3,95
여성,40대,49.2,상급자,근비대,벤치프레스,30.0,8,4,87
남성,40대,86.8,초보자,근비대,펙덱 플라이 머신,40.0,12,3,80
여성,10대,47.6,중급자,재활/건강,레그 익스텐션 머신,10.0,18,2,97
남성,50대,78.1,상급자,다이어트,레그 익스텐션 머신,82.5,19,3,52
여성,20대,51.1,상급자,다이어트,랫 풀다운 머신,37.5,16,3,33
여성,10대,53.7,상급자,근비대,인클라인 덤벨 프레스,32.5,9,3,60
여성,50대,50.3,초보자,재활/건강,펙덱 플라이 머신,7.5,20,3,111
여성,20대,41.7,상급자,다이어트,어시스트 풀업 머신,25.0,20,3,48
여성,20대,67.4,중급자,스트렝스,숄더 프레스 머신,45.0,4,4,153
여성,20대,53.5,초보자,재활/건강,오버헤드 프레스,5.0,16,3,100
여성,10대,47.5,상급자,스트렝스,체스트 프레스 머신,52.5,5,4,134
여성,30대,51.8,상급자,다이어트,숄더 프레스 머신,32.5,19,3,46
여성,50대,49.8,초보자,재활/건강,바벨 로우,5.0,17,2,98
여성,40대,46.8,초보자,근비대,페이스 풀,7.5,10,4,61
여성,60대 이상,65.0,중급자,근비대,시티드 로우 머신,37.5,11,4,68
남성,10대,78.0,중급자,스트렝스,오버헤드 프레스,52.5,5,5,141
여성,60대 이상,50.7,초보자,스트렝스,어시스트 풀업 머신,17.5,5,4,173
여성,40대,57.8,상급자,다이어트,펙덱 플라이 머신,35.0,17,3,43
여성,60대 이상,59.4,초보자,근비대,시티드 로우 머신,17.5,8,4,87
남성,20대,90.5,중급자,재활/건강,벤치프레스,22.5,15,2,105
남성,50대,69.3,중급자,스트렝스,펙덱 플라이 머신,75.0,4,5,168
남성,50대,86.5,상급자,근비대,레그 프레스 머신,115.0,10,4,63
여성,40대,48.9,상급자,재활/건강,오버헤드 프레스,15.0,18,2,106
남성,50대,78.5,상급자,다이어트,어시스트 풀업 머신,75.0,17,3,57
남성,30대,57.5,중급자,다이어트,인클라인 덤벨 프레스,25.0,16,3,31
여성,20대,68.8,초보자,재활/건강,사이드 레터럴 레이즈,7.5,19,3,119
여성,20대,43.3,상급자,근비대,오버헤드 프레스,27.5,12,4,66
여성,20대,54.8,상급자,스트렝스,벤치프레스,40.0,5,4,148
남성,60대 이상,77.3,중급자,근비대,체스트 프레스 머신,72.5,9,3,69
남성,30대,70.4,중급자,다이어트,레그 컬 머신,47.5,18,3,44
남성,20대,86.7,상급자,다이어트,벤치프레스,60.0,15,3,49
남성,50대,70.1,상급자,근비대,사이드 레터럴 레이즈,62.5,12,3,73
남성,40대,73.5,상급자,근비대,워킹 런지,65.0,8,4,67
여성,10대,43.0,초보자,재활/건강,페이스 풀,2.5,20,3,92
여성,40대,70.9,초보자,재활/건강,사이드 레터럴 레이즈,7.5,17,2,104
남성,30대,79.9,상급자,스트렝스,페이스 풀,85.0,5,4,140
여성,40대,52.8,상급자,재활/건강,레그 컬 머신,22.5,20,3,119
여성,30대,52.6,상급자,스트렝스,바벨 로우,40.0,5,4,175
남성,40대,73.9,상급자,근비대,바벨 스쿼트,62.5,12,4,71
여성,40대,45.4,상급자,근비대,시티드 로우 머신,42.5,9,4,90
남성,20대,63.7,상급자,스트렝스,루마니안 데드리프트,70.0,5,4,164
여성,30대,56.2,상급자,근비대,인클라인 덤벨 프레스,32.5,10,4,89
여성,10대,52.9,중급자,스트렝스,어시스트 풀업 머신,37.5,4,4,166
여성,30대,56.3,중급자,스트렝스,레그 프레스 머신,37.5,5,5,125
남성,50대,66.6,중급자,근비대,워킹 런지,40.0,10,3,86
남성,10대,84.3,상급자,스트렝스,벤치프레스,87.5,5,5,153
남성,60대 이상,62.8,초보자,다이어트,워킹 런지,12.5,20,3,32
남성,10대,91.7,중급자,재활/건강,워킹 런지,22.5,19,2,114
남성,20대,77.8,중급자,스트렝스,오버헤드 프레스,52.5,3,5,156
남성,30대,68.9,상급자,재활/건강,벤치프레스,27.5,19,3,90
남성,20대,65.3,중급자,근비대,루마니안 데드리프트,40.0,11,3,72
남성,30대,89.3,상급자,스트렝스,바벨 로우,100.0,4,5,132
남성,60대 이상,73.2,상급자,다이어트,루마니안 데드리프트,50.0,18,3,57
남성,40대,82.1,상급자,다이어트,바벨 로우,50.0,16,3,54
남성,40대,93.4,상급자,다이어트,오버헤드 프레스,65.0,15,3,58
여성,10대,51.8,초보자,근비대,벤치프레스,10.0,12,4,88
여성,10대,46.7,상급자,재활/건강,오버헤드 프레스,12.5,15,2,91
남성,10대,80.5,상급자,근비대,랫 풀다운 머신,110.0,12,4,73
여성,50대,55.1,중급자,다이어트,바벨 로우,15.0,15,3,40
남성,30대,72.4,상급자,스트렝스,시티드 로우 머신,122.5,4,4,138
여성,50대,72.4,중급자,스트렝스,랫 풀다운 머신,47.5,4,5,164
남성,50대,68.4,초보자,스트렝스,숄더 프레스 머신,35.0,5,4,147
여성,10대,65.8,상급자,스트렝스,어시스트 풀업 머신,67.5,3,4,143
남성,50대,74.9,초보자,스트렝스,바벨 로우,27.5,5,4,122
남성,40대,48.0,중급자,근비대,페이스 풀,30.0,9,3,78
남성,10대,78.4,초보자,근비대,루마니안 데드리프트,25.0,9,3,89
여성,60대 이상,68.6,초보자,근비대,레그 프레스 머신,20.0,8,3,72
남성,30대,64.4,초보자,스트렝스,숄더 프레스 머신,35.0,4,5,127
여성,20대,54.5,상급자,재활/건강,인클라인 덤벨 프레스,15.0,15,2,101
여성,30대,54.8,초보자,근비대,숄더 프레스 머신,15.0,9,4,68
남성,40대,79.4,중급자,다이어트,레그 프레스 머신,57.5,16,3,46
남성,10대,77.0,상급자,재활/건강,벤치프레스,32.5,20,2,109
남성,10대,68.7,중급자,재활/건강,레그 익스텐션 머신,32.5,16,2,117
여성,50대,55.2,중급자,재활/건강,레그 익스텐션 머신,12.5,20,2,114
여성,40대,65.5,초보자,스트렝스,워킹 런지,15.0,5,5,123
남성,30대,69.3,중급자,재활/건강,레그 컬 머신,32.5,17,2,91
남성,50대,65.8,상급자,스트렝스,바벨 로우,72.5,4,5,142
여성,60대 이상,59.6,상급자,다이어트,루마니안 데드리프트,25.0,17,3,38
여성,50대,60.4,중급자,재활/건강,레그 프레스 머신,17.5,19,2,91
여성,20대,40.1,중급자,근비대,페이스 풀,15.0,9,3,90
여성,10대,67.1,상급자,다이어트,바벨 로우,30.0,19,3,46
여성,60대 이상,42.7,중급자,스트렝스,바벨 스쿼트,17.5,3,4,139
여성,60대 이상,58.6,상급자,근비대,체스트 프레스 머신,52.5,11,3,79
남성,40대,78.7,중급자,스트렝스,시티드 로우 머신,87.5,4,5,132
여성,40대,46.5,초보자,스트렝스,시티드 로우 머신,15.0,4,4,125
남성,30대,93.2,중급자,재활/건강,워킹 런지,25.0,17,2,96
여성,40대,55.9,초보자,근비대,랫 풀다운 머신,17.5,11,3,90
남성,60대 이상,74.0,중급자,스트렝스,바벨 스쿼트,52.5,5,5,126
남성,50대,56.1,초보자,재활/건강,펙덱 플라이 머신,10.0,15,3,112
여성,20대,53.9,초보자,근비대,체스트 프레스 머신,15.0,11,3,70
남성,40대,74.9,상급자,근비대,레그 프레스 머신,95.0,8,3,60
남성,20대,81.7,초보자,재활/건강,워킹 런지,10.0,17,3,103
여성,30대,57.5,중급자,재활/건강,랫 풀다운 머신,15.0,17,3,119
남성,50대,70.2,상급자,다이어트,펙덱 플라이 머신,67.5,17,3,35
여성,20대,60.8,초보자,근비대,루마니안 데드리프트,10.0,9,3,67
여성,40대,53.2,초보자,재활/건강,레그 컬 머신,7.5,17,3,110
남성,10대,79.5,상급자,스트렝스,레그 프레스 머신,122.5,4,5,138
남성,10대,67.5,중급자,스트렝스,레그 컬 머신,72.5,3,5,137
여성,40대,49.9,초보자,스트렝스,루마니안 데드리프트,12.5,3,4,160
여성,20대,55.5,초보자,재활/건강,페이스 풀,5.0,15,2,107
여성,40대,51.7,중급자,스트렝스,레그 프레스 머신,37.5,3,5,151
여성,50대,49.3,초보자,스트렝스,숄더 프레스 머신,15.0,4,4,139
남성,50대,82.1,중급자,근비대,숄더 프레스 머신,75.0,8,3,84
남성,10대,66.3,상급자,스트렝스,바벨 로우,72.5,5,4,171
남성,10대,58.0,초보자,다이어트,숄더 프레스 머신,17.5,16,3,30
여성,40대,48.7,초보자,스트렝스,랫 풀다운 머신,17.5,4,5,132
남성,20대,71.9,초보자,다이어트,숄더 프레스 머신,22.5,17,3,54
남성,10대,86.3,초보자,재활/건강,체스트 프레스 머신,20.0,20,2,116
남성,30대,70.1,중급자,스트렝스,인클라인 덤벨 프레스,50.0,3,4,154
여성,30대,70.1,중급자,근비대,사이드 레터럴 레이즈,27.5,9,4,75
남성,20대,70.1,초보자,근비대,랫 풀다운 머신,30.0,8,3,79
남성,50대,70.3,중급자,다이어트,바벨 스쿼트,32.5,20,3,46
남성,40대,86.4,상급자,재활/건강,레그 익스텐션 머신,47.5,17,2,120
여성,30대,63.3,초보자,근비대,레그 익스텐션 머신,17.5,9,4,87
남성,20대,71.9,초보자,근비대,오버헤드 프레스,20.0,8,4,79
여성,40대,51.4,초보자,재활/건강,인클라인 덤벨 프레스,5.0,17,3,110
남성,20대,80.0,중급자,스트렝스,바벨 스쿼트,57.5,4,4,122
남성,50대,82.8,초보자,재활/건강,펙덱 플라이 머신,15.0,15,2,91
여성,50대,55.9,상급자,근비대,어시스트 풀업 머신,50.0,9,3,74
여성,20대,40.0,중급자,재활/건강,페이스 풀,7.5,16,3,92
남성,60대 이상,70.4,상급자,근비대,시티드 로우 머신,90.0,8,4,75
여성,40대,45.4,상급자,재활/건강,바벨 로우,15.0,16,2,120
남성,10대,68.1,초보자,재활/건강,바벨 로우,10.0,15,3,106
여성,10대,56.2,상급자,스트렝스,랫 풀다운 머신,60.0,3,5,158
여성,50대,49.0,상급자,스트렝스,레그 컬 머신,52.5,3,4,152
여성,10대,54.3,상급자,근비대,워킹 런지,32.5,12,3,62
여성,30대,58.3,중급자,스트렝스,시티드 로우 머신,40.0,5,5,151
남성,10대,66.9,초보자,다이어트,레그 컬 머신,20.0,16,3,30
남성,40대,86.9,상급자,근비대,벤치프레스,82.5,8,3,70
남성,60대 이상,82.4,상급자,재활/건강,숄더 프레스 머신,55.0,17,2,97
여성,60대 이상,66.1,초보자,근비대,루마니안 데드리프트,12.5,12,3,70
남성,50대,70.0,중급자,다이어트,숄더 프레스 머신,45.0,18,3,57
여성,10대,58.2,중급자,다이어트,바벨 스쿼트,17.5,17,3,54
남성,40대,86.1,상급자,재활/건강,레그 익스텐션 머신,50.0,20,2,113
남성,20대,62.7,중급자,스트렝스,페이스 풀,47.5,4,4,158
여성,20대,50.5,상급자,근비대,사이드 레터럴 레이즈,32.5,8,3,70
남성,20대,73.2,초보자,다이어트,워킹 런지,17.5,15,3,43
여성,60대 이상,56.1,중급자,재활/건강,레그 익스텐션 머신,12.5,18,2,99
남성,40대,69.7,중급자,다이어트,레그 프레스 머신,45.0,16,3,41
남성,50대,77.6,상급자,근비대,벤치프레스,72.5,8,4,71
남성,50대,72.2,상급자,다이어트,벤치프레스,42.5,15,3,59
여성,20대,53.2,중급자,재활/건강,어시스트 풀업 머신,15.0,15,2,118
여성,30대,46.2,중급자,스트렝스,벤치프레스,22.5,3,5,161
여성,20대,52.3,초보자,재활/건강,시티드 로우 머신,7.5,15,2,98
여성,10대,65.7,상급자,재활/건강,인클라인 덤벨 프레스,20.0,18,2,107
여성,60대 이상,60.9,중급자,근비대,숄더 프레스 머신,35.0,11,3,89
여성,30대,52.3,초보자,다이어트,루마니안 데드리프트,7.5,17,3,52
남성,60대 이상,76.4,초보자,근비대,시티드 로우 머신,35.0,8,3,65
여성,10대,44.1,중급자,스트렝스,시티드 로우 머신,30.0,4,4,130
여성,50대,41.9,상급자,스트렝스,레그 컬 머신,45.0,4,4,123
남성,20대,70.1,상급자,재활/건강,레그 익스텐션 머신,50.0,20,3,98
여성,50대,53.0,초보자,근비대,레그 컬 머신,15.0,12,3,86
여성,60대 이상,58.1,중급자,근비대,랫 풀다운 머신,35.0,11,3,64
남성,30대,60.4,상급자,다이어트,바벨 로우,40.0,20,3,57
남성,40대,67.7,중급자,다이어트,어시스트 풀업 머신,42.5,17,3,49
여성,20대,50.7,초보자,근비대,오버헤드 프레스,10.0,8,4,73
남성,60대 이상,87.0,상급자,근비대,랫 풀다운 머신,120.0,11,4,84
여성,20대,43.9,중급자,재활/건강,어시스트 풀업 머신,12.5,15,3,106
남성,50대,74.1,상급자,근비대,바벨 스쿼트,67.5,11,4,67
남성,40대,78.5,상급자,스트렝스,체스트 프레스 머신,127.5,4,4,159
남성,30대,72.2,중급자,재활/건강,숄더 프레스 머신,27.5,20,3,107
남성,60대 이상,82.5,초보자,다이어트,페이스 풀,20.0,19,3,53
여성,10대,41.8,중급자,다이어트,레그 컬 머신,17.5,18,3,30
남성,10대,70.0,중급자,다이어트,바벨 로우,32.5,17,3,36
여성,40대,58.2,중급자,스트렝스,인클라인 덤벨 프레스,27.5,4,4,148
남성,60대 이상,68.5,초보자,다이어트,어시스트 풀업 머신,22.5,18,3,44
여성,20대,48.3,중급자,스트렝스,랫 풀다운 머신,32.5,5,5,139
여성,40대,71.7,중급자,다이어트,사이드 레터럴 레이즈,22.5,19,3,40
여성,20대,40.9,중급자,근비대,벤치프레스,15.0,9,4,76
여성,40대,47.8,중급자,스트렝스,레그 컬 머신,32.5,4,5,163
여성,30대,54.5,초보자,스트렝스,랫 풀다운 머신,17.5,3,5,175
남성,30대,71.5,상급자,다이어트,루마니안 데드리프트,42.5,16,3,56
남성,40대,62.1,초보자,근비대,오버헤드 프레스,17.5,9,3,75
남성,40대,77.0,상급자,다이어트,레그 컬 머신,82.5,18,3,45
남성,20대,65.5,상급자,재활/건강,어시스트 풀업 머신,42.5,16,3,92
여성,10대,62.0,초보자,다이어트,바벨 스쿼트,7.5,18,3,43
남성,60대 이상,68.2,상급자,재활/건강,바벨 스쿼트,30.0,15,2,113
여성,20대,59.4,초보자,재활/건강,펙덱 플라이 머신,10.0,18,2,102
여성,30대,59.1,초보자,근비대,숄더 프레스 머신,15.0,11,3,80
여성,20대,59.6,중급자,다이어트,어시스트 풀업 머신,25.0,19,3,32
여성,20대,50.9,초보자,근비대,랫 풀다운 머신,15.0,9,3,68
여성,10대,64.0,중급자,스트렝스,인클라인 덤벨 프레스,30.0,5,5,120
남성,30대,73.0,상급자,재활/건강,사이드 레터럴 레이즈,32.5,18,3,116
남성,40대,84.8,중급자,재활/건강,오버헤드 프레스,25.0,15,3,112
여성,50대,56.5,초보자,재활/건강,벤치프레스,5.0,15,2,120
여성,50대,50.7,초보자,다이어트,어시스트 풀업 머신,10.0,16,3,33
여성,50대,58.5,초보자,스트렝스,바벨 스쿼트,15.0,3,5,172
여성,40대,49.4,중급자,재활/건강,루마니안 데드리프트,10.0,17,2,113
남성,50대,69.8,상급자,근비대,루마니안 데드리프트,67.5,11,3,78
남성,20대,78.3,중급자,재활/건강,바벨 스쿼트,22.5,19,3,99
남성,40대,79.6,초보자,다이어트,어시스트 풀업 머신,25.0,19,3,36
남성,30대,69.9,초보자,스트렝스,벤치프레스,25.0,4,5,146
여성,60대 이상,62.5,상급자,근비대,레그 컬 머신,60.0,11,4,72
남성,50대,66.6,초보자,다이어트,사이드 레터럴 레이즈,15.0,16,3,39
남성,50대,81.0,중급자,근비대,오버헤드 프레스,52.5,11,4,67
여성,60대 이상,72.2,상급자,다이어트,숄더 프레스 머신,52.5,16,3,43
남성,50대,78.3,초보자,스트렝스,페이스 풀,27.5,5,4,122
남성,10대,103.9,초보자,스트렝스,벤치프레스,37.5,4,4,137
남성,30대,76.9,중급자,다이어트,어시스트 풀업 머신,47.5,15,3,60
여성,50대,43.9,중급자,근비대,랫 풀다운 머신,25.0,10,3,65
남성,40대,72.3,상급자,스트렝스,루마니안 데드리프트,75.0,5,4,161
남성,10대,62.2,초보자,근비대,바벨 스쿼트,17.5,8,4,80
남성,50대,87.0,상급자,근비대,랫 풀다운 머신,120.0,12,4,66
여성,60대 이상,74.1,상급자,근비대,레그 프레스 머신,70.0,9,3,61
남성,40대,68.3,초보자,재활/건강,벤치프레스,10.0,17,3,111
여성,10대,52.9,초보자,다이어트,레그 컬 머신,12.5,16,3,32
남성,30대,62.4,중급자,근비대,오버헤드 프레스,37.5,9,3,86
남성,60대 이상,72.8,중급자,스트렝스,사이드 레터럴 레이즈,52.5,3,4,120
남성,20대,72.7,초보자,근비대,인클라인 덤벨 프레스,20.0,11,4,87
여성,40대,59.5,상급자,재활/건강,오버헤드 프레스,15.0,19,3,108
여성,60대 이상,44.4,중급자,재활/건강,바벨 스쿼트,7.5,17,2,119
여성,40대,58.3,상급자,재활/건강,인클라인 덤벨 프레스,17.5,20,3,102
남성,50대,80.2,초보자,다이어트,레그 프레스 머신,27.5,20,3,30
여성,40대,53.0,초보자,근비대,체스트 프레스 머신,15.0,12,3,60
남성,10대,58.7,초보자,근비대,벤치프레스,17.5,8,4,88
남성,40대,87.5,초보자,다이어트,사이드 레터럴 레이즈,20.0,15,3,33
여성,20대,48.9,중급자,근비대,오버헤드 프레스,17.5,11,3,62
여성,50대,70.5,상급자,근비대,레그 컬 머신,67.5,12,3,60
남성,10대,85.5,상급자,다이어트,어시스트 풀업 머신,85.0,20,3,46
남성,20대,79.4,중급자,재활/건강,레그 프레스 머신,30.0,19,2,120
남성,60대 이상,68.4,중급자,스트렝스,오버헤드 프레스,50.0,3,4,140
남성,50대,79.1,중급자,재활/건강,인클라인 덤벨 프레스,22.5,17,2,99
여성,50대,53.5,초보자,재활/건강,레그 컬 머신,7.5,18,2,103
남성,40대,81.3,중급자,다이어트,레그 컬 머신,52.5,17,3,50
남성,30대,71.6,상급자,스트렝스,어시스트 풀업 머신,115.0,5,5,173
남성,20대,87.3,초보자,다이어트,바벨 스쿼트,17.5,18,3,50
남성,60대 이상,75.9,상급자,재활/건강,펙덱 플라이 머신,52.5,20,3,96
여성,50대,57.7,상급자,근비대,페이스 풀,32.5,8,3,76
여성,10대,56.0,중급자,재활/건강,레그 프레스 머신,15.0,20,2,110
여성,10대,33.9,초보자,스트렝스,오버헤드 프레스,7.5,5,5,135
여성,20대,53.8,상급자,재활/건강,인클라인 덤벨 프레스,15.0,17,3,100
여성,20대,56.3,상급자,재활/건강,벤치프레스,17.5,19,3,119
여성,10대,57.1,초보자,재활/건강,사이드 레터럴 레이즈,5.0,15,3,104
남성,40대,52.8,상급자,재활/건강,벤치프레스,25.0,18,3,102
여성,10대,62.1,중급자,스트렝스,펙덱 플라이 머신,42.5,4,4,180
남성,60대 이상,61.0,상급자,근비대,사이드 레터럴 레이즈,57.5,11,3,84
여성,30대,51.6,중급자,다이어트,인클라인 덤벨 프레스,15.0,19,3,37
남성,10대,61.3,중급자,근비대,페이스 풀,35.0,12,3,63
여성,30대,46.7,상급자,근비대,숄더 프레스 머신,40.0,10,3,75
남성,30대,65.9,중급자,근비대,바벨 스쿼트,40.0,10,4,71
남성,10대,97.1,초보자,스트렝스,바벨 스쿼트,37.5,3,5,165
남성,30대,69.2,중급자,다이어트,바벨 스쿼트,32.5,18,3,49
남성,20대,87.7,상급자,스트렝스,사이드 레터럴 레이즈,92.5,3,5,168
남성,40대,82.2,중급자,다이어트,벤치프레스,37.5,16,3,54
여성,60대 이상,60.1,상급자,근비대,페이스 풀,35.0,12,4,88
여성,20대,65.9,중급자,재활/건강,펙덱 플라이 머신,15.0,17,2,93
여성,10대,57.2,상급자,스트렝스,바벨 스쿼트,42.5,4,4,145
남성,40대,81.6,상급자,다이어트,오버헤드 프레스,50.0,19,3,43
남성,50대,80.5,상급자,재활/건강,오버헤드 프레스,35.0,19,2,119
남성,30대,70.3,초보자,근비대,랫 풀다운 머신,30.0,9,4,89
남성,40대,67.4,초보자,재활/건강,페이스 풀,10.0,18,2,108
남성,60대 이상,72.2,중급자,근비대,바벨 로우,45.0,10,3,74
여성,10대,44.3,상급자,다이어트,숄더 프레스 머신,30.0,17,3,59
여성,10대,44.3,상급자,다이어트,사이드 레터럴 레이즈,17.5,15,3,59
여성,60대 이상,53.8,상급자,근비대,레그 익스텐션 머신,47.5,10,4,85
여성,60대 이상,51.1,중급자,다이어트,랫 풀다운 머신,22.5,18,3,40
여성,30대,43.9,상급자,다이어트,인클라인 덤벨 프레스,17.5,17,3,35
남성,60대 이상,71.5,상급자,재활/건강,시티드 로우 머신,42.5,19,3,114
남성,30대,72.6,상급자,스트렝스,인클라인 덤벨 프레스,82.5,3,5,168
여성,10대,61.6,초보자,스트렝스,루마니안 데드리프트,12.5,5,5,134
여성,30대,61.9,상급자,근비대,페이스 풀,37.5,11,4,65
여성,40대,61.9,중급자,근비대,시티드 로우 머신,32.5,9,3,66
여성,30대,60.8,초보자,다이어트,사이드 레터럴 레이즈,7.5,20,3,35
남성,60대 이상,81.1,상급자,다이어트,레그 익스텐션 머신,75.0,15,3,41
여성,60대 이상,51.0,초보자,다이어트,숄더 프레스 머신,10.0,18,3,58
남성,20대,82.2,초보자,근비대,레그 컬 머신,40.0,10,3,84
남성,30대,75.5,초보자,다이어트,워킹 런지,17.5,19,3,42
여성,30대,61.6,상급자,다이어트,랫 풀다운 머신,42.5,18,3,41
여성,30대,51.7,상급자,다이어트,어시스트 풀업 머신,32.5,19,3,35
여성,30대,64.5,중급자,재활/건강,숄더 프레스 머신,15.0,15,2,115
여성,50대,54.2,초보자,재활/건강,펙덱 플라이 머신,7.5,18,3,119
여성,40대,53.4,중급자,스트렝스,어시스트 풀업 머신,37.5,5,5,165
남성,50대,88.4,상급자,재활/건강,시티드 로우 머신,55.0,18,3,120
여성,30대,53.7,중급자,스트렝스,체스트 프레스 머신,37.5,4,5,159
여성,60대 이상,52.6,상급자,다이어트,오버헤드 프레스,22.5,19,3,56
남성,40대,86.8,상급자,재활/건강,레그 익스텐션 머신,60.0,15,3,118
남성,30대,72.9,상급자,스트렝스,레그 익스텐션 머신,115.0,5,4,120
남성,50대,86.4,중급자,스트렝스,사이드 레터럴 레이즈,65.0,5,4,173
여성,30대,55.7,초보자,근비대,펙덱 플라이 머신,15.0,8,4,73
여성,50대,51.7,상급자,근비대,레그 컬 머신,45.0,8,3,60
여성,40대,56.0,초보자,근비대,숄더 프레스 머신,15.0,9,3,79
여성,20대,51.6,중급자,근비대,어시스트 풀업 머신,30.0,12,4,75
남성,10대,77.0,중급자,근비대,펙덱 플라이 머신,72.5,9,3,61
남성,60대 이상,69.3,중급자,다이어트,워킹 런지,30.0,15,3,34
여성,30대,53.3,초보자,근비대,레그 프레스 머신,15.0,9,4,85
여성,40대,51.4,중급자,스트렝스,레그 프레스 머신,32.5,3,4,162
남성,40대,79.1,초보자,근비대,펙덱 플라이 머신,35.0,10,3,66
남성,50대,83.2,초보자,다이어트,워킹 런지,17.5,19,3,54
여성,50대,51.3,초보자,근비대,오버헤드 프레스,10.0,9,4,66
남성,50대,84.3,중급자,재활/건강,어시스트 풀업 머신,32.5,15,2,99
남성,10대,85.2,상급자,재활/건강,바벨 스쿼트,35.0,20,2,117
남성,30대,59.7,상급자,스트렝스,레그 컬 머신,97.5,3,5,173
여성,40대,48.0,중급자,스트렝스,바벨 스쿼트,20.0,3,5,147
여성,20대,54.4,초보자,다이어트,레그 컬 머신,10.0,16,3,60
여성,40대,61.6,상급자,재활/건강,워킹 런지,20.0,19,3,103
여성,50대,56.9,상급자,근비대,루마니안 데드리프트,32.5,8,4,90
남성,60대 이상,70.5,초보자,근비대,오버헤드 프레스,20.0,10,4,86
남성,10대,62.4,초보자,재활/건강,인클라인 덤벨 프레스,10.0,20,3,100
남성,30대,76.8,중급자,근비대,페이스 풀,45.0,10,4,76
여성,20대,59.2,초보자,스트렝스,레그 프레스 머신,20.0,4,5,130
여성,50대,37.9,초보자,다이어트,오버헤드 프레스,5.0,15,3,45
남성,40대,80.4,초보자,근비대,펙덱 플라이 머신,37.5,8,3,87
여성,60대 이상,65.2,중급자,재활/건강,랫 풀다운 머신,17.5,20,3,110
남성,50대,91.9,초보자,스트렝스,레그 익스텐션 머신,47.5,4,4,135
남성,50대,80.0,초보자,다이어트,바벨 스쿼트,17.5,18,3,54
여성,50대,39.1,초보자,근비대,사이드 레터럴 레이즈,7.5,10,3,62
여성,60대 이상,48.5,중급자,다이어트,바벨 로우,12.5,16,3,47
여성,50대,44.3,상급자,다이어트,사이드 레터럴 레이즈,20.0,16,3,38
여성,30대,59.8,중급자,근비대,레그 익스텐션 머신,32.5,11,3,89
여성,50대,60.2,상급자,재활/건강,오버헤드 프레스,17.5,20,3,114
여성,60대 이상,47.1,초보자,근비대,레그 컬 머신,12.5,10,3,66
남성,60대 이상,72.4,중급자,재활/건강,페이스 풀,22.5,20,3,98
여성,40대,47.6,중급자,근비대,랫 풀다운 머신,27.5,11,3,76
여성,10대,58.1,초보자,재활/건강,바벨 스쿼트,5.0,15,2,108
남성,20대,91.3,중급자,다이어트,루마니안 데드리프트,37.5,15,3,45
남성,40대,83.0,상급자,근비대,사이드 레터럴 레이즈,80.0,12,3,79
남성,10대,106.9,초보자,다이어트,벤치프레스,25.0,20,3,37
여성,40대,53.0,상급자,스트렝스,페이스 풀,37.5,5,5,120
남성,60대 이상,81.4,중급자,다이어트,사이드 레터럴 레이즈,37.5,15,3,31
남성,60대 이상,71.7,중급자,다이어트,루마니안 데드리프트,30.0,15,3,49
여성,30대,53.8,초보자,스트렝스,루마니안 데드리프트,12.5,3,4,159
남성,20대,71.5,상급자,다이어트,어시스트 풀업 머신,67.5,20,3,33
여성,20대,48.4,중급자,다이어트,레그 익스텐션 머신,20.0,20,3,38
남성,60대 이상,94.6,중급자,재활/건강,워킹 런지,27.5,16,2,96
여성,50대,71.3,중급자,재활/건강,체스트 프레스 머신,17.5,18,3,98
남성,20대,80.6,중급자,다이어트,레그 프레스 머신,55.0,15,3,52
여성,60대 이상,38.0,초보자,근비대,인클라인 덤벨 프레스,7.5,9,3,69
여성,10대,57.6,상급자,다이어트,페이스 풀,27.5,19,3,57
여성,30대,58.0,초보자,재활/건강,페이스 풀,5.0,20,3,91
남성,40대,74.8,중급자,근비대,레그 프레스 머신,65.0,8,3,88
여성,20대,60.7,상급자,다이어트,숄더 프레스 머신,40.0,17,3,31
남성,50대,77.5,상급자,근비대,시티드 로우 머신,110.0,11,3,68
여성,50대,41.9,상급자,스트렝스,어시스트 풀업 머신,45.0,5,4,164
여성,30대,57.2,초보자,재활/건강,사이드 레터럴 레이즈,5.0,18,3,91
남성,30대,72.7,상급자,근비대,인클라인 덤벨 프레스,65.0,9,3,69
여성,40대,58.0,초보자,재활/건강,체스트 프레스 머신,7.5,19,2,91
여성,30대,57.7,초보자,근비대,벤치프레스,10.0,8,4,62
여성,20대,64.9,상급자,근비대,워킹 런지,37.5,12,3,80
남성,30대,59.5,중급자,재활/건강,오버헤드 프레스,15.0,15,2,106
남성,20대,71.5,중급자,근비대,어시스트 풀업 머신,65.0,12,4,87
여성,50대,63.5,상급자,재활/건강,랫 풀다운 머신,22.5,16,2,105
남성,60대 이상,78.1,초보자,스트렝스,숄더 프레스 머신,42.5,5,5,147
남성,10대,87.6,중급자,근비대,바벨 스쿼트,52.5,8,3,70
여성,30대,46.2,초보자,근비대,레그 프레스 머신,12.5,10,3,88
여성,10대,47.9,초보자,근비대,워킹 런지,7.5,10,3,62
남성,30대,67.3,중급자,다이어트,바벨 스쿼트,27.5,15,3,58
여성,50대,57.5,중급자,스트렝스,벤치프레스,25.0,3,4,127
남성,30대,60.2,중급자,스트렝스,랫 풀다운 머신,65.0,5,5,129
여성,20대,58.2,중급자,스트렝스,페이스 풀,27.5,3,4,154
남성,20대,71.9,초보자,스트렝스,어시스트 풀업 머신,40.0,3,5,144
남성,30대,62.6,초보자,근비대,숄더 프레스 머신,27.5,9,4,71
남성,40대,70.7,상급자,다이어트,레그 프레스 머신,75.0,18,3,59
여성,60대 이상,57.9,중급자,근비대,오버헤드 프레스,20.0,10,3,65
남성,60대 이상,81.2,중급자,다이어트,워킹 런지,37.5,15,3,56
여성,10대,62.4,중급자,근비대,체스트 프레스 머신,32.5,10,4,61
남성,40대,66.2,중급자,스트렝스,벤치프레스,50.0,3,4,167
여성,30대,59.3,중급자,다이어트,숄더 프레스 머신,25.0,19,3,42
여성,20대,43.4,초보자,스트렝스,랫 풀다운 머신,15.0,3,5,129
남성,30대,61.8,초보자,근비대,워킹 런지,17.5,11,4,71
여성,30대,66.6,초보자,근비대,루마니안 데드리프트,12.5,10,3,89
남성,60대 이상,69.6,중급자,재활/건강,루마니안 데드리프트,22.5,17,2,115
여성,40대,58.0,중급자,재활/건강,어시스트 풀업 머신,15.0,17,3,106
남성,40대,71.9,중급자,근비대,숄더 프레스 머신,65.0,9,3,86
여성,30대,58.1,초보자,근비대,펙덱 플라이 머신,17.5,11,3,61
남성,50대,65.2,초보자,재활/건강,인클라인 덤벨 프레스,10.0,18,2,111
남성,40대,78.3,중급자,근비대,인클라인 덤벨 프레스,50.0,12,4,85
남성,30대,67.3,초보자,다이어트,펙덱 플라이 머신,25.0,18,3,36
여성,20대,60.8,중급자,다이어트,사이드 레터럴 레이즈,17.5,19,3,54
여성,10대,69.9,상급자,근비대,워킹 런지,42.5,9,4,83
남성,30대,65.5,중급자,스트렝스,체스트 프레스 머신,70.0,4,4,152
남성,60대 이상,78.7,상급자,재활/건강,오버헤드 프레스,27.5,20,2,115
여성,20대,45.2,중급자,스트렝스,레그 프레스 머신,32.5,5,5,164
여성,50대,47.6,초보자,다이어트,체스트 프레스 머신,10.0,19,3,31
남성,40대,90.9,초보자,근비대,랫 풀다운 머신,42.5,10,3,64
여성,50대,58.9,상급자,다이어트,숄더 프레스 머신,40.0,15,3,45
여성,50대,55.6,중급자,다이어트,체스트 프레스 머신,22.5,15,3,47
여성,40대,47.5,상급자,재활/건강,펙덱 플라이 머신,22.5,16,3,97
남성,50대,80.5,상급자,다이어트,레그 프레스 머신,82.5,20,3,30
남성,50대,65.6,상급자,근비대,사이드 레터럴 레이즈,62.5,12,4,85
남성,50대,55.0,상급자,근비대,페이스 풀,52.5,9,4,83
남성,40대,68.4,초보자,재활/건강,레그 익스텐션 머신,15.0,18,3,111
여성,30대,56.9,중급자,근비대,레그 프레스 머신,32.5,12,4,79
여성,30대,54.7,초보자,다이어트,바벨 스쿼트,7.5,20,3,53
남성,10대,73.2,초보자,다이어트,오버헤드 프레스,15.0,20,3,54
여성,50대,52.8,중급자,재활/건강,페이스 풀,10.0,16,2,101
남성,30대,65.0,상급자,재활/건강,벤치프레스,25.0,16,2,114
여성,50대,49.9,상급자,근비대,워킹 런지,27.5,9,4,78
남성,40대,80.7,중급자,재활/건강,시티드 로우 머신,30.0,19,3,101
남성,20대,66.4,상급자,스트렝스,페이스 풀,72.5,4,4,167
남성,60대 이상,84.3,중급자,재활/건강,바벨 로우,20.0,18,3,107
남성,50대,72.1,상급자,근비대,레그 프레스 머신,97.5,9,4,88
남성,10대,75.7,중급자,스트렝스,워킹 런지,57.5,5,4,140
남성,40대,74.1,중급자,재활/건강,체스트 프레스 머신,32.5,17,2,113
남성,30대,64.0,상급자,다이어트,바벨 로우,42.5,19,3,42
여성,40대,45.9,상급자,스트렝스,레그 컬 머신,52.5,5,5,166
여성,20대,56.4,중급자,다이어트,루마니안 데드리프트,17.5,20,3,41
여성,20대,61.2,상급자,스트렝스,체스트 프레스 머신,62.5,3,5,161
남성,30대,64.0,중급자,근비대,페이스 풀,35.0,10,4,88
여성,40대,65.3,초보자,재활/건강,오버헤드 프레스,5.0,18,2,114
남성,60대 이상,62.5,상급자,재활/건강,루마니안 데드리프트,25.0,17,2,99
남성,30대,71.9,상급자,다이어트,펙덱 플라이 머신,70.0,16,3,36
여성,50대,55.2,초보자,근비대,레그 프레스 머신,15.0,9,3,86
남성,60대 이상,95.5,초보자,재활/건강,워킹 런지,12.5,16,3,109
남성,20대,47.2,중급자,다이어트,어시스트 풀업 머신,32.5,18,3,34
여성,10대,52.9,상급자,근비대,어시스트 풀업 머신,45.0,12,4,66
여성,50대,52.9,초보자,근비대,숄더 프레스 머신,15.0,10,3,83
여성,40대,56.5,상급자,스트렝스,벤치프레스,40.0,5,5,129
여성,20대,49.3,중급자,재활/건강,체스트 프레스 머신,10.0,18,3,113
여성,50대,67.9,상급자,다이어트,랫 풀다운 머신,42.5,17,3,39
남성,40대,87.6,중급자,재활/건강,레그 컬 머신,37.5,18,3,119
남성,60대 이상,43.1,상급자,재활/건강,체스트 프레스 머신,25.0,16,3,93
여성,50대,44.5,초보자,재활/건강,어시스트 풀업 머신,5.0,19,2,111
여성,30대,53.4,상급자,스트렝스,벤치프레스,40.0,5,4,150
남성,50대,73.6,상급자,다이어트,레그 프레스 머신,72.5,16,3,37
여성,60대 이상,66.7,상급자,근비대,체스트 프레스 머신,62.5,8,4,89
여성,60대 이상,63.3,상급자,근비대,랫 풀다운 머신,60.0,10,4,80
남성,10대,75.2,초보자,스트렝스,숄더 프레스 머신,40.0,4,5,150
남성,10대,80.0,초보자,다이어트,인클라인 덤벨 프레스,17.5,16,3,44
남성,60대 이상,64.0,중급자,재활/건강,레그 컬 머신,22.5,19,3,118
여성,60대 이상,67.6,초보자,스트렝스,페이스 풀,15.0,4,4,167
남성,60대 이상,74.3,중급자,재활/건강,시티드 로우 머신,30.0,19,2,107
남성,10대,70.8,중급자,스트렝스,루마니안 데드리프트,50.0,4,4,173
남성,60대 이상,68.1,중급자,다이어트,워킹 런지,32.5,17,3,45
여성,30대,48.3,초보자,재활/건강,체스트 프레스 머신,7.5,18,3,93
남성,20대,70.7,중급자,근비대,레그 익스텐션 머신,60.0,9,3,73
남성,20대,85.0,초보자,재활/건강,랫 풀다운 머신,15.0,20,2,109
남성,30대,79.1,상급자,근비대,바벨 스쿼트,70.0,8,4,71
남성,10대,65.7,초보자,재활/건강,어시스트 풀업 머신,15.0,20,2,114
여성,50대,48.6,상급자,다이어트,인클라인 덤벨 프레스,22.5,15,3,60
여성,10대,69.5,중급자,스트렝스,숄더 프레스 머신,47.5,3,4,139
남성,40대,89.1,초보자,재활/건강,사이드 레터럴 레이즈,12.5,19,2,91
여성,40대,68.5,초보자,스트렝스,랫 풀다운 머신,22.5,5,5,178
여성,30대,49.8,상급자,근비대,시티드 로우 머신,45.0,8,3,64
남성,40대,81.6,상급자,재활/건강,레그 프레스 머신,47.5,20,3,109
남성,30대,92.7,중급자,근비대,펙덱 플라이 머신,87.5,10,3,72
여성,40대,56.8,중급자,스트렝스,레그 익스텐션 머신,37.5,5,5,138
여성,60대 이상,52.3,상급자,재활/건강,인클라인 덤벨 프레스,12.5,16,3,111
남성,40대,70.6,중급자,재활/건강,랫 풀다운 머신,30.0,19,3,100
여성,20대,56.2,초보자,스트렝스,페이스 풀,12.5,4,4,139
여성,40대,56.9,상급자,스트렝스,어시스트 풀업 머신,62.5,4,5,148
남성,10대,74.7,상급자,스트렝스,레그 컬 머신,120.0,5,5,176
남성,60대 이상,72.4,초보자,다이어트,벤치프레스,17.5,15,3,47
남성,50대,81.8,초보자,스트렝스,레그 프레스 머신,42.5,4,4,150
남성,10대,77.3,중급자,다이어트,바벨 스쿼트,32.5,18,3,54
여성,50대,44.5,상급자,스트렝스,오버헤드 프레스,32.5,4,5,151
여성,20대,53.8,중급자,다이어트,펙덱 플라이 머신,22.5,16,3,38
남성,40대,68.2,상급자,다이어트,워킹 런지,42.5,15,3,49
여성,30대,61.9,상급자,근비대,워킹 런지,35.0,12,4,86
남성,50대,67.1,상급자,근비대,워킹 런지,62.5,11,3,62
여성,60대 이상,46.3,중급자,스트렝스,체스트 프레스 머신,30.0,4,5,178
여성,50대,42.1,중급자,근비대,사이드 레터럴 레이즈,15.0,8,3,62
남성,10대,73.4,중급자,재활/건강,펙덱 플라이 머신,32.5,20,2,111
여성,20대,50.3,중급자,근비대,워킹 런지,20.0,9,4,73
남성,30대,60.5,초보자,재활/건강,워킹 런지,10.0,19,2,105
여성,10대,56.4,상급자,근비대,레그 프레스 머신,47.5,12,3,78
여성,20대,62.6,초보자,스트렝스,어시스트 풀업 머신,22.5,4,5,168
남성,50대,85.9,초보자,근비대,체스트 프레스 머신,37.5,12,3,73
남성,50대,66.6,중급자,재활/건강,루마니안 데드리프트,17.5,17,3,119
여성,60대 이상,54.4,중급자,재활/건강,어시스트 풀업 머신,15.0,18,2,100
남성,30대,61.3,중급자,스트렝스,인클라인 덤벨 프레스,45.0,4,4,126
여성,50대,39.1,상급자,근비대,사이드 레터럴 레이즈,25.0,12,3,84
여성,20대,57.2,상급자,스트렝스,펙덱 플라이 머신,60.0,3,5,137
여성,60대 이상,45.3,중급자,근비대,인클라인 덤벨 프레스,17.5,8,3,74
남성,20대,73.6,중급자,스트렝스,랫 풀다운 머신,82.5,5,4,144
남성,20대,85.7,상급자,다이어트,페이스 풀,60.0,17,3,53
남성,40대,67.8,초보자,스트렝스,사이드 레터럴 레이즈,22.5,3,4,130
여성,20대,56.6,초보자,근비대,바벨 스쿼트,10.0,8,3,61
남성,60대 이상,73.8,초보자,스트렝스,벤치프레스,25.0,5,5,178
남성,10대,70.3,상급자,다이어트,펙덱 플라이 머신,65.0,17,3,37
남성,50대,66.8,상급자,근비대,바벨 로우,57.5,12,4,63
여성,40대,51.9,상급자,재활/건강,체스트 프레스 머신,22.5,19,3,104
여성,40대,63.2,상급자,재활/건강,레그 프레스 머신,25.0,15,2,90
남성,60대 이상,72.1,중급자,재활/건강,체스트 프레스 머신,30.0,19,2,111
남성,50대,76.4,중급자,다이어트,체스트 프레스 머신,52.5,18,3,30
남성,30대,86.8,초보자,재활/건강,루마니안 데드리프트,10.0,18,2,112
여성,30대,47.4,초보자,재활/건강,어시스트 풀업 머신,5.0,18,2,116
여성,20대,48.5,중급자,스트렝스,시티드 로우 머신,35.0,4,5,146
남성,60대 이상,77.0,상급자,스트렝스,랫 풀다운 머신,130.0,5,5,129
남성,40대,75.1,상급자,다이어트,오버헤드 프레스,47.5,16,3,33
여성,30대,54.0,중급자,근비대,레그 컬 머신,30.0,8,4,72
남성,50대,74.5,상급자,스트렝스,오버헤드 프레스,82.5,4,4,158
여성,20대,66.3,상급자,스트렝스,벤치프레스,50.0,3,5,133
남성,60대 이상,66.2,상급자,다이어트,바벨 스쿼트,42.5,16,3,36
여성,10대,51.4,상급자,근비대,체스트 프레스 머신,45.0,12,3,88
여성,20대,49.7,상급자,재활/건강,오버헤드 프레스,15.0,19,2,91
남성,50대,64.2,상급자,근비대,페이스 풀,57.5,8,3,61
남성,40대,74.2,중급자,재활/건강,체스트 프레스 머신,27.5,19,3,114
여성,50대,31.2,중급자,스트렝스,숄더 프레스 머신,22.5,5,4,137
남성,10대,78.1,초보자,재활/건강,체스트 프레스 머신,17.5,16,3,105
여성,50대,54.3,상급자,스트렝스,펙덱 플라이 머신,60.0,3,4,155
여성,20대,53.9,상급자,다이어트,벤치프레스,25.0,18,3,31
여성,10대,59.1,초보자,다이어트,인클라인 덤벨 프레스,7.5,15,3,40
여성,10대,62.3,중급자,근비대,바벨 스쿼트,22.5,12,3,76
남성,30대,87.5,상급자,스트렝스,레그 프레스 머신,145.0,3,4,147
남성,40대,82.9,상급자,재활/건강,레그 컬 머신,55.0,19,2,102
남성,10대,78.9,초보자,재활/건강,페이스 풀,12.5,20,3,110
남성,40대,74.6,중급자,다이어트,레그 프레스 머신,45.0,18,3,52
여성,50대,63.0,초보자,근비대,펙덱 플라이 머신,17.5,9,3,87
여성,50대,58.2,상급자,다이어트,레그 프레스 머신,40.0,19,3,52
남성,60대 이상,82.6,상급자,재활/건강,루마니안 데드리프트,35.0,15,3,112
남성,30대,71.9,초보자,재활/건강,레그 컬 머신,17.5,18,3,92
남성,10대,67.2,초보자,근비대,어시스트 풀업 머신,32.5,8,4,64
남성,20대,67.2,중급자,스트렝스,어시스트 풀업 머신,75.0,5,4,133
여성,10대,53.9,상급자,다이어트,사이드 레터럴 레이즈,25.0,20,3,53
남성,20대,66.6,중급자,스트렝스,펙덱 플라이 머신,70.0,3,4,160
여성,60대 이상,52.4,중급자,근비대,체스트 프레스 머신,30.0,8,4,86
남성,10대,73.0,중급자,스트렝스,사이드 레터럴 레이즈,52.5,4,4,156
남성,30대,81.7,중급자,다이어트,루마니안 데드리프트,37.5,15,3,38
남성,10대,71.4,상급자,스트렝스,워킹 런지,77.5,5,5,150
여성,20대,47.5,상급자,다이어트,오버헤드 프레스,20.0,17,3,46
여성,50대,49.4,상급자,재활/건강,바벨 로우,15.0,19,2,91
남성,30대,71.7,중급자,재활/건강,레그 익스텐션 머신,32.5,17,2,117
남성,60대 이상,76.0,중급자,근비대,레그 프레스 머신,70.0,8,3,87
남성,30대,87.3,상급자,근비대,오버헤드 프레스,75.0,8,3,90
여성,40대,58.5,상급자,재활/건강,오버헤드 프레스,17.5,15,3,114
남성,30대,80.5,상급자,재활/건강,인클라인 덤벨 프레스,37.5,17,3,119
남성,30대,75.7,초보자,근비대,레그 프레스 머신,35.0,12,4,69
여성,60대 이상,59.7,초보자,스트렝스,어시스트 풀업 머신,20.0,3,4,146
여성,40대,64.8,초보자,근비대,바벨 스쿼트,12.5,8,3,75
여성,60대 이상,49.4,상급자,근비대,페이스 풀,30.0,11,4,76
여성,20대,50.3,상급자,스트렝스,체스트 프레스 머신,52.5,3,5,139
남성,20대,91.7,초보자,근비대,루마니안 데드리프트,27.5,8,4,90
남성,50대,64.3,초보자,재활/건강,시티드 로우 머신,15.0,20,2,113
남성,20대,88.6,초보자,근비대,루마니안 데드리프트,25.0,9,4,79
남성,60대 이상,83.4,초보자,재활/건강,레그 익스텐션 머신,17.5,18,3,108
남성,40대,67.4,중급자,재활/건강,사이드 레터럴 레이즈,20.0,20,3,91
남성,60대 이상,70.3,초보자,근비대,사이드 레터럴 레이즈,22.5,8,3,87
여성,10대,64.2,상급자,재활/건강,루마니안 데드리프트,20.0,18,3,110
여성,50대,58.6,중급자,스트렝스,어시스트 풀업 머신,37.5,5,4,154
남성,60대 이상,69.4,중급자,근비대,랫 풀다운 머신,62.5,12,3,90
여성,60대 이상,53.0,상급자,근비대,페이스 풀,30.0,8,3,82
남성,10대,97.5,상급자,재활/건강,벤치프레스,45.0,17,3,105
여성,40대,48.1,중급자,근비대,레그 컬 머신,25.0,9,4,74
여성,40대,39.7,초보자,근비대,페이스 풀,7.5,9,4,67
남성,50대,86.5,상급자,다이어트,페이스 풀,52.5,15,3,35
남성,30대,77.9,상급자,다이어트,펙덱 플라이 머신,77.5,16,3,33
여성,60대 이상,57.7,초보자,근비대,어시스트 풀업 머신,17.5,11,3,71
여성,40대,52.7,상급자,스트렝스,레그 프레스 머신,55.0,5,5,175
남성,20대,86.5,중급자,근비대,레그 프레스 머신,80.0,8,3,82
여성,20대,59.1,초보자,근비대,레그 컬 머신,15.0,10,3,72
여성,30대,43.9,초보자,재활/건강,체스트 프레스 머신,5.0,20,2,102
여성,30대,66.7,초보자,재활/건강,시티드 로우 머신,7.5,17,2,90
남성,40대,51.6,초보자,재활/건강,오버헤드 프레스,7.5,20,2,90
여성,60대 이상,51.6,상급자,다이어트,체스트 프레스 머신,32.5,15,3,46
남성,20대,87.8,초보자,근비대,체스트 프레스 머신,37.5,11,4,78
남성,50대,73.8,상급자,근비대,랫 풀다운 머신,102.5,8,3,75
남성,60대 이상,65.8,상급자,다이어트,페이스 풀,42.5,18,3,43
여성,10대,70.8,초보자,근비대,체스트 프레스 머신,20.0,10,4,84
남성,30대,70.5,상급자,스트렝스,숄더 프레스 머신,112.5,5,4,130
남성,30대,73.7,중급자,다이어트,루마니안 데드리프트,30.0,15,3,49
여성,20대,66.6,중급자,근비대,시티드 로우 머신,37.5,8,3,76
남성,20대,84.6,상급자,스트렝스,바벨 스쿼트,95.0,3,4,155
여성,10대,48.3,중급자,근비대,워킹 런지,17.5,12,4,61
남성,20대,78.0,상급자,재활/건강,루마니안 데드리프트,30.0,18,2,112
남성,30대,77.1,중급자,다이어트,루마니안 데드리프트,32.5,17,3,53
여성,50대,40.3,중급자,재활/건강,레그 익스텐션 머신,10.0,20,3,112
여성,30대,66.3,중급자,근비대,사이드 레터럴 레이즈,25.0,12,3,66
여성,40대,57.6,상급자,재활/건강,인클라인 덤벨 프레스,15.0,16,3,97
남성,10대,69.3,중급자,다이어트,워킹 런지,30.0,19,3,32
여성,40대,59.3,상급자,다이어트,오버헤드 프레스,25.0,19,3,54
남성,30대,74.2,상급자,재활/건강,랫 풀다운 머신,47.5,16,3,106
남성,30대,81.2,상급자,근비대,페이스 풀,72.5,11,3,87
남성,20대,83.0,중급자,근비대,어시스트 풀업 머신,80.0,12,3,86
여성,20대,58.3,상급자,스트렝스,바벨 로우,42.5,5,4,178
남성,50대,66.1,중급자,다이어트,벤치프레스,27.5,16,3,33
남성,50대,71.1,상급자,근비대,바벨 로우,67.5,8,3,71
남성,50대,83.1,상급자,재활/건강,벤치프레스,30.0,20,3,118
남성,20대,69.6,초보자,재활/건강,워킹 런지,10.0,16,2,102
남성,10대,80.3,중급자,재활/건강,숄더 프레스 머신,32.5,16,2,110
남성,60대 이상,97.4,초보자,재활/건강,레그 프레스 머신,20.0,17,2,100
남성,10대,84.1,초보자,다이어트,바벨 스쿼트,20.0,15,3,36
남성,20대,80.1,상급자,재활/건강,사이드 레터럴 레이즈,30.0,18,2,107
여성,50대,45.7,초보자,다이어트,바벨 스쿼트,7.5,18,3,40
여성,40대,59.3,중급자,스트렝스,바벨 로우,27.5,4,4,148
여성,20대,56.1,초보자,근비대,체스트 프레스 머신,17.5,9,4,87
여성,60대 이상,47.0,상급자,다이어트,레그 익스텐션 머신,32.5,16,3,37
여성,30대,35.3,초보자,재활/건강,페이스 풀,2.5,18,3,106
여성,50대,52.0,상급자,다이어트,워킹 런지,20.0,20,3,40
여성,30대,66.9,중급자,근비대,펙덱 플라이 머신,37.5,11,3,75
남성,40대,84.2,중급자,다이어트,체스트 프레스 머신,60.0,20,3,41
여성,50대,50.9,초보자,스트렝스,루마니안 데드리프트,12.5,3,4,131
남성,30대,64.3,초보자,스트렝스,레그 컬 머신,32.5,5,4,140
남성,50대,92.5,상급자,근비대,레그 익스텐션 머신,130.0,12,4,73
남성,40대,86.3,상급자,스트렝스,인클라인 덤벨 프레스,97.5,3,4,139
남성,60대 이상,61.6,상급자,다이어트,레그 프레스 머신,60.0,19,3,52
남성,20대,68.3,중급자,근비대,워킹 런지,40.0,12,3,80
남성,30대,81.3,상급자,재활/건강,펙덱 플라이 머신,52.5,16,2,117
여성,60대 이상,50.6,초보자,스트렝스,어시스트 풀업 머신,15.0,4,4,140
여성,30대,56.5,상급자,재활/건강,시티드 로우 머신,22.5,20,2,92
남성,40대,65.9,중급자,스트렝스,숄더 프레스 머신,72.5,3,4,167
남성,10대,77.5,초보자,다이어트,인클라인 덤벨 프레스,17.5,17,3,50
남성,20대,53.3,중급자,근비대,벤치프레스,30.0,12,3,75
남성,40대,72.8,중급자,재활/건강,워킹 런지,22.5,18,2,119
남성,40대,77.5,중급자,스트렝스,펙덱 플라이 머신,80.0,4,5,148
남성,30대,80.7,상급자,다이어트,루마니안 데드리프트,52.5,15,3,34
여성,10대,51.6,초보자,스트렝스,바벨 스쿼트,10.0,5,5,170
여성,60대 이상,52.6,중급자,근비대,시티드 로우 머신,30.0,12,4,73
남성,60대 이상,62.2,초보자,스트렝스,레그 프레스 머신,35.0,3,4,161
남성,50대,72.7,초보자,다이어트,바벨 스쿼트,17.5,16,3,60
남성,10대,71.7,초보자,근비대,펙덱 플라이 머신,32.5,11,3,79
남성,40대,71.8,초보자,스트렝스,워킹 런지,25.0,4,4,125
여성,30대,65.1,상급자,재활/건강,레그 컬 머신,25.0,20,3,118
남성,60대 이상,71.8,중급자,재활/건강,사이드 레터럴 레이즈,22.5,19,3,90
여성,60대 이상,43.5,초보자,다이어트,레그 프레스 머신,10.0,18,3,50
여성,50대,49.6,상급자,다이어트,루마니안 데드리프트,20.0,18,3,53
여성,40대,56.0,상급자,다이어트,오버헤드 프레스,25.0,15,3,34
남성,10대,79.4,초보자,다이어트,페이스 풀,17.5,17,3,50
남성,40대,71.1,상급자,다이어트,레그 익스텐션 머신,72.5,15,3,47
남성,10대,81.1,상급자,다이어트,체스트 프레스 머신,82.5,20,3,35
여성,30대,45.9,상급자,재활/건강,랫 풀다운 머신,20.0,16,3,99
남성,60대 이상,55.7,초보자,재활/건강,오버헤드 프레스,7.5,20,3,99
남성,60대 이상,81.2,중급자,스트렝스,사이드 레터럴 레이즈,60.0,4,4,176
남성,30대,72.4,상급자,재활/건강,펙덱 플라이 머신,52.5,16,2,115
여성,30대,58.1,상급자,근비대,레그 프레스 머신,50.0,8,4,80
여성,40대,53.3,초보자,재활/건강,체스트 프레스 머신,7.5,18,3,109
여성,20대,61.3,상급자,다이어트,벤치프레스,25.0,18,3,54
여성,20대,59.5,초보자,재활/건강,인클라인 덤벨 프레스,5.0,17,2,117
남성,20대,85.7,초보자,스트렝스,바벨 로우,32.5,3,5,152
남성,30대,85.6,중급자,다이어트,레그 익스텐션 머신,52.5,16,3,58
여성,20대,43.6,초보자,스트렝스,바벨 로우,10.0,5,5,137
여성,10대,46.5,상급자,스트렝스,사이드 레터럴 레이즈,32.5,3,5,132
여성,20대,44.6,상급자,근비대,워킹 런지,25.0,10,4,65
남성,20대,89.6,상급자,재활/건강,시티드 로우 머신,52.5,16,2,104
여성,20대,48.0,초보자,스트렝스,시티드 로우 머신,15.0,5,4,129
남성,10대,89.4,중급자,근비대,루마니안 데드리프트,50.0,9,3,88
남성,10대,68.7,중급자,다이어트,페이스 풀,27.5,17,3,54
남성,10대,62.9,중급자,다이어트,숄더 프레스 머신,42.5,18,3,46
남성,10대,67.4,상급자,스트렝스,랫 풀다운 머신,112.5,5,5,160
남성,10대,65.7,상급자,재활/건강,페이스 풀,27.5,20,3,120
여성,20대,51.4,상급자,재활/건강,워킹 런지,15.0,17,3,111
여성,20대,58.8,중급자,근비대,체스트 프레스 머신,32.5,9,3,64
남성,60대 이상,93.1,중급자,재활/건강,사이드 레터럴 레이즈,25.0,18,2,115
남성,30대,75.9,중급자,다이어트,레그 익스텐션 머신,47.5,20,3,39
여성,60대 이상,52.5,초보자,다이어트,바벨 스쿼트,7.5,19,3,55
여성,60대 이상,49.6,중급자,재활/건강,인클라인 덤벨 프레스,7.5,18,2,102
여성,60대 이상,50.9,초보자,스트렝스,오버헤드 프레스,12.5,3,4,142
여성,10대,51.7,중급자,근비대,페이스 풀,17.5,9,3,72
여성,30대,49.8,상급자,근비대,레그 컬 머신,42.5,10,4,84
여성,10대,60.4,초보자,근비대,벤치프레스,10.0,9,3,71
여성,10대,53.4,중급자,다이어트,체스트 프레스 머신,22.5,19,3,59
여성,30대,49.9,상급자,스트렝스,루마니안 데드리프트,35.0,3,5,162
여성,50대,56.7,상급자,다이어트,바벨 로우,22.5,18,3,38
여성,30대,60.2,초보자,근비대,루마니안 데드리프트,10.0,8,3,67
여성,10대,62.9,중급자,재활/건강,레그 프레스 머신,15.0,19,2,90
남성,60대 이상,71.5,상급자,근비대,펙덱 플라이 머신,102.5,11,3,78
여성,50대,42.2,상급자,다이어트,사이드 레터럴 레이즈,20.0,17,3,48
남성,40대,83.9,초보자,재활/건강,벤치프레스,12.5,19,3,97
여성,50대,56.9,초보자,스트렝스,레그 프레스 머신,20.0,3,5,153
여성,40대,41.8,상급자,근비대,오버헤드 프레스,25.0,8,3,85
여성,10대,36.4,상급자,근비대,바벨 스쿼트,22.5,8,3,61
여성,20대,63.0,초보자,근비대,레그 익스텐션 머신,17.5,9,3,68
여성,10대,50.8,초보자,스트렝스,펙덱 플라이 머신,17.5,5,5,166
남성,50대,69.2,상급자,스트렝스,숄더 프레스 머신,112.5,4,5,160
여성,10대,53.3,중급자,스트렝스,랫 풀다운 머신,35.0,5,5,152
여성,40대,58.1,상급자,근비대,사이드 레터럴 레이즈,32.5,9,3,89
여성,60대 이상,45.9,초보자,재활/건강,페이스 풀,5.0,15,3,102
남성,50대,66.2,초보자,다이어트,벤치프레스,15.0,16,3,55
여성,20대,42.4,중급자,다이어트,랫 풀다운 머신,17.5,17,3,47
여성,30대,40.4,초보자,스트렝스,인클라인 덤벨 프레스,10.0,4,5,128
남성,50대,75.8,중급자,근비대,워킹 런지,45.0,10,4,77
여성,50대,53.7,상급자,재활/건강,펙덱 플라이 머신,25.0,19,2,120
남성,60대 이상,85.7,상급자,다이어트,사이드 레터럴 레이즈,52.5,17,3,54
여성,50대,66.5,상급자,다이어트,체스트 프레스 머신,42.5,20,3,37
남성,60대 이상,75.0,중급자,스트렝스,사이드 레터럴 레이즈,57.5,3,5,162
남성,60대 이상,66.6,초보자,다이어트,레그 프레스 머신,20.0,20,3,56
여성,50대,58.5,상급자,재활/건강,시티드 로우 머신,25.0,18,2,111
남성,20대,67.6,초보자,재활/건강,루마니안 데드리프트,10.0,16,3,116
남성,20대,60.9,상급자,스트렝스,시티드 로우 머신,97.5,4,4,174
남성,60대 이상,82.6,중급자,다이어트,벤치프레스,32.5,17,3,32
남성,10대,73.4,초보자,스트렝스,인클라인 덤벨 프레스,25.0,5,5,137
여성,20대,54.1,중급자,재활/건강,인클라인 덤벨 프레스,10.0,15,3,106
여성,30대,56.6,중급자,스트렝스,레그 프레스 머신,35.0,3,5,180
남성,40대,84.3,초보자,재활/건강,레그 익스텐션 머신,15.0,19,2,90
여성,30대,50.5,중급자,재활/건강,인클라인 덤벨 프레스,10.0,16,3,107
남성,30대,92.6,상급자,다이어트,레그 익스텐션 머신,90.0,19,3,50
남성,20대,93.8,중급자,근비대,랫 풀다운 머신,90.0,11,4,81
여성,10대,57.9,중급자,스트렝스,페이스 풀,27.5,4,4,151
여성,60대 이상,48.0,상급자,재활/건강,워킹 런지,15.0,20,3,93
남성,30대,58.8,상급자,재활/건강,사이드 레터럴 레이즈,27.5,18,3,101
여성,30대,56.7,상급자,재활/건강,어시스트 풀업 머신,25.0,17,2,103
남성,30대,81.9,중급자,스트렝스,루마니안 데드리프트,60.0,3,4,152
여성,60대 이상,49.6,중급자,다이어트,랫 풀다운 머신,22.5,15,3,39
남성,40대,88.5,상급자,다이어트,벤치프레스,60.0,20,3,58
여성,30대,50.4,초보자,근비대,페이스 풀,10.0,12,3,69
남성,20대,78.1,상급자,다이어트,체스트 프레스 머신,70.0,19,3,33
여성,50대,59.1,상급자,다이어트,루마니안 데드리프트,27.5,15,3,47
남성,50대,72.3,초보자,다이어트,펙덱 플라이 머신,22.5,16,3,53
여성,30대,47.8,초보자,근비대,바벨 스쿼트,10.0,8,3,70
남성,50대,69.5,초보자,근비대,바벨 로우,20.0,11,4,70
남성,50대,80.2,초보자,재활/건강,바벨 로우,10.0,17,3,95
여성,20대,55.7,초보자,근비대,랫 풀다운 머신,17.5,11,3,71
남성,30대,80.7,상급자,근비대,어시스트 풀업 머신,115.0,10,3,82
남성,30대,78.1,중급자,스트렝스,페이스 풀,55.0,3,5,163
남성,30대,100.9,상급자,재활/건강,숄더 프레스 머신,62.5,15,2,111
남성,20대,71.9,상급자,재활/건강,페이스 풀,30.0,15,3,98
남성,10대,68.0,초보자,근비대,바벨 로우,20.0,10,3,71
남성,30대,74.7,중급자,근비대,인클라인 덤벨 프레스,45.0,11,4,80
여성,20대,65.0,중급자,스트렝스,레그 컬 머신,45.0,4,5,160
남성,30대,77.8,중급자,근비대,사이드 레터럴 레이즈,50.0,11,4,64
여성,20대,51.0,중급자,다이어트,어시스트 풀업 머신,20.0,15,3,37
여성,40대,65.7,중급자,근비대,인클라인 덤벨 프레스,22.5,11,3,88
남성,40대,89.6,상급자,근비대,어시스트 풀업 머신,127.5,9,3,78
남성,50대,72.5,상급자,스트렝스,워킹 런지,77.5,4,5,138
여성,50대,52.1,초보자,다이어트,시티드 로우 머신,10.0,15,3,44
여성,20대,56.0,초보자,근비대,워킹 런지,10.0,11,3,88
여성,20대,54.0,중급자,재활/건강,랫 풀다운 머신,15.0,20,2,91
여성,50대,49.3,중급자,근비대,레그 프레스 머신,27.5,10,3,84
여성,30대,55.3,중급자,스트렝스,워킹 런지,25.0,3,5,163
남성,10대,62.9,상급자,근비대,벤치프레스,60.0,9,3,78
여성,20대,45.9,초보자,스트렝스,숄더 프레스 머신,15.0,4,5,172
남성,20대,79.1,중급자,다이어트,레그 프레스 머신,47.5,16,3,36
여성,60대 이상,48.0,중급자,재활/건강,페이스 풀,7.5,19,3,107
여성,50대,60.3,상급자,재활/건강,페이스 풀,15.0,17,2,117
여성,60대 이상,50.4,초보자,다이어트,시티드 로우 머신,10.0,20,3,53
남성,60대 이상,78.5,초보자,스트렝스,랫 풀다운 머신,45.0,5,5,128
남성,10대,81.4,중급자,스트렝스,시티드 로우 머신,90.0,4,4,127
남성,30대,83.9,상급자,다이어트,오버헤드 프레스,60.0,15,3,39
남성,20대,60.6,중급자,근비대,레그 프레스 머신,52.5,12,4,65
남성,50대,74.5,초보자,근비대,벤치프레스,22.5,12,3,64
여성,50대,48.5,초보자,다이어트,바벨 스쿼트,7.5,18,3,53
여성,30대,47.7,상급자,다이어트,펙덱 플라이 머신,32.5,18,3,40
여성,60대 이상,67.9,중급자,근비대,어시스트 풀업 머신,37.5,8,4,78
여성,50대,59.9,중급자,다이어트,체스트 프레스 머신,22.5,17,3,34
여성,60대 이상,71.4,중급자,스트렝스,벤치프레스,30.0,3,5,127
여성,30대,43.5,초보자,재활/건강,사이드 레터럴 레이즈,2.5,18,3,116
여성,50대,52.7,중급자,근비대,어시스트 풀업 머신,30.0,8,4,81
여성,50대,53.2,초보자,재활/건강,페이스 풀,5.0,17,3,97
여성,10대,50.3,초보자,재활/건강,레그 프레스 머신,7.5,15,3,102
남성,30대,59.3,중급자,다이어트,워킹 런지,22.5,16,3,54
여성,20대,52.5,상급자,근비대,사이드 레터럴 레이즈,32.5,12,4,61
남성,60대 이상,82.0,중급자,스트렝스,어시스트 풀업 머신,90.0,4,4,152
여성,10대,47.7,초보자,다이어트,페이스 풀,7.5,15,3,33
남성,10대,72.4,초보자,근비대,페이스 풀,20.0,9,3,76
남성,10대,68.2,중급자,다이어트,레그 프레스 머신,42.5,19,3,44
남성,40대,72.7,초보자,스트렝스,사이드 레터럴 레이즈,25.0,4,5,131
남성,60대 이상,70.4,초보자,근비대,레그 프레스 머신,30.0,10,3,90
남성,40대,72.8,중급자,근비대,인클라인 덤벨 프레스,45.0,10,4,67
남성,40대,78.0,초보자,스트렝스,워킹 런지,27.5,3,5,159
남성,50대,75.4,상급자,스트렝스,펙덱 플라이 머신,125.0,3,4,121
남성,30대,84.0,상급자,재활/건강,레그 익스텐션 머신,57.5,16,2,100
남성,20대,81.3,중급자,스트렝스,랫 풀다운 머신,85.0,3,5,162
여성,30대,58.1,중급자,재활/건강,숄더 프레스 머신,15.0,19,3,92
남성,60대 이상,81.2,상급자,스트렝스,체스트 프레스 머신,135.0,5,4,139
여성,50대,40.5,중급자,근비대,체스트 프레스 머신,22.5,9,4,72
남성,10대,74.9,중급자,근비대,인클라인 덤벨 프레스,45.0,9,3,83
남성,40대,79.3,중급자,다이어트,레그 컬 머신,50.0,17,3,51
여성,30대,60.2,중급자,다이어트,랫 풀다운 머신,22.5,19,3,30
여성,50대,51.7,상급자,근비대,바벨 로우,30.0,11,4,61
남성,40대,80.2,상급자,재활/건강,루마니안 데드리프트,35.0,17,2,96
여성,10대,69.9,초보자,스트렝스,사이드 레터럴 레이즈,15.0,5,4,148
여성,20대,52.4,중급자,근비대,시티드 로우 머신,30.0,10,3,66
여성,30대,59.4,초보자,스트렝스,워킹 런지,12.5,4,5,132
남성,30대,66.3,초보자,재활/건강,어시스트 풀업 머신,12.5,15,2,106
남성,10대,95.6,상급자,재활/건강,어시스트 풀업 머신,60.0,20,2,101
남성,50대,68.8,상급자,근비대,체스트 프레스 머신,92.5,11,4,88
남성,30대,91.0,중급자,다이어트,어시스트 풀업 머신,62.5,17,3,44
여성,50대,62.9,중급자,근비대,레그 컬 머신,37.5,8,3,85
여성,30대,64.9,상급자,근비대,루마니안 데드리프트,40.0,10,4,90
여성,60대 이상,62.2,상급자,근비대,레그 컬 머신,60.0,8,3,79
여성,50대,73.1,중급자,재활/건강,어시스트 풀업 머신,20.0,16,2,109
여성,20대,58.6,초보자,다이어트,바벨 로우,7.5,15,3,47
여성,20대,57.7,상급자,근비대,시티드 로우 머신,55.0,8,4,84
남성,20대,65.7,상급자,다이어트,레그 프레스 머신,60.0,15,3,51
남성,40대,70.5,중급자,다이어트,레그 익스텐션 머신,47.5,17,3,58
남성,10대,90.4,중급자,재활/건강,펙덱 플라이 머신,40.0,19,3,94
남성,50대,55.4,상급자,재활/건강,인클라인 덤벨 프레스,22.5,18,2,112
남성,40대,73.1,상급자,근비대,체스트 프레스 머신,102.5,12,4,69
남성,30대,82.3,중급자,스트렝스,체스트 프레스 머신,92.5,4,4,170
남성,20대,59.8,중급자,재활/건강,레그 컬 머신,25.0,15,2,97
여성,40대,39.6,상급자,재활/건강,바벨 로우,10.0,17,3,120
남성,30대,100.5,초보자,재활/건강,레그 익스텐션 머신,17.5,20,3,99
여성,40대,49.6,초보자,근비대,바벨 스쿼트,10.0,12,4,62
남성,50대,64.9,초보자,재활/건강,사이드 레터럴 레이즈,7.5,19,3,101
남성,30대,58.7,초보자,스트렝스,워킹 런지,20.0,4,5,136
남성,30대,73.6,상급자,스트렝스,페이스 풀,77.5,3,4,169
남성,40대,70.3,중급자,스트렝스,랫 풀다운 머신,77.5,5,4,122
여성,30대,69.9,초보자,재활/건강,레그 컬 머신,10.0,20,2,97
여성,20대,40.9,초보자,스트렝스,오버헤드 프레스,10.0,4,4,121
여성,40대,61.2,상급자,스트렝스,어시스트 풀업 머신,65.0,5,4,158
남성,30대,68.7,중급자,스트렝스,체스트 프레스 머신,70.0,3,4,176
남성,50대,83.2,중급자,재활/건강,루마니안 데드리프트,27.5,18,2,98
남성,50대,80.5,중급자,다이어트,레그 프레스 머신,50.0,20,3,40
남성,50대,73.9,초보자,재활/건강,페이스 풀,10.0,17,3,95
남성,10대,66.3,상급자,다이어트,숄더 프레스 머신,60.0,16,3,56
여성,50대,58.1,상급자,근비대,어시스트 풀업 머신,55.0,11,3,69
남성,60대 이상,77.3,상급자,재활/건강,펙덱 플라이 머신,50.0,19,3,118
남성,40대,65.9,중급자,스트렝스,워킹 런지,45.0,3,5,140
여성,20대,39.5,중급자,스트렝스,랫 풀다운 머신,27.5,4,5,171
여성,30대,58.8,초보자,재활/건강,오버헤드 프레스,5.0,18,3,90
남성,50대,66.0,상급자,스트렝스,바벨 로우,72.5,4,5,169
남성,10대,80.3,상급자,근비대,숄더 프레스 머신,112.5,11,3,69
남성,60대 이상,75.8,중급자,스트렝스,레그 익스텐션 머신,82.5,4,5,157
남성,60대 이상,84.2,상급자,재활/건강,레그 익스텐션 머신,60.0,19,3,120
여성,10대,51.2,상급자,스트렝스,벤치프레스,37.5,5,5,148
여성,40대,61.1,초보자,다이어트,벤치프레스,7.5,19,3,47
여성,30대,58.6,상급자,스트렝스,어시스트 풀업 머신,60.0,5,5,162
남성,40대,79.8,상급자,다이어트,펙덱 플라이 머신,82.5,17,3,50
남성,20대,77.4,중급자,다이어트,워킹 런지,35.0,19,3,55
여성,20대,42.6,상급자,스트렝스,루마니안 데드리프트,30.0,3,4,130
남성,10대,78.0,상급자,스트렝스,인클라인 덤벨 프레스,87.5,4,5,123
남성,30대,65.7,상급자,재활/건강,레그 컬 머신,35.0,18,2,99
여성,20대,48.7,초보자,다이어트,레그 익스텐션 머신,10.0,18,3,35
남성,30대,69.8,초보자,근비대,인클라인 덤벨 프레스,20.0,9,4,81
여성,20대,53.6,상급자,스트렝스,레그 익스텐션 머신,60.0,5,4,154
남성,50대,69.2,상급자,다이어트,바벨 스쿼트,45.0,16,3,37
남성,30대,74.3,중급자,스트렝스,랫 풀다운 머신,80.0,4,5,142
여성,10대,55.7,상급자,스트렝스,인클라인 덤벨 프레스,40.0,4,5,149
남성,10대,70.8,중급자,근비대,사이드 레터럴 레이즈,42.5,10,3,72
여성,20대,63.9,상급자,다이어트,바벨 스쿼트,27.5,20,3,38
여성,60대 이상,56.3,상급자,재활/건강,오버헤드 프레스,17.5,17,3,94
여성,60대 이상,61.4,중급자,근비대,시티드 로우 머신,37.5,8,4,65
남성,30대,73.4,초보자,재활/건강,워킹 런지,10.0,17,2,119
남성,10대,81.3,상급자,다이어트,루마니안 데드리프트,52.5,20,3,56
남성,20대,79.5,초보자,스트렝스,펙덱 플라이 머신,45.0,5,4,172
여성,20대,60.4,상급자,스트렝스,인클라인 덤벨 프레스,45.0,4,4,122
여성,20대,56.7,초보자,재활/건강,레그 익스텐션 머신,7.5,19,2,94
남성,50대,84.4,중급자,스트렝스,루마니안 데드리프트,57.5,5,5,135
여성,30대,55.6,초보자,근비대,워킹 런지,10.0,11,4,78
여성,50대,59.9,중급자,스트렝스,레그 프레스 머신,40.0,4,5,180
여성,50대,53.6,중급자,재활/건강,루마니안 데드리프트,10.0,16,3,106
남성,20대,70.3,중급자,스트렝스,레그 프레스 머신,75.0,5,4,137
여성,50대,60.9,상급자,재활/건강,사이드 레터럴 레이즈,17.5,18,3,107
여성,40대,58.1,상급자,근비대,사이드 레터럴 레이즈,35.0,9,4,80
여성,20대,61.5,상급자,재활/건강,바벨 스쿼트,15.0,16,3,93
남성,20대,67.0,초보자,다이어트,바벨 스쿼트,12.5,16,3,52
남성,60대 이상,72.1,중급자,재활/건강,바벨 로우,22.5,18,3,111
여성,20대,53.3,중급자,스트렝스,레그 익스텐션 머신,35.0,4,5,167
여성,30대,58.0,상급자,다이어트,루마니안 데드리프트,27.5,15,3,54
여성,10대,53.6,초보자,재활/건강,시티드 로우 머신,7.5,20,2,92
여성,20대,52.0,초보자,스트렝스,체스트 프레스 머신,17.5,4,5,177
여성,10대,59.7,초보자,다이어트,워킹 런지,7.5,17,3,54
남성,50대,87.0,중급자,재활/건강,숄더 프레스 머신,42.5,19,3,111
남성,50대,86.1,상급자,재활/건강,레그 프레스 머신,55.0,16,2,120
남성,60대 이상,76.2,중급자,근비대,바벨 로우,45.0,12,3,85
여성,60대 이상,36.9,초보자,근비대,페이스 풀,7.5,10,4,79
여성,50대,53.3,초보자,재활/건강,펙덱 플라이 머신,7.5,18,2,102
여성,10대,54.2,초보자,스트렝스,체스트 프레스 머신,17.5,4,4,127
여성,10대,50.1,초보자,재활/건강,체스트 프레스 머신,7.5,15,2,103
여성,60대 이상,68.1,상급자,재활/건강,오버헤드 프레스,17.5,16,3,97
여성,20대,46.3,상급자,재활/건강,워킹 런지,12.5,15,3,91
남성,20대,82.1,초보자,재활/건강,바벨 로우,12.5,19,2,111
남성,40대,86.3,상급자,다이어트,레그 익스텐션 머신,82.5,17,3,58
남성,40대,77.3,초보자,다이어트,레그 익스텐션 머신,25.0,15,3,56
여성,20대,51.6,상급자,근비대,바벨 로우,32.5,11,4,62
남성,30대,75.8,상급자,다이어트,인클라인 덤벨 프레스,52.5,19,3,33
여성,60대 이상,58.5,초보자,다이어트,워킹 런지,7.5,19,3,51
남성,20대,64.5,상급자,근비대,인클라인 덤벨 프레스,55.0,8,3,70
남성,30대,96.5,중급자,다이어트,체스트 프레스 머신,67.5,18,3,59
남성,30대,79.6,상급자,재활/건강,워킹 런지,35.0,20,3,95
남성,30대,84.2,초보자,근비대,페이스 풀,27.5,12,3,68
남성,60대 이상,83.0,중급자,근비대,바벨 로우,47.5,9,3,89
여성,10대,47.1,초보자,다이어트,워킹 런지,7.5,17,3,38
여성,30대,56.1,상급자,다이어트,레그 프레스 머신,35.0,19,3,43
남성,60대 이상,82.3,상급자,재활/건강,체스트 프레스 머신,47.5,20,2,115
여성,50대,67.8,상급자,재활/건강,펙덱 플라이 머신,27.5,18,3,99
남성,20대,68.8,상급자,재활/건강,숄더 프레스 머신,40.0,15,3,90
여성,60대 이상,53.5,초보자,다이어트,펙덱 플라이 머신,10.0,17,3,60
남성,20대,73.0,초보자,근비대,벤치프레스,20.0,9,3,85
여성,60대 이상,52.5,중급자,근비대,어시스트 풀업 머신,30.0,12,3,90
여성,20대,37.9,중급자,스트렝스,벤치프레스,17.5,3,5,155
여성,10대,48.5,중급자,다이어트,체스트 프레스 머신,20.0,16,3,32
남성,10대,68.1,초보자,근비대,벤치프레스,20.0,10,3,75
여성,20대,56.1,상급자,다이어트,페이스 풀,22.5,16,3,47
여성,40대,46.0,중급자,다이어트,어시스트 풀업 머신,17.5,16,3,52
여성,60대 이상,56.1,중급자,재활/건강,페이스 풀,10.0,15,3,104
여성,20대,52.7,상급자,근비대,워킹 런지,32.5,11,3,66
여성,10대,50.8,상급자,재활/건강,오버헤드 프레스,12.5,20,3,91
남성,40대,65.6,중급자,스트렝스,레그 익스텐션 머신,70.0,4,4,122
남성,20대,65.4,초보자,다이어트,루마니안 데드리프트,15.0,16,3,47
여성,40대,58.8,초보자,스트렝스,랫 풀다운 머신,20.0,3,4,176
남성,10대,66.1,초보자,근비대,인클라인 덤벨 프레스,20.0,10,4,69
여성,20대,61.1,상급자,다이어트,워킹 런지,30.0,20,3,33
남성,20대,52.6,중급자,다이어트,숄더 프레스 머신,35.0,18,3,54
여성,50대,64.7,초보자,스트렝스,시티드 로우 머신,22.5,5,4,155
여성,10대,44.2,초보자,스트렝스,펙덱 플라이 머신,15.0,4,4,129
남성,50대,90.4,중급자,재활/건강,바벨 로우,30.0,15,2,95
남성,10대,82.5,초보자,재활/건강,인클라인 덤벨 프레스,12.5,15,2,118
여성,60대 이상,43.6,중급자,재활/건강,바벨 스쿼트,7.5,18,3,118
여성,50대,52.7,초보자,다이어트,오버헤드 프레스,7.5,18,3,57
남성,50대,64.5,상급자,재활/건강,사이드 레터럴 레이즈,30.0,20,3,94
남성,50대,85.5,중급자,스트렝스,레그 프레스 머신,92.5,3,4,161
남성,50대,88.1,중급자,근비대,체스트 프레스 머신,82.5,8,4,68
남성,40대,67.9,상급자,스트렝스,워킹 런지,72.5,5,4,139
남성,20대,76.9,상급자,재활/건강,레그 컬 머신,45.0,17,3,91
여성,30대,57.5,상급자,근비대,벤치프레스,35.0,10,3,84
여성,60대 이상,43.3,중급자,재활/건강,어시스트 풀업 머신,10.0,15,2,105
남성,10대,70.6,중급자,재활/건강,오버헤드 프레스,17.5,18,2,98
남성,20대,79.1,초보자,다이어트,루마니안 데드리프트,17.5,20,3,49
남성,30대,63.2,상급자,재활/건강,레그 익스텐션 머신,35.0,18,2,98
여성,10대,53.7,상급자,스트렝스,루마니안 데드리프트,40.0,4,5,120
남성,60대 이상,70.2,초보자,스트렝스,사이드 레터럴 레이즈,25.0,5,5,140
여성,40대,51.0,상급자,근비대,레그 컬 머신,50.0,9,4,73
여성,40대,48.5,상급자,근비대,벤치프레스,30.0,12,3,79
남성,50대,75.4,중급자,근비대,바벨 스쿼트,45.0,12,4,62
남성,30대,73.3,상급자,다이어트,인클라인 덤벨 프레스,50.0,16,3,45
남성,60대 이상,64.6,초보자,재활/건강,어시스트 풀업 머신,12.5,19,2,91
남성,10대,82.5,중급자,근비대,인클라인 덤벨 프레스,47.5,12,3,64
여성,40대,52.5,중급자,다이어트,랫 풀다운 머신,20.0,19,3,34
남성,60대 이상,68.3,초보자,스트렝스,체스트 프레스 머신,37.5,5,4,155
남성,50대,69.6,상급자,재활/건강,펙덱 플라이 머신,37.5,16,2,90
남성,20대,85.3,상급자,다이어트,바벨 로우,57.5,20,3,36
여성,60대 이상,47.7,초보자,스트렝스,벤치프레스,10.0,5,5,159
남성,60대 이상,64.2,중급자,다이어트,펙덱 플라이 머신,40.0,16,3,53
남성,50대,66.7,초보자,다이어트,랫 풀다운 머신,20.0,18,3,43
여성,20대,43.8,초보자,다이어트,바벨 스쿼트,5.0,18,3,51
여성,10대,59.1,초보자,재활/건강,바벨 스쿼트,5.0,17,3,108
여성,50대,53.8,초보자,다이어트,페이스 풀,7.5,16,3,54
여성,20대,56.7,중급자,다이어트,페이스 풀,17.5,19,3,58
여성,60대 이상,69.3,중급자,재활/건강,페이스 풀,10.0,19,2,111
남성,40대,71.7,초보자,다이어트,워킹 런지,15.0,15,3,39
여성,20대,54.8,상급자,근비대,사이드 레터럴 레이즈,32.5,10,4,65
여성,30대,50.7,초보자,스트렝스,체스트 프레스 머신,17.5,4,4,123
여성,50대,55.4,초보자,근비대,벤치프레스,10.0,8,4,82
여성,50대,32.5,상급자,근비대,레그 컬 머신,30.0,8,3,80
남성,30대,58.3,상급자,스트렝스,체스트 프레스 머신,97.5,4,5,175
남성,60대 이상,59.7,상급자,근비대,오버헤드 프레스,50.0,10,3,90
여성,60대 이상,54.8,초보자,다이어트,오버헤드 프레스,7.5,18,3,49
남성,30대,77.1,상급자,다이어트,바벨 스쿼트,47.5,17,3,56
여성,30대,62.6,중급자,재활/건강,숄더 프레스 머신,15.0,19,2,94
여성,10대,55.3,초보자,다이어트,사이드 레터럴 레이즈,7.5,16,3,31
남성,50대,74.7,중급자,근비대,레그 프레스 머신,62.5,10,3,75
여성,50대,66.1,상급자,근비대,펙덱 플라이 머신,57.5,12,4,64
여성,20대,61.4,상급자,재활/건강,레그 프레스 머신,25.0,19,2,103
여성,30대,50.1,상급자,다이어트,바벨 스쿼트,20.0,16,3,34
남성,20대,61.2,초보자,근비대,체스트 프레스 머신,27.5,11,4,72
남성,10대,65.5,초보자,다이어트,벤치프레스,12.5,19,3,51
여성,20대,45.3,중급자,재활/건강,사이드 레터럴 레이즈,7.5,18,3,109
남성,60대 이상,86.8,초보자,다이어트,시티드 로우 머신,30.0,19,3,44
남성,40대,58.0,중급자,근비대,바벨 스쿼트,32.5,10,4,82
여성,60대 이상,56.8,상급자,근비대,워킹 런지,32.5,12,3,84
남성,10대,96.0,상급자,스트렝스,체스트 프레스 머신,162.5,5,4,123
여성,50대,47.5,초보자,다이어트,오버헤드 프레스,7.5,18,3,53
남성,50대,59.0,초보자,재활/건강,레그 프레스 머신,12.5,17,3,105
남성,60대 이상,74.8,중급자,다이어트,사이드 레터럴 레이즈,32.5,17,3,56
남성,40대,76.0,상급자,재활/건강,바벨 스쿼트,32.5,17,3,115
여성,60대 이상,57.1,초보자,근비대,레그 익스텐션 머신,17.5,8,4,65
남성,50대,63.7,중급자,스트렝스,체스트 프레스 머신,67.5,5,5,159
남성,40대,50.3,상급자,근비대,어시스트 풀업 머신,65.0,9,4,79
여성,60대 이상,52.4,초보자,스트렝스,펙덱 플라이 머신,17.5,4,4,168
여성,40대,54.6,초보자,근비대,바벨 스쿼트,10.0,12,4,72
남성,40대,85.0,초보자,재활/건강,숄더 프레스 머신,17.5,17,3,93
남성,40대,75.5,상급자,스트렝스,사이드 레터럴 레이즈,80.0,4,4,168
여성,50대,56.7,상급자,근비대,사이드 레터럴 레이즈,32.5,8,4,86
남성,50대,79.0,상급자,근비대,레그 컬 머신,107.5,11,4,61
여성,10대,63.5,상급자,스트렝스,레그 익스텐션 머신,70.0,5,5,164
남성,20대,61.7,초보자,다이어트,레그 익스텐션 머신,20.0,16,3,59
남성,60대 이상,69.9,상급자,근비대,바벨 스쿼트,60.0,11,4,80
남성,20대,91.7,상급자,다이어트,바벨 스쿼트,57.5,17,3,59
여성,10대,56.1,중급자,근비대,레그 컬 머신,32.5,12,3,70
여성,30대,50.7,초보자,다이어트,사이드 레터럴 레이즈,7.5,19,3,35
여성,30대,48.9,중급자,스트렝스,숄더 프레스 머신,35.0,4,4,141
남성,10대,97.1,초보자,스트렝스,워킹 런지,35.0,4,5,171
남성,30대,63.2,초보자,재활/건강,레그 프레스 머신,15.0,20,2,107
여성,50대,68.8,상급자,재활/건강,페이스 풀,17.5,15,3,103
여성,20대,58.6,중급자,스트렝스,체스트 프레스 머신,37.5,3,5,151
여성,10대,72.9,중급자,근비대,벤치프레스,27.5,11,4,65
여성,50대,55.1,초보자,근비대,체스트 프레스 머신,15.0,12,4,61
남성,60대 이상,89.3,중급자,다이어트,바벨 로우,37.5,16,3,32
남성,60대 이상,77.3,초보자,근비대,레그 익스텐션 머신,35.0,12,3,68
남성,40대,72.9,상급자,스트렝스,루마니안 데드리프트,82.5,4,4,163
남성,40대,81.6,상급자,다이어트,펙덱 플라이 머신,80.0,20,3,39
남성,50대,48.5,상급자,다이어트,레그 익스텐션 머신,47.5,19,3,40
남성,30대,74.0,상급자,재활/건강,사이드 레터럴 레이즈,32.5,15,3,112
여성,40대,53.9,상급자,재활/건강,레그 컬 머신,22.5,15,3,106
여성,20대,54.3,초보자,근비대,랫 풀다운 머신,15.0,8,4,75
남성,50대,60.9,초보자,다이어트,숄더 프레스 머신,20.0,18,3,30
여성,50대,54.9,상급자,재활/건강,어시스트 풀업 머신,25.0,20,3,94
남성,30대,77.8,상급자,다이어트,사이드 레터럴 레이즈,50.0,20,3,59
여성,40대,48.4,상급자,근비대,시티드 로우 머신,42.5,8,3,66
여성,50대,59.1,중급자,재활/건강,레그 프레스 머신,12.5,17,3,113
여성,30대,53.7,초보자,다이어트,페이스 풀,7.5,19,3,51
여성,20대,54.1,초보자,재활/건강,숄더 프레스 머신,7.5,19,3,112
남성,60대 이상,74.9,초보자,근비대,페이스 풀,22.5,9,3,61
남성,60대 이상,82.2,초보자,재활/건강,레그 프레스 머신,20.0,18,2,90
여성,30대,39.6,초보자,근비대,펙덱 플라이 머신,12.5,9,4,71
남성,40대,75.0,중급자,근비대,오버헤드 프레스,42.5,12,4,81
여성,60대 이상,56.2,초보자,스트렝스,오버헤드 프레스,12.5,3,4,132
여성,30대,51.1,초보자,다이어트,페이스 풀,7.5,18,3,39
여성,40대,66.0,초보자,근비대,어시스트 풀업 머신,20.0,11,4,84
남성,50대,76.2,중급자,재활/건강,레그 프레스 머신,35.0,17,2,110
여성,10대,48.5,초보자,스트렝스,레그 익스텐션 머신,15.0,3,4,161
여성,10대,62.3,중급자,스트렝스,체스트 프레스 머신,40.0,4,5,121
남성,40대,70.9,상급자,다이어트,워킹 런지,45.0,18,3,45
여성,10대,45.2,중급자,다이어트,레그 익스텐션 머신,20.0,18,3,37
여성,20대,59.8,상급자,근비대,사이드 레터럴 레이즈,35.0,9,4,66
남성,60대 이상,68.8,초보자,스트렝스,사이드 레터럴 레이즈,25.0,4,4,132
여성,10대,52.0,중급자,스트렝스,페이스 풀,22.5,5,4,165
여성,10대,54.2,초보자,재활/건강,체스트 프레스 머신,7.5,18,3,94
여성,20대,44.8,상급자,근비대,숄더 프레스 머신,37.5,9,3,87
남성,60대 이상,86.7,중급자,스트렝스,워킹 런지,62.5,4,4,126
여성,40대,58.1,상급자,근비대,체스트 프레스 머신,52.5,12,4,61
남성,30대,66.5,초보자,근비대,어시스트 풀업 머신,30.0,8,4,67
남성,30대,83.5,초보자,다이어트,오버헤드 프레스,20.0,17,3,52
여성,60대 이상,55.1,초보자,스트렝스,숄더 프레스 머신,17.5,3,4,150
남성,60대 이상,64.4,상급자,다이어트,인클라인 덤벨 프레스,45.0,19,3,57
여성,30대,42.4,초보자,근비대,레그 컬 머신,12.5,11,4,81
여성,50대,38.6,초보자,재활/건강,오버헤드 프레스,2.5,18,3,105
여성,50대,49.6,상급자,다이어트,레그 익스텐션 머신,30.0,19,3,59
여성,20대,42.4,초보자,근비대,숄더 프레스 머신,12.5,9,4,80
여성,30대,52.4,상급자,재활/건강,워킹 런지,17.5,16,3,111
여성,50대,48.0,상급자,스트렝스,워킹 런지,35.0,4,5,180
남성,40대,60.4,상급자,스트렝스,사이드 레터럴 레이즈,67.5,3,4,125
남성,20대,82.4,초보자,재활/건강,벤치프레스,10.0,19,3,120
여성,60대 이상,70.3,상급자,다이어트,체스트 프레스 머신,45.0,18,3,40
남성,10대,85.9,초보자,스트렝스,페이스 풀,30.0,5,5,165
여성,10대,49.4,초보자,스트렝스,어시스트 풀업 머신,17.5,5,4,145
남성,50대,82.6,상급자,재활/건강,루마니안 데드리프트,32.5,20,2,116
여성,60대 이상,39.2,초보자,스트렝스,체스트 프레스 머신,12.5,4,4,126
여성,20대,61.1,상급자,다이어트,루마니안 데드리프트,27.5,15,3,46
여성,30대,69.8,초보자,스트렝스,사이드 레터럴 레이즈,17.5,5,4,161
남성,10대,78.3,초보자,재활/건강,워킹 런지,10.0,19,2,111
남성,50대,76.8,상급자,다이어트,바벨 스쿼트,55.0,15,3,41
남성,50대,65.9,중급자,근비대,사이드 레터럴 레이즈,40.0,8,4,67
여성,30대,56.5,상급자,재활/건강,레그 컬 머신,27.5,20,3,106
여성,20대,46.9,상급자,근비대,펙덱 플라이 머신,45.0,8,3,79
여성,20대,56.2,초보자,다이어트,루마니안 데드리프트,7.5,17,3,57
여성,30대,50.4,상급자,스트렝스,벤치프레스,35.0,5,4,142
여성,30대,65.7,상급자,근비대,워킹 런지,40.0,10,4,83
여성,50대,47.3,중급자,다이어트,루마니안 데드리프트,12.5,20,3,50
남성,20대,71.9,초보자,근비대,체스트 프레스 머신,35.0,12,3,81
남성,60대 이상,85.9,초보자,스트렝스,펙덱 플라이 머신,47.5,4,4,127
남성,50대,77.3,중급자,재활/건강,사이드 레터럴 레이즈,22.5,15,3,99
남성,20대,75.0,상급자,다이어트,랫 풀다운 머신,70.0,18,3,45
남성,40대,67.9,중급자,다이어트,체스트 프레스 머신,45.0,19,3,52
여성,50대,59.9,초보자,스트렝스,인클라인 덤벨 프레스,12.5,5,4,161
남성,10대,71.9,중급자,재활/건강,인클라인 덤벨 프레스,22.5,15,2,106
남성,10대,74.4,초보자,근비대,레그 익스텐션 머신,32.5,12,3,64
여성,10대,66.7,중급자,스트렝스,레그 프레스 머신,45.0,4,4,178
여성,10대,64.5,중급자,근비대,어시스트 풀업 머신,35.0,10,3,72
여성,50대,64.4,상급자,재활/건강,인클라인 덤벨 프레스,20.0,19,3,116
남성,30대,75.6,초보자,근비대,인클라인 덤벨 프레스,22.5,10,4,62
여성,30대,52.2,중급자,재활/건강,바벨 스쿼트,7.5,19,2,114
남성,30대,54.8,초보자,스트렝스,레그 컬 머신,30.0,5,4,172
여성,20대,54.5,중급자,근비대,워킹 런지,20.0,8,3,66
여성,30대,46.8,초보자,근비대,바벨 스쿼트,10.0,11,4,77
남성,40대,81.0,중급자,근비대,레그 프레스 머신,77.5,9,4,79
남성,20대,88.1,상급자,근비대,레그 컬 머신,122.5,11,4,65
여성,40대,42.4,초보자,재활/건강,어시스트 풀업 머신,5.0,18,3,114
여성,30대,68.6,초보자,근비대,벤치프레스,12.5,9,4,72
여성,30대,56.1,초보자,스트렝스,체스트 프레스 머신,20.0,3,4,164
여성,50대,52.4,중급자,스트렝스,오버헤드 프레스,25.0,5,4,126
남성,10대,83.1,중급자,스트렝스,사이드 레터럴 레이즈,57.5,4,5,135
여성,20대,48.1,중급자,스트렝스,오버헤드 프레스,22.5,4,4,132
남성,50대,74.2,상급자,다이어트,워킹 런지,45.0,19,3,37
남성,50대,89.0,상급자,재활/건강,레그 익스텐션 머신,47.5,16,2,110
남성,60대 이상,68.2,상급자,재활/건강,어시스트 풀업 머신,47.5,20,3,111
여성,60대 이상,54.7,초보자,근비대,오버헤드 프레스,10.0,12,4,74
여성,30대,47.1,상급자,근비대,체스트 프레스 머신,45.0,12,4,73
남성,20대,72.3,초보자,근비대,오버헤드 프레스,22.5,10,3,70
여성,40대,56.3,상급자,스트렝스,오버헤드 프레스,42.5,3,5,131
여성,60대 이상,43.8,초보자,재활/건강,어시스트 풀업 머신,5.0,17,2,117
남성,50대,72.9,상급자,다이어트,벤치프레스,45.0,17,3,44
여성,60대 이상,48.7,상급자,스트렝스,레그 컬 머신,50.0,3,4,138
여성,40대,60.8,중급자,재활/건강,숄더 프레스 머신,15.0,18,3,110
남성,50대,69.7,중급자,스트렝스,오버헤드 프레스,50.0,3,5,134
남성,50대,64.1,초보자,재활/건강,바벨 로우,10.0,15,3,120
남성,50대,66.3,초보자,재활/건강,시티드 로우 머신,15.0,16,3,117
여성,10대,46.3,중급자,재활/건강,오버헤드 프레스,7.5,18,2,100
여성,30대,53.0,상급자,스트렝스,루마니안 데드리프트,37.5,3,5,180
남성,40대,82.5,초보자,재활/건강,어시스트 풀업 머신,17.5,19,3,91
여성,40대,51.1,상급자,재활/건강,레그 프레스 머신,22.5,20,2,118
여성,50대,44.9,상급자,다이어트,체스트 프레스 머신,27.5,19,3,54
여성,60대 이상,67.2,초보자,스트렝스,레그 익스텐션 머신,22.5,5,4,180
남성,20대,66.5,상급자,스트렝스,사이드 레터럴 레이즈,67.5,5,5,171
남성,60대 이상,77.7,중급자,재활/건강,사이드 레터럴 레이즈,22.5,17,3,116
남성,40대,70.9,상급자,근비대,레그 프레스 머신,95.0,8,4,81
여성,20대,60.9,상급자,다이어트,시티드 로우 머신,37.5,20,3,31
남성,50대,68.1,초보자,스트렝스,어시스트 풀업 머신,37.5,5,4,162
남성,50대,59.7,초보자,다이어트,시티드 로우 머신,20.0,15,3,50
남성,20대,75.3,중급자,다이어트,펙덱 플라이 머신,50.0,20,3,57
여성,20대,41.5,상급자,재활/건강,레그 프레스 머신,17.5,17,3,102
남성,30대,58.8,중급자,근비대,레그 컬 머신,52.5,9,4,76
여성,10대,52.5,중급자,다이어트,바벨 로우,15.0,15,3,46
남성,40대,61.9,상급자,스트렝스,레그 프레스 머신,102.5,3,4,136
남성,20대,67.8,상급자,재활/건강,레그 프레스 머신,47.5,16,2,120
여성,40대,61.2,상급자,스트렝스,워킹 런지,45.0,5,4,137
여성,30대,66.8,중급자,다이어트,숄더 프레스 머신,25.0,16,3,38
여성,30대,48.8,중급자,다이어트,벤치프레스,12.5,18,3,36
여성,10대,68.0,상급자,다이어트,레그 익스텐션 머신,45.0,19,3,46
여성,50대,50.1,중급자,스트렝스,루마니안 데드리프트,22.5,4,4,147
여성,30대,58.2,상급자,재활/건강,랫 풀다운 머신,25.0,19,3,118
남성,10대,74.9,상급자,스트렝스,페이스 풀,80.0,5,4,122
여성,20대,56.8,중급자,스트렝스,루마니안 데드리프트,25.0,5,4,169
여성,30대,73.8,초보자,스트렝스,오버헤드 프레스,17.5,5,4,145
남성,30대,73.8,초보자,근비대,레그 프레스 머신,30.0,10,3,90
남성,30대,72.0,초보자,다이어트,레그 익스텐션 머신,22.5,19,3,52
남성,40대,82.4,상급자,다이어트,펙덱 플라이 머신,77.5,17,3,30
남성,30대,68.1,상급자,스트렝스,랫 풀다운 머신,115.0,3,4,130
남성,20대,77.6,중급자,스트렝스,루마니안 데드리프트,55.0,5,5,159
여성,50대,73.7,중급자,다이어트,워킹 런지,22.5,20,3,36
여성,60대 이상,50.7,중급자,스트렝스,시티드 로우 머신,32.5,3,5,164
남성,50대,68.6,중급자,재활/건강,레그 컬 머신,27.5,18,2,114
여성,20대,36.6,초보자,스트렝스,바벨 로우,7.5,5,5,149
여성,60대 이상,54.8,상급자,다이어트,숄더 프레스 머신,37.5,16,3,41
여성,60대 이상,64.1,초보자,다이어트,워킹 런지,7.5,15,3,60
여성,10대,41.9,중급자,다이어트,워킹 런지,10.0,18,3,57
여성,50대,51.0,중급자,다이어트,워킹 런지,15.0,16,3,47
남성,30대,64.7,초보자,다이어트,루마니안 데드리프트,15.0,18,3,50
여성,20대,49.0,중급자,근비대,페이스 풀,17.5,9,4,61
여성,50대,64.9,상급자,다이어트,시티드 로우 머신,45.0,19,3,47
여성,30대,47.8,중급자,재활/건강,페이스 풀,7.5,17,2,100
여성,60대 이상,56.4,초보자,근비대,바벨 스쿼트,10.0,9,4,79
남성,50대,76.1,초보자,근비대,사이드 레터럴 레이즈,25.0,9,3,67
남성,40대,94.6,초보자,재활/건강,어시스트 풀업 머신,20.0,19,3,98
남성,30대,68.0,중급자,다이어트,체스트 프레스 머신,42.5,16,3,44
여성,30대,56.5,중급자,근비대,레그 익스텐션 머신,30.0,10,4,73
여성,60대 이상,61.8,상급자,근비대,워킹 런지,35.0,8,4,78
여성,30대,55.7,초보자,재활/건강,루마니안 데드리프트,5.0,15,3,92
여성,20대,57.2,상급자,근비대,사이드 레터럴 레이즈,35.0,10,4,73
남성,10대,61.9,초보자,재활/건강,어시스트 풀업 머신,15.0,20,3,96
남성,30대,68.4,중급자,다이어트,시티드 로우 머신,47.5,17,3,47
여성,10대,49.0,중급자,근비대,사이드 레터럴 레이즈,17.5,12,3,83
남성,30대,81.1,중급자,스트렝스,페이스 풀,57.5,3,4,178
여성,10대,53.4,중급자,스트렝스,레그 컬 머신,37.5,5,5,137
남성,60대 이상,63.9,중급자,재활/건강,랫 풀다운 머신,27.5,17,3,101
남성,10대,82.1,초보자,다이어트,펙덱 플라이 머신,30.0,18,3,34
여성,60대 이상,66.4,초보자,스트렝스,사이드 레터럴 레이즈,15.0,3,5,150
남성,10대,75.9,초보자,다이어트,펙덱 플라이 머신,22.5,18,3,52
여성,10대,56.4,중급자,재활/건강,루마니안 데드리프트,10.0,19,3,109
남성,40대,78.3,초보자,근비대,바벨 로우,22.5,11,3,75
남성,20대,76.8,초보자,재활/건강,바벨 로우,10.0,17,3,94
여성,10대,61.0,상급자,근비대,루마니안 데드리프트,35.0,12,3,62
여성,20대,57.6,중급자,근비대,페이스 풀,22.5,10,3,89
남성,30대,72.4,상급자,재활/건강,인클라인 덤벨 프레스,30.0,15,3,112
여성,30대,57.9,상급자,다이어트,사이드 레터럴 레이즈,27.5,18,3,35
여성,60대 이상,48.7,초보자,다이어트,어시스트 풀업 머신,10.0,16,3,45
여성,20대,64.7,중급자,근비대,체스트 프레스 머신,35.0,10,3,83
여성,50대,57.1,상급자,다이어트,바벨 로우,25.0,19,3,54
여성,20대,48.9,중급자,근비대,레그 컬 머신,27.5,8,4,87
남성,30대,84.0,중급자,스트렝스,시티드 로우 머신,87.5,4,4,126
여성,40대,62.7,초보자,스트렝스,레그 컬 머신,20.0,3,4,136
여성,50대,51.7,상급자,근비대,숄더 프레스 머신,50.0,11,4,65
여성,40대,50.8,상급자,근비대,인클라인 덤벨 프레스,30.0,10,3,60
남성,40대,67.4,상급자,다이어트,사이드 레터럴 레이즈,45.0,17,3,56
남성,50대,60.4,초보자,다이어트,벤치프레스,15.0,19,3,46
여성,20대,48.8,상급자,근비대,랫 풀다운 머신,47.5,8,4,89
남성,50대,91.0,초보자,다이어트,레그 컬 머신,30.0,19,3,41
남성,20대,77.7,초보자,스트렝스,바벨 스쿼트,27.5,5,4,179
남성,60대 이상,87.1,중급자,다이어트,시티드 로우 머신,57.5,18,3,60
여성,40대,57.6,초보자,스트렝스,페이스 풀,12.5,3,5,155
여성,30대,70.2,초보자,다이어트,체스트 프레스 머신,15.0,16,3,56
남성,30대,64.1,상급자,스트렝스,펙덱 플라이 머신,97.5,5,5,120
여성,10대,66.8,초보자,재활/건강,워킹 런지,5.0,16,3,101
여성,30대,56.7,중급자,근비대,어시스트 풀업 머신,32.5,12,3,73
여성,40대,53.3,초보자,스트렝스,바벨 로우,12.5,4,4,135
남성,30대,71.5,상급자,스트렝스,체스트 프레스 머신,120.0,3,5,180
여성,60대 이상,49.7,상급자,스트렝스,오버헤드 프레스,35.0,5,5,143
여성,10대,46.7,중급자,다이어트,레그 익스텐션 머신,17.5,17,3,58
남성,20대,75.5,중급자,근비대,워킹 런지,47.5,8,3,86
남성,40대,73.9,초보자,근비대,벤치프레스,22.5,12,3,81
남성,60대 이상,71.9,초보자,근비대,시티드 로우 머신,30.0,10,4,61
여성,60대 이상,52.6,중급자,근비대,페이스 풀,20.0,9,3,70
남성,60대 이상,81.8,상급자,재활/건강,워킹 런지,30.0,20,3,119
남성,30대,66.1,초보자,스트렝스,시티드 로우 머신,37.5,4,4,153
여성,60대 이상,72.7,상급자,다이어트,페이스 풀,30.0,16,3,37
남성,30대,80.3,초보자,근비대,사이드 레터럴 레이즈,25.0,11,3,67
남성,50대,73.0,중급자,스트렝스,페이스 풀,52.5,3,5,164
여성,50대,41.2,상급자,재활/건강,시티드 로우 머신,17.5,20,3,98
여성,40대,54.3,상급자,스트렝스,바벨 스쿼트,40.0,4,4,167
여성,30대,36.0,상급자,다이어트,인클라인 덤벨 프레스,15.0,17,3,30
여성,10대,63.1,상급자,스트렝스,레그 컬 머신,72.5,4,4,168
여성,50대,58.2,중급자,재활/건강,레그 익스텐션 머신,15.0,16,3,96
남성,10대,59.3,상급자,재활/건강,펙덱 플라이 머신,37.5,15,2,99
여성,20대,46.3,상급자,재활/건강,어시스트 풀업 머신,22.5,18,2,91
남성,30대,75.1,초보자,재활/건강,레그 컬 머신,15.0,19,3,114
여성,60대 이상,64.8,상급자,스트렝스,바벨 로우,45.0,4,5,173
여성,30대,62.9,상급자,재활/건강,벤치프레스,17.5,18,2,98
남성,20대,65.8,중급자,근비대,인클라인 덤벨 프레스,37.5,11,3,90
여성,50대,55.7,중급자,재활/건강,레그 컬 머신,15.0,20,3,109
남성,10대,75.7,초보자,재활/건강,루마니안 데드리프트,10.0,17,3,112
여성,40대,53.5,중급자,재활/건강,시티드 로우 머신,15.0,17,3,114
여성,40대,55.9,상급자,스트렝스,시티드 로우 머신,60.0,4,5,172
남성,30대,70.5,상급자,스트렝스,워킹 런지,77.5,4,4,143
여성,60대 이상,46.1,초보자,재활/건강,바벨 로우,5.0,20,2,97
남성,60대 이상,68.1,초보자,근비대,루마니안 데드리프트,22.5,12,3,87
남성,20대,72.1,중급자,근비대,사이드 레터럴 레이즈,45.0,9,4,70
남성,60대 이상,63.7,상급자,재활/건강,사이드 레터럴 레이즈,27.5,16,2,95
남성,40대,73.6,중급자,근비대,바벨 로우,45.0,9,4,66
남성,60대 이상,64.4,상급자,다이어트,인클라인 덤벨 프레스,45.0,17,3,54
남성,10대,82.3,상급자,근비대,레그 익스텐션 머신,110.0,11,3,61
남성,20대,71.6,상급자,근비대,어시스트 풀업 머신,95.0,12,4,77
남성,30대,67.9,초보자,스트렝스,워킹 런지,22.5,3,4,136
남성,40대,65.4,상급자,재활/건강,레그 프레스 머신,37.5,20,2,116
남성,40대,79.9,초보자,근비대,페이스 풀,25.0,11,4,83
남성,10대,85.6,상급자,재활/건강,오버헤드 프레스,40.0,16,2,95
남성,40대,78.4,상급자,다이어트,벤치프레스,55.0,20,3,51
여성,10대,58.9,초보자,재활/건강,체스트 프레스 머신,7.5,18,3,100
남성,30대,76.7,중급자,스트렝스,루마니안 데드리프트,55.0,3,5,146
남성,50대,81.6,초보자,재활/건강,바벨 로우,10.0,18,3,109
남성,30대,86.2,중급자,근비대,벤치프레스,55.0,10,4,82
남성,30대,77.2,초보자,스트렝스,레그 프레스 머신,45.0,4,5,131
여성,10대,56.1,중급자,재활/건강,페이스 풀,10.0,19,3,114
여성,60대 이상,62.3,상급자,다이어트,루마니안 데드리프트,25.0,19,3,52
남성,20대,60.5,중급자,다이어트,워킹 런지,27.5,15,3,45
남성,30대,68.8,초보자,스트렝스,레그 프레스 머신,37.5,3,4,145
남성,60대 이상,83.0,상급자,근비대,펙덱 플라이 머신,107.5,10,4,88
여성,30대,49.0,중급자,스트렝스,페이스 풀,22.5,3,5,165
남성,10대,77.7,초보자,근비대,시티드 로우 머신,35.0,10,4,65
여성,10대,68.5,초보자,다이어트,오버헤드 프레스,10.0,15,3,60
여성,10대,49.3,중급자,스트렝스,시티드 로우 머신,32.5,3,4,157
여성,40대,52.7,상급자,근비대,레그 프레스 머신,50.0,9,3,81
남성,60대 이상,88.6,초보자,재활/건강,체스트 프레스 머신,20.0,16,3,109
남성,60대 이상,66.3,중급자,재활/건강,펙덱 플라이 머신,30.0,19,3,98
남성,30대,65.3,중급자,다이어트,펙덱 플라이 머신,40.0,19,3,53
남성,60대 이상,67.0,상급자,재활/건강,오버헤드 프레스,30.0,17,3,114
남성,60대 이상,77.1,상급자,근비대,랫 풀다운 머신,102.5,8,4,89
남성,20대,65.7,중급자,재활/건강,펙덱 플라이 머신,30.0,18,3,115
여성,30대,52.3,중급자,근비대,레그 컬 머신,30.0,9,3,77
여성,30대,57.4,중급자,스트렝스,인클라인 덤벨 프레스,27.5,3,4,151
남성,20대,66.0,초보자,근비대,루마니안 데드리프트,20.0,9,3,88
여성,50대,49.6,상급자,재활/건강,벤치프레스,12.5,20,3,92
남성,30대,72.0,중급자,근비대,레그 익스텐션 머신,67.5,9,4,83
여성,10대,48.1,상급자,스트렝스,펙덱 플라이 머신,52.5,4,4,121
여성,40대,64.2,중급자,재활/건강,체스트 프레스 머신,20.0,16,3,95
여성,50대,67.1,초보자,스트렝스,루마니안 데드리프트,15.0,3,4,163
여성,20대,57.7,초보자,다이어트,숄더 프레스 머신,12.5,19,3,49
남성,60대 이상,91.2,중급자,재활/건강,페이스 풀,22.5,17,2,109
여성,20대,53.6,중급자,다이어트,펙덱 플라이 머신,22.5,18,3,41
여성,30대,52.7,중급자,근비대,루마니안 데드리프트,20.0,9,4,72
여성,60대 이상,59.6,중급자,스트렝스,인클라인 덤벨 프레스,27.5,4,5,126
여성,50대,43.4,중급자,다이어트,벤치프레스,12.5,17,3,42
여성,20대,68.6,중급자,근비대,레그 프레스 머신,37.5,8,3,87
여성,20대,55.7,상급자,근비대,레그 프레스 머신,47.5,8,4,90
여성,50대,43.8,상급자,재활/건강,워킹 런지,12.5,17,2,107
여성,20대,63.4,초보자,재활/건강,벤치프레스,5.0,19,3,115
남성,30대,65.5,초보자,재활/건강,페이스 풀,10.0,17,3,97
남성,50대,79.8,초보자,스트렝스,시티드 로우 머신,42.5,3,5,140
여성,40대,51.6,중급자,재활/건강,레그 익스텐션 머신,15.0,15,2,109
여성,30대,67.6,상급자,스트렝스,바벨 로우,47.5,4,4,158
남성,30대,88.3,중급자,근비대,시티드 로우 머신,77.5,11,4,85
남성,40대,76.5,중급자,스트렝스,어시스트 풀업 머신,82.5,4,5,127
남성,30대,92.2,중급자,재활/건강,벤치프레스,22.5,19,2,118
남성,10대,69.1,초보자,재활/건강,시티드 로우 머신,15.0,17,2,117
남성,20대,73.3,상급자,재활/건강,시티드 로우 머신,52.5,18,2,112
남성,50대,82.6,중급자,다이어트,바벨 스쿼트,35.0,20,3,47
여성,30대,59.5,초보자,스트렝스,오버헤드 프레스,15.0,3,5,169
여성,30대,47.3,중급자,다이어트,사이드 레터럴 레이즈,12.5,20,3,37
여성,30대,54.8,중급자,재활/건강,벤치프레스,10.0,19,3,90
여성,30대,44.6,초보자,근비대,인클라인 덤벨 프레스,10.0,12,4,79
남성,10대,75.5,상급자,다이어트,바벨 스쿼트,52.5,19,3,54
남성,20대,75.6,초보자,근비대,페이스 풀,22.5,12,4,65
남성,10대,70.4,중급자,재활/건강,숄더 프레스 머신,30.0,19,3,108
남성,60대 이상,66.5,초보자,근비대,바벨 스쿼트,17.5,12,4,78
남성,20대,87.5,초보자,다이어트,오버헤드 프레스,20.0,18,3,45
여성,10대,64.7,초보자,스트렝스,루마니안 데드리프트,15.0,4,5,148
남성,10대,77.9,초보자,근비대,사이드 레터럴 레이즈,22.5,12,3,60
남성,60대 이상,65.1,중급자,재활/건강,레그 프레스 머신,30.0,18,3,119
남성,60대 이상,68.3,상급자,스트렝스,사이드 레터럴 레이즈,72.5,4,4,166
남성,40대,86.5,상급자,스트렝스,벤치프레스,92.5,3,4,127
남성,20대,79.7,상급자,재활/건강,어시스트 풀업 머신,47.5,15,2,112
여성,40대,51.7,상급자,재활/건강,레그 컬 머신,22.5,19,3,109
여성,40대,60.1,초보자,스트렝스,바벨 스쿼트,12.5,5,4,133
남성,40대,76.9,초보자,스트렝스,숄더 프레스 머신,40.0,5,4,177
남성,40대,67.8,중급자,스트렝스,숄더 프레스 머신,72.5,3,4,152
여성,60대 이상,60.9,초보자,다이어트,인클라인 덤벨 프레스,10.0,17,3,54
남성,20대,90.9,중급자,재활/건강,펙덱 플라이 머신,42.5,20,2,94
여성,10대,57.0,상급자,다이어트,바벨 로우,22.5,15,3,48
남성,40대,88.6,초보자,재활/건강,레그 프레스 머신,20.0,15,3,96
남성,40대,94.2,상급자,근비대,체스트 프레스 머신,132.5,10,4,84
남성,20대,74.6,초보자,재활/건강,사이드 레터럴 레이즈,10.0,16,3,104
여성,30대,68.9,중급자,스트렝스,워킹 런지,30.0,4,5,132
여성,60대 이상,71.7,중급자,근비대,숄더 프레스 머신,42.5,12,4,60
여성,30대,49.7,중급자,근비대,랫 풀다운 머신,27.5,8,4,68
남성,50대,60.6,중급자,재활/건강,바벨 스쿼트,20.0,20,2,95
여성,30대,37.5,상급자,근비대,시티드 로우 머신,32.5,12,3,69
여성,30대,57.1,상급자,스트렝스,바벨 스쿼트,40.0,4,4,180
남성,50대,80.9,상급자,재활/건강,레그 프레스 머신,52.5,16,3,115
여성,30대,43.8,초보자,스트렝스,랫 풀다운 머신,15.0,5,5,160
여성,10대,52.9,중급자,재활/건강,레그 프레스 머신,15.0,19,3,120
여성,30대,51.3,초보자,근비대,오버헤드 프레스,10.0,8,3,87
남성,40대,63.5,중급자,스트렝스,워킹 런지,45.0,5,4,152
여성,10대,40.0,상급자,재활/건강,랫 풀다운 머신,15.0,19,2,107
여성,50대,49.5,중급자,재활/건강,바벨 로우,7.5,20,2,106
여성,40대,56.9,중급자,스트렝스,숄더 프레스 머신,40.0,3,5,172
남성,10대,75.7,상급자,근비대,레그 익스텐션 머신,107.5,8,3,74
여성,50대,53.6,상급자,스트렝스,벤치프레스,40.0,3,5,133
여성,50대,57.9,초보자,다이어트,레그 익스텐션 머신,12.5,15,3,58
남성,30대,65.7,초보자,다이어트,시티드 로우 머신,22.5,18,3,32
여성,20대,47.4,중급자,스트렝스,랫 풀다운 머신,30.0,4,5,180
남성,10대,63.2,상급자,스트렝스,사이드 레터럴 레이즈,67.5,3,4,178
여성,20대,35.3,중급자,근비대,레그 프레스 머신,20.0,10,4,64
남성,20대,83.3,상급자,근비대,루마니안 데드리프트,72.5,8,3,76
남성,30대,95.9,상급자,근비대,루마니안 데드리프트,82.5,9,4,71
남성,40대,76.7,초보자,재활/건강,랫 풀다운 머신,15.0,18,2,102
여성,20대,49.8,초보자,근비대,사이드 레터럴 레이즈,10.0,8,4,63
여성,60대 이상,49.4,중급자,다이어트,오버헤드 프레스,12.5,17,3,49
여성,30대,59.0,상급자,다이어트,페이스 풀,25.0,17,3,51
남성,30대,74.2,중급자,재활/건강,바벨 로우,20.0,20,3,104
여성,30대,63.4,초보자,재활/건강,레그 컬 머신,10.0,17,3,109
여성,50대,60.6,중급자,재활/건강,사이드 레터럴 레이즈,10.0,19,3,97
여성,10대,68.2,초보자,근비대,레그 익스텐션 머신,20.0,12,3,90
여성,30대,54.5,상급자,스트렝스,벤치프레스,40.0,3,4,158
남성,30대,85.1,상급자,스트렝스,워킹 런지,90.0,5,5,161
여성,60대 이상,49.1,초보자,재활/건강,루마니안 데드리프트,5.0,16,3,105
남성,30대,70.8,중급자,재활/건강,워킹 런지,20.0,15,2,117
여성,50대,47.3,중급자,재활/건강,레그 컬 머신,12.5,18,3,115
남성,50대,64.8,상급자,재활/건강,사이드 레터럴 레이즈,25.0,15,3,96
남성,30대,98.4,상급자,다이어트,시티드 로우 머신,100.0,19,3,34
여성,20대,52.5,초보자,스트렝스,워킹 런지,12.5,5,5,178
여성,20대,52.4,상급자,스트렝스,레그 익스텐션 머신,60.0,5,4,180
여성,30대,51.6,초보자,근비대,벤치프레스,10.0,9,4,84
남성,10대,81.2,상급자,근비대,루마니안 데드리프트,70.0,11,4,78
여성,60대 이상,65.4,중급자,다이어트,레그 컬 머신,27.5,17,3,50
남성,20대,90.2,상급자,근비대,체스트 프레스 머신,130.0,12,3,78
여성,10대,53.2,초보자,근비대,인클라인 덤벨 프레스,10.0,10,4,66
남성,50대,85.1,초보자,다이어트,체스트 프레스 머신,27.5,20,3,30
남성,30대,83.2,중급자,다이어트,랫 풀다운 머신,55.0,18,3,55
남성,50대,54.2,상급자,재활/건강,바벨 스쿼트,20.0,17,2,97
남성,60대 이상,81.2,중급자,다이어트,바벨 스쿼트,35.0,18,3,43
여성,60대 이상,53.4,초보자,재활/건강,숄더 프레스 머신,7.5,16,2,112
여성,50대,54.8,초보자,근비대,어시스트 풀업 머신,15.0,9,4,87
남성,20대,80.4,상급자,스트렝스,오버헤드 프레스,90.0,4,5,123
여성,40대,71.0,중급자,근비대,레그 컬 머신,42.5,12,3,61
남성,50대,82.2,중급자,다이어트,벤치프레스,37.5,18,3,56
남성,60대 이상,71.1,초보자,다이어트,레그 프레스 머신,22.5,15,3,47
여성,60대 이상,54.0,중급자,근비대,펙덱 플라이 머신,32.5,8,3,79
여성,60대 이상,48.2,상급자,다이어트,레그 익스텐션 머신,30.0,19,3,45
여성,50대,66.4,중급자,스트렝스,바벨 스쿼트,30.0,5,4,141
남성,60대 이상,65.7,중급자,다이어트,워킹 런지,30.0,15,3,37
남성,60대 이상,78.2,상급자,다이어트,어시스트 풀업 머신,77.5,20,3,48
여성,50대,40.7,상급자,다이어트,시티드 로우 머신,30.0,19,3,30
여성,60대 이상,47.5,상급자,재활/건강,오버헤드 프레스,15.0,20,2,109
여성,20대,60.2,상급자,다이어트,바벨 로우,27.5,18,3,42
남성,40대,73.0,중급자,스트렝스,펙덱 플라이 머신,80.0,4,5,178
여성,50대,55.9,초보자,재활/건강,페이스 풀,5.0,17,2,110
여성,40대,53.6,중급자,근비대,바벨 로우,20.0,10,4,88
여성,50대,63.6,중급자,다이어트,랫 풀다운 머신,25.0,18,3,36
남성,10대,51.6,중급자,재활/건강,레그 프레스 머신,17.5,15,3,109
남성,40대,81.1,초보자,근비대,워킹 런지,22.5,11,4,88
남성,50대,89.1,초보자,재활/건강,레그 익스텐션 머신,17.5,19,2,111
남성,50대,84.1,초보자,근비대,레그 컬 머신,35.0,12,3,86
여성,40대,63.0,상급자,다이어트,시티드 로우 머신,42.5,19,3,60
여성,30대,57.2,상급자,근비대,페이스 풀,32.5,12,3,75
남성,60대 이상,88.5,상급자,재활/건강,어시스트 풀업 머신,60.0,15,3,116
남성,40대,76.4,초보자,근비대,사이드 레터럴 레이즈,25.0,11,4,63
여성,10대,56.3,상급자,재활/건강,펙덱 플라이 머신,22.5,17,3,100
남성,50대,81.5,상급자,스트렝스,레그 프레스 머신,125.0,3,4,146
남성,50대,78.4,중급자,근비대,워킹 런지,50.0,9,4,66
여성,40대,47.0,상급자,재활/건강,워킹 런지,12.5,17,2,95
여성,60대 이상,61.5,초보자,재활/건강,레그 컬 머신,7.5,15,3,102
여성,60대 이상,59.8,초보자,다이어트,바벨 로우,7.5,20,3,46
남성,10대,79.3,초보자,다이어트,루마니안 데드리프트,17.5,17,3,49
남성,10대,63.0,상급자,근비대,레그 프레스 머신,82.5,12,3,66
남성,20대,76.2,중급자,스트렝스,페이스 풀,57.5,4,5,153
여성,10대,42.2,상급자,스트렝스,바벨 스쿼트,32.5,3,4,128
남성,10대,80.6,초보자,근비대,레그 컬 머신,35.0,12,3,63
여성,10대,41.6,상급자,스트렝스,어시스트 풀업 머신,42.5,5,5,130
남성,10대,82.6,중급자,스트렝스,사이드 레터럴 레이즈,60.0,5,4,154
남성,60대 이상,85.4,초보자,스트렝스,레그 익스텐션 머신,45.0,3,5,142
여성,40대,55.3,초보자,스트렝스,루마니안 데드리프트,12.5,4,5,148
남성,50대,81.9,상급자,재활/건강,벤치프레스,30.0,19,3,101
남성,20대,84.9,상급자,다이어트,벤치프레스,52.5,15,3,34
남성,30대,70.0,초보자,스트렝스,시티드 로우 머신,40.0,3,4,146
남성,60대 이상,95.9,상급자,재활/건강,숄더 프레스 머신,62.5,17,3,95
남성,20대,95.7,초보자,다이어트,벤치프레스,20.0,19,3,45
남성,20대,80.0,상급자,재활/건강,시티드 로우 머신,47.5,18,2,119
남성,40대,65.5,상급자,다이어트,펙덱 플라이 머신,67.5,16,3,49
남성,60대 이상,88.4,중급자,스트렝스,페이스 풀,67.5,4,5,132
여성,30대,55.8,초보자,근비대,페이스 풀,10.0,12,4,78
남성,30대,72.3,상급자,재활/건강,레그 프레스 머신,42.5,15,2,105
여성,30대,41.8,초보자,근비대,어시스트 풀업 머신,12.5,8,3,67
여성,10대,48.6,중급자,근비대,어시스트 풀업 머신,27.5,12,3,89
남성,30대,79.4,중급자,다이어트,워킹 런지,37.5,15,3,34
여성,40대,65.8,초보자,재활/건강,어시스트 풀업 머신,10.0,20,2,114
남성,40대,68.2,초보자,재활/건강,루마니안 데드리프트,10.0,16,2,90
여성,30대,60.3,초보자,근비대,바벨 로우,12.5,9,3,77
여성,10대,57.6,초보자,스트렝스,바벨 로우,12.5,5,4,145
여성,20대,43.2,초보자,근비대,루마니안 데드리프트,7.5,10,4,64
남성,20대,68.1,초보자,스트렝스,바벨 로우,25.0,5,5,168
남성,50대,71.3,상급자,스트렝스,레그 익스텐션 머신,120.0,3,5,141
남성,20대,91.8,초보자,스트렝스,레그 익스텐션 머신,47.5,5,5,177
여성,40대,43.2,초보자,다이어트,레그 프레스 머신,10.0,16,3,38
남성,20대,66.6,초보자,다이어트,시티드 로우 머신,20.0,17,3,47
남성,60대 이상,68.2,중급자,재활/건강,랫 풀다운 머신,25.0,20,3,117
남성,60대 이상,91.3,상급자,근비대,랫 풀다운 머신,122.5,10,3,62
여성,60대 이상,60.3,초보자,근비대,오버헤드 프레스,12.5,10,4,62
남성,40대,70.6,상급자,스트렝스,펙덱 플라이 머신,117.5,4,5,146
남성,50대,83.1,상급자,다이어트,어시스트 풀업 머신,85.0,17,3,57
여성,20대,51.8,초보자,스트렝스,페이스 풀,12.5,5,4,127
남성,10대,71.8,초보자,재활/건강,어시스트 풀업 머신,15.0,20,2,92
남성,40대,78.8,중급자,근비대,페이스 풀,45.0,9,4,76
남성,50대,75.0,중급자,재활/건강,인클라인 덤벨 프레스,20.0,16,2,98
여성,30대,62.5,중급자,근비대,레그 프레스 머신,37.5,10,4,90
여성,50대,69.1,초보자,재활/건강,체스트 프레스 머신,7.5,18,3,106
여성,40대,70.9,초보자,다이어트,체스트 프레스 머신,15.0,19,3,50
여성,50대,65.2,초보자,스트렝스,벤치프레스,15.0,3,4,129
여성,40대,44.5,중급자,재활/건강,시티드 로우 머신,12.5,20,3,96
여성,50대,56.9,초보자,재활/건강,워킹 런지,5.0,16,2,111
여성,60대 이상,51.2,초보자,다이어트,어시스트 풀업 머신,10.0,17,3,50
여성,60대 이상,60.5,중급자,스트렝스,인클라인 덤벨 프레스,27.5,5,4,180
여성,40대,59.8,초보자,근비대,숄더 프레스 머신,17.5,11,3,81
여성,40대,55.2,초보자,근비대,사이드 레터럴 레이즈,10.0,10,4,83
남성,30대,86.7,초보자,재활/건강,바벨 로우,12.5,17,2,105
남성,20대,81.4,상급자,스트렝스,바벨 로우,90.0,5,5,162
여성,20대,56.6,상급자,재활/건강,벤치프레스,15.0,18,2,119
여성,10대,46.1,상급자,재활/건강,레그 익스텐션 머신,22.5,20,2,114
남성,20대,66.5,초보자,다이어트,루마니안 데드리프트,15.0,16,3,43
남성,40대,79.9,중급자,다이어트,벤치프레스,37.5,15,3,31
남성,40대,85.4,초보자,다이어트,체스트 프레스 머신,27.5,18,3,33
여성,30대,37.1,상급자,다이어트,사이드 레터럴 레이즈,15.0,20,3,48
여성,30대,56.7,상급자,근비대,레그 익스텐션 머신,50.0,10,3,62
남성,40대,66.7,초보자,스트렝스,시티드 로우 머신,35.0,4,5,169
여성,30대,63.3,상급자,근비대,레그 컬 머신,55.0,11,3,67
남성,10대,70.4,초보자,스트렝스,레그 프레스 머신,35.0,4,4,176
남성,30대,85.1,초보자,스트렝스,레그 프레스 머신,45.0,4,5,131
여성,60대 이상,53.7,초보자,다이어트,바벨 스쿼트,7.5,19,3,51
여성,10대,50.0,초보자,재활/건강,펙덱 플라이 머신,5.0,17,3,93
여성,30대,46.7,상급자,근비대,바벨 스쿼트,27.5,9,4,76
여성,20대,59.6,중급자,재활/건강,시티드 로우 머신,15.0,16,2,116
여성,20대,62.4,초보자,재활/건강,사이드 레터럴 레이즈,5.0,18,2,118
여성,20대,54.4,초보자,재활/건강,벤치프레스,5.0,20,2,107
여성,20대,49.3,초보자,근비대,벤치프레스,10.0,9,4,71
남성,40대,80.1,상급자,재활/건강,랫 풀다운 머신,52.5,20,3,96
남성,60대 이상,63.6,상급자,근비대,체스트 프레스 머신,90.0,12,4,80
남성,30대,83.1,중급자,근비대,어시스트 풀업 머신,70.0,9,4,61
남성,10대,63.9,중급자,재활/건강,펙덱 플라이 머신,25.0,20,3,114
여성,30대,62.9,상급자,다이어트,워킹 런지,27.5,18,3,58
남성,50대,98.2,중급자,스트렝스,워킹 런지,70.0,5,4,136
여성,40대,47.4,상급자,다이어트,시티드 로우 머신,30.0,19,3,41
여성,20대,62.4,초보자,재활/건강,레그 프레스 머신,7.5,17,2,115
여성,20대,53.1,상급자,스트렝스,체스트 프레스 머신,55.0,4,5,145
남성,50대,80.4,상급자,다이어트,시티드 로우 머신,80.0,17,3,39
여성,60대 이상,57.5,초보자,다이어트,시티드 로우 머신,12.5,15,3,41
여성,30대,61.5,초보자,근비대,레그 프레스 머신,17.5,10,3,79
남성,60대 이상,58.9,중급자,재활/건강,어시스트 풀업 머신,22.5,16,2,104
남성,40대,70.8,초보자,다이어트,루마니안 데드리프트,15.0,16,3,31
남성,20대,82.3,상급자,재활/건강,숄더 프레스 머신,47.5,16,3,98
여성,30대,62.1,초보자,재활/건강,오버헤드 프레스,5.0,18,2,120
남성,10대,69.7,상급자,다이어트,펙덱 플라이 머신,62.5,19,3,43
여성,20대,55.2,초보자,재활/건강,시티드 로우 머신,7.5,18,2,115
여성,40대,50.8,상급자,다이어트,체스트 프레스 머신,32.5,15,3,52
남성,50대,60.2,중급자,스트렝스,워킹 런지,42.5,5,4,153
여성,50대,63.0,초보자,재활/건강,페이스 풀,5.0,15,2,104
남성,40대,83.1,초보자,다이어트,워킹 런지,17.5,18,3,39
여성,30대,60.3,상급자,근비대,시티드 로우 머신,57.5,12,4,62
남성,10대,68.1,초보자,다이어트,펙덱 플라이 머신,22.5,15,3,45
남성,10대,80.5,중급자,다이어트,숄더 프레스 머신,57.5,20,3,40
여성,30대,48.1,중급자,재활/건강,레그 익스텐션 머신,12.5,15,2,90
여성,40대,46.1,중급자,다이어트,레그 프레스 머신,20.0,15,3,51
여성,60대 이상,62.2,중급자,스트렝스,레그 익스텐션 머신,42.5,5,5,169
여성,10대,48.6,초보자,재활/건강,바벨 로우,5.0,19,2,99
여성,10대,47.4,상급자,근비대,레그 익스텐션 머신,45.0,8,4,71
여성,40대,49.6,중급자,재활/건강,숄더 프레스 머신,12.5,17,2,109
남성,10대,82.7,중급자,근비대,바벨 로우,50.0,8,3,81
여성,30대,43.0,초보자,스트렝스,페이스 풀,10.0,3,4,167
여성,50대,63.9,상급자,근비대,바벨 로우,37.5,11,3,75
여성,40대,51.7,초보자,재활/건강,레그 익스텐션 머신,7.5,20,2,113
여성,30대,50.1,상급자,근비대,바벨 스쿼트,32.5,9,3,70
남성,50대,94.7,상급자,스트렝스,체스트 프레스 머신,150.0,4,4,159
남성,10대,73.9,중급자,스트렝스,사이드 레터럴 레이즈,50.0,4,5,132
여성,20대,58.3,중급자,재활/건강,오버헤드 프레스,10.0,17,3,95
여성,20대,52.3,상급자,근비대,루마니안 데드리프트,30.0,11,3,73
여성,30대,50.9,중급자,스트렝스,체스트 프레스 머신,35.0,5,5,169
여성,50대,63.4,초보자,스트렝스,랫 풀다운 머신,22.5,5,5,145
여성,30대,45.9,중급자,재활/건강,펙덱 플라이 머신,12.5,16,3,109
여성,60대 이상,48.7,상급자,스트렝스,레그 프레스 머신,50.0,4,4,128
남성,40대,73.7,상급자,재활/건강,레그 익스텐션 머신,52.5,18,3,114
여성,60대 이상,66.9,중급자,근비대,바벨 로우,25.0,10,4,66
남성,40대,79.4,상급자,스트렝스,사이드 레터럴 레이즈,90.0,3,5,156
여성,10대,58.5,상급자,근비대,펙덱 플라이 머신,52.5,8,4,60
여성,50대,55.3,중급자,재활/건강,레그 프레스 머신,15.0,16,3,91
여성,30대,48.1,초보자,스트렝스,체스트 프레스 머신,15.0,4,5,140
여성,60대 이상,61.3,상급자,근비대,레그 컬 머신,57.5,9,3,88
남성,20대,73.8,초보자,스트렝스,숄더 프레스 머신,40.0,3,4,161
남성,30대,67.6,초보자,스트렝스,바벨 로우,25.0,5,4,149
여성,50대,64.7,상급자,다이어트,루마니안 데드리프트,30.0,15,3,40
여성,30대,50.0,상급자,근비대,레그 프레스 머신,45.0,11,3,63
여성,30대,57.9,초보자,스트렝스,레그 프레스 머신,20.0,5,5,163
여성,40대,63.2,상급자,다이어트,오버헤드 프레스,30.0,20,3,37
남성,10대,53.5,초보자,스트렝스,어시스트 풀업 머신,30.0,5,4,178
여성,10대,53.1,초보자,스트렝스,인클라인 덤벨 프레스,12.5,5,4,137
여성,60대 이상,45.5,초보자,스트렝스,레그 프레스 머신,15.0,4,4,170
여성,40대,62.6,초보자,근비대,루마니안 데드리프트,12.5,12,3,66
여성,60대 이상,59.6,중급자,재활/건강,체스트 프레스 머신,15.0,17,3,99
여성,60대 이상,62.1,초보자,다이어트,숄더 프레스 머신,12.5,17,3,39
남성,10대,75.0,중급자,다이어트,랫 풀다운 머신,52.5,19,3,55
여성,50대,58.2,상급자,스트렝스,벤치프레스,42.5,4,5,159
여성,10대,54.8,중급자,다이어트,레그 프레스 머신,25.0,17,3,43
여성,10대,63.1,상급자,재활/건강,랫 풀다운 머신,27.5,19,3,115
여성,40대,63.4,상급자,근비대,사이드 레터럴 레이즈,37.5,10,3,86
여성,30대,50.8,초보자,근비대,펙덱 플라이 머신,15.0,12,4,63
여성,30대,59.5,초보자,스트렝스,페이스 풀,12.5,4,5,173
남성,50대,87.6,초보자,스트렝스,랫 풀다운 머신,47.5,3,4,135
남성,20대,63.0,상급자,다이어트,레그 프레스 머신,67.5,20,3,58
남성,40대,72.7,중급자,재활/건강,숄더 프레스 머신,35.0,19,3,109
여성,20대,48.8,초보자,다이어트,레그 컬 머신,10.0,18,3,60
남성,20대,73.0,상급자,스트렝스,레그 프레스 머신,122.5,5,5,143
남성,20대,82.0,상급자,스트렝스,펙덱 플라이 머신,140.0,4,5,179
남성,50대,73.0,중급자,다이어트,벤치프레스,30.0,16,3,31
여성,50대,53.4,상급자,재활/건강,바벨 스쿼트,15.0,18,2,103
여성,30대,52.0,상급자,스트렝스,펙덱 플라이 머신,55.0,3,5,137
여성,20대,40.6,중급자,근비대,랫 풀다운 머신,25.0,8,4,60
남성,40대,80.7,중급자,스트렝스,사이드 레터럴 레이즈,60.0,3,4,165
여성,50대,50.8,초보자,재활/건강,랫 풀다운 머신,5.0,17,2,94
남성,50대,90.9,초보자,근비대,레그 익스텐션 머신,37.5,9,3,76
남성,30대,72.1,상급자,근비대,바벨 로우,62.5,10,3,72
남성,30대,77.2,중급자,다이어트,체스트 프레스 머신,50.0,19,3,44
여성,20대,52.7,중급자,근비대,벤치프레스,20.0,8,4,76
여성,10대,55.1,중급자,스트렝스,루마니안 데드리프트,25.0,5,5,155
여성,60대 이상,47.6,중급자,근비대,사이드 레터럴 레이즈,17.5,11,4,62
여성,30대,51.8,초보자,재활/건강,바벨 스쿼트,5.0,20,2,91
여성,60대 이상,62.2,초보자,재활/건강,레그 익스텐션 머신,7.5,15,3,94
여성,40대,56.8,중급자,재활/건강,워킹 런지,10.0,20,3,100
여성,30대,60.4,초보자,근비대,어시스트 풀업 머신,17.5,12,3,80
남성,20대,75.2,상급자,재활/건강,어시스트 풀업 머신,50.0,17,3,94
여성,10대,60.4,중급자,근비대,어시스트 풀업 머신,32.5,8,3,73
여성,10대,50.4,중급자,근비대,페이스 풀,20.0,8,4,89
남성,10대,76.5,상급자,근비대,바벨 스쿼트,67.5,11,4,66
여성,30대,71.2,상급자,다이어트,시티드 로우 머신,47.5,17,3,38
남성,10대,79.0,상급자,재활/건강,어시스트 풀업 머신,47.5,17,3,111
남성,40대,64.0,초보자,스트렝스,바벨 로우,22.5,5,4,143
남성,50대,83.1,중급자,근비대,레그 익스텐션 머신,72.5,11,3,75
여성,20대,39.0,초보자,재활/건강,랫 풀다운 머신,5.0,18,2,102
여성,30대,46.9,초보자,스트렝스,어시스트 풀업 머신,17.5,3,4,156
여성,10대,48.8,초보자,근비대,사이드 레터럴 레이즈,7.5,8,4,71
남성,20대,61.1,상급자,스트렝스,시티드 로우 머신,102.5,5,5,173
여성,40대,59.0,상급자,근비대,워킹 런지,35.0,12,3,64
남성,40대,84.1,상급자,재활/건강,체스트 프레스 머신,57.5,17,2,103
여성,60대 이상,69.8,초보자,재활/건강,바벨 로우,5.0,18,2,110
여성,60대 이상,51.3,중급자,재활/건강,시티드 로우 머신,12.5,18,3,113
여성,50대,55.2,중급자,스트렝스,숄더 프레스 머신,37.5,3,5,171
여성,40대,48.3,중급자,스트렝스,인클라인 덤벨 프레스,22.5,3,4,164
여성,40대,50.7,초보자,다이어트,어시스트 풀업 머신,10.0,19,3,47
남성,10대,75.8,상급자,다이어트,레그 익스텐션 머신,72.5,16,3,32
여성,20대,55.2,초보자,재활/건강,레그 익스텐션 머신,7.5,15,3,114
남성,20대,62.3,중급자,스트렝스,바벨 스쿼트,47.5,3,5,179
남성,20대,61.5,상급자,근비대,인클라인 덤벨 프레스,55.0,8,3,68
남성,20대,65.0,상급자,스트렝스,레그 익스텐션 머신,100.0,4,5,132
여성,10대,55.5,중급자,다이어트,워킹 런지,15.0,20,3,49
남성,20대,59.2,초보자,근비대,바벨 로우,17.5,10,3,85
남성,50대,76.8,중급자,재활/건강,어시스트 풀업 머신,27.5,15,2,111
여성,50대,60.3,초보자,근비대,바벨 로우,12.5,10,3,90
여성,20대,45.2,중급자,스트렝스,루마니안 데드리프트,20.0,4,4,169
여성,10대,55.5,상급자,재활/건강,레그 익스텐션 머신,22.5,18,2,92
남성,60대 이상,89.5,상급자,근비대,레그 프레스 머신,115.0,10,3,65
여성,10대,62.4,초보자,다이어트,바벨 로우,10.0,18,3,58
남성,10대,66.3,상급자,근비대,벤치프레스,60.0,9,4,90
남성,20대,61.0,상급자,다이어트,오버헤드 프레스,40.0,18,3,59
남성,30대,63.7,중급자,재활/건강,체스트 프레스 머신,25.0,18,3,120
남성,40대,76.8,상급자,다이어트,랫 풀다운 머신,80.0,16,3,39
여성,50대,60.9,중급자,재활/건강,인클라인 덤벨 프레스,10.0,20,2,93
여성,10대,56.0,중급자,재활/건강,레그 컬 머신,12.5,15,3,101
여성,60대 이상,52.1,중급자,근비대,레그 컬 머신,27.5,12,4,63
남성,40대,72.6,초보자,근비대,사이드 레터럴 레이즈,22.5,8,3,69
남성,10대,65.3,중급자,스트렝스,체스트 프레스 머신,67.5,4,5,179
여성,10대,44.4,상급자,근비대,루마니안 데드리프트,25.0,9,3,81
남성,40대,65.0,중급자,재활/건강,펙덱 플라이 머신,25.0,18,2,114
여성,50대,58.4,상급자,스트렝스,루마니안 데드리프트,42.5,5,5,146
여성,10대,49.7,상급자,스트렝스,루마니안 데드리프트,37.5,5,5,137
남성,60대 이상,87.3,초보자,스트렝스,숄더 프레스 머신,47.5,4,4,123
여성,60대 이상,48.2,초보자,다이어트,숄더 프레스 머신,10.0,20,3,44
여성,40대,53.0,초보자,다이어트,인클라인 덤벨 프레스,7.5,19,3,39
여성,50대,50.3,초보자,스트렝스,워킹 런지,12.5,4,4,131
여성,20대,56.7,중급자,재활/건강,레그 익스텐션 머신,15.0,16,3,108
남성,10대,75.7,초보자,근비대,랫 풀다운 머신,32.5,10,4,89
여성,10대,71.2,상급자,다이어트,레그 익스텐션 머신,50.0,19,3,41
남성,50대,71.3,상급자,재활/건강,루마니안 데드리프트,32.5,18,3,92
여성,30대,47.3,상급자,근비대,레그 컬 머신,45.0,9,3,81
남성,60대 이상,87.0,중급자,근비대,바벨 로우,55.0,11,3,61
남성,10대,73.9,상급자,재활/건강,레그 컬 머신,45.0,20,2,113
여성,50대,59.9,초보자,다이어트,워킹 런지,7.5,17,3,45
여성,30대,50.8,중급자,재활/건강,페이스 풀,7.5,17,3,93
여성,60대 이상,43.3,초보자,스트렝스,펙덱 플라이 머신,15.0,4,5,149
여성,60대 이상,53.7,초보자,스트렝스,랫 풀다운 머신,20.0,3,5,180
남성,60대 이상,72.6,상급자,다이어트,체스트 프레스 머신,67.5,19,3,57
남성,50대,85.4,초보자,스트렝스,바벨 로우,32.5,4,4,130
남성,40대,71.9,상급자,다이어트,레그 프레스 머신,72.5,16,3,56
남성,60대 이상,69.3,중급자,근비대,레그 컬 머신,60.0,12,4,67
남성,40대,86.5,초보자,스트렝스,사이드 레터럴 레이즈,30.0,3,4,178
여성,50대,63.2,상급자,재활/건강,숄더 프레스 머신,30.0,16,3,117
남성,20대,68.0,초보자,다이어트,벤치프레스,15.0,16,3,44
남성,40대,74.6,중급자,다이어트,숄더 프레스 머신,47.5,17,3,59
여성,10대,67.4,중급자,근비대,바벨 로우,27.5,11,4,70
여성,20대,54.8,상급자,근비대,숄더 프레스 머신,47.5,9,4,68
여성,10대,58.7,초보자,재활/건강,루마니안 데드리프트,5.0,20,3,106
남성,60대 이상,66.1,상급자,근비대,펙덱 플라이 머신,95.0,12,3,70
남성,50대,64.3,중급자,다이어트,레그 익스텐션 머신,45.0,19,3,59
남성,10대,73.1,상급자,재활/건강,체스트 프레스 머신,50.0,15,2,101
여성,30대,44.0,상급자,재활/건강,레그 익스텐션 머신,20.0,18,3,119
남성,50대,76.7,초보자,스트렝스,루마니안 데드리프트,27.5,5,5,122
남성,60대 이상,77.0,상급자,스트렝스,벤치프레스,87.5,4,5,128
여성,20대,57.4,중급자,스트렝스,랫 풀다운 머신,37.5,4,4,137
여성,40대,62.0,상급자,스트렝스,인클라인 덤벨 프레스,42.5,4,4,151
남성,10대,68.8,중급자,스트렝스,바벨 스쿼트,50.0,5,4,161
남성,20대,79.7,초보자,다이어트,시티드 로우 머신,25.0,16,3,39
여성,20대,46.8,상급자,다이어트,어시스트 풀업 머신,30.0,17,3,53
남성,10대,71.0,상급자,스트렝스,체스트 프레스 머신,107.5,3,4,150
남성,20대,71.4,상급자,다이어트,오버헤드 프레스,52.5,20,3,44
남성,30대,77.0,상급자,근비대,사이드 레터럴 레이즈,72.5,11,4,85
여성,20대,71.9,초보자,스트렝스,벤치프레스,15.0,4,5,125
남성,40대,84.3,중급자,재활/건강,오버헤드 프레스,25.0,18,3,120
여성,40대,38.8,상급자,스트렝스,워킹 런지,27.5,5,4,163
남성,60대 이상,86.9,초보자,재활/건강,시티드 로우 머신,20.0,16,2,109
남성,40대,59.4,초보자,스트렝스,오버헤드 프레스,22.5,3,4,158
여성,50대,49.6,중급자,스트렝스,체스트 프레스 머신,35.0,3,4,164
여성,40대,72.0,초보자,스트렝스,펙덱 플라이 머신,25.0,5,4,131
남성,60대 이상,78.7,상급자,재활/건강,레그 컬 머신,47.5,15,2,97
여성,30대,55.8,초보자,스트렝스,바벨 스쿼트,12.5,5,5,157
남성,60대 이상,77.0,상급자,다이어트,펙덱 플라이 머신,82.5,15,3,31
여성,40대,65.8,상급자,근비대,어시스트 풀업 머신,60.0,9,4,83
여성,10대,63.7,중급자,재활/건강,바벨 로우,12.5,18,3,106
남성,50대,72.8,상급자,다이어트,벤치프레스,47.5,20,3,30
여성,50대,76.2,상급자,근비대,바벨 로우,42.5,11,4,85
남성,60대 이상,85.6,상급자,재활/건강,바벨 로우,37.5,18,3,106
남성,30대,79.2,중급자,스트렝스,시티드 로우 머신,82.5,3,5,126
남성,40대,77.5,초보자,근비대,펙덱 플라이 머신,35.0,12,4,86
남성,50대,75.3,상급자,재활/건강,바벨 스쿼트,32.5,19,3,116
남성,20대,79.6,상급자,재활/건강,오버헤드 프레스,35.0,15,2,90
여성,20대,45.8,초보자,근비대,레그 익스텐션 머신,12.5,10,3,64
남성,10대,81.0,상급자,스트렝스,숄더 프레스 머신,137.5,4,5,163
여성,50대,72.9,중급자,재활/건강,워킹 런지,12.5,18,3,114
여성,20대,39.9,중급자,스트렝스,레그 프레스 머신,25.0,5,4,122
남성,10대,91.9,중급자,스트렝스,오버헤드 프레스,67.5,3,5,158
남성,50대,79.2,초보자,재활/건강,바벨 로우,10.0,18,3,109
여성,10대,48.7,중급자,스트렝스,페이스 풀,22.5,5,4,158
여성,20대,56.7,중급자,근비대,벤치프레스,20.0,12,3,90
남성,30대,74.1,상급자,재활/건강,오버헤드 프레스,32.5,18,3,90
남성,50대,73.2,상급자,스트렝스,시티드 로우 머신,117.5,3,4,146
여성,10대,53.9,초보자,재활/건강,어시스트 풀업 머신,7.5,16,2,114
여성,20대,59.3,중급자,재활/건강,페이스 풀,10.0,19,3,103
남성,40대,56.4,중급자,다이어트,레그 익스텐션 머신,37.5,15,3,42
여성,10대,61.9,상급자,근비대,루마니안 데드리프트,35.0,12,3,88
남성,40대,75.7,상급자,근비대,바벨 로우,70.0,9,4,81
남성,40대,80.7,초보자,다이어트,펙덱 플라이 머신,25.0,19,3,59
남성,30대,89.1,초보자,스트렝스,숄더 프레스 머신,47.5,5,4,129
남성,40대,76.8,중급자,스트렝스,벤치프레스,52.5,5,5,154
남성,60대 이상,68.0,중급자,스트렝스,레그 컬 머신,75.0,4,5,145
여성,50대,53.6,초보자,다이어트,시티드 로우 머신,10.0,17,3,45
남성,10대,88.7,초보자,근비대,레그 프레스 머신,40.0,12,3,62
여성,20대,64.4,초보자,근비대,인클라인 덤벨 프레스,12.5,10,4,72
남성,50대,80.2,초보자,재활/건강,바벨 로우,12.5,19,3,96
남성,40대,75.5,중급자,다이어트,페이스 풀,35.0,20,3,41
여성,40대,55.7,중급자,재활/건강,바벨 로우,10.0,19,2,94
여성,20대,63.7,초보자,재활/건강,숄더 프레스 머신,7.5,17,3,110
남성,40대,77.3,상급자,재활/건강,체스트 프레스 머신,45.0,15,2,111
여성,10대,69.8,중급자,재활/건강,레그 프레스 머신,17.5,19,3,104
여성,50대,57.6,상급자,근비대,사이드 레터럴 레이즈,35.0,9,3,73
남성,40대,81.5,상급자,스트렝스,루마니안 데드리프트,92.5,3,5,158
여성,20대,51.9,상급자,근비대,랫 풀다운 머신,45.0,8,3,86
여성,30대,60.6,초보자,근비대,어시스트 풀업 머신,17.5,11,4,87
남성,20대,85.7,중급자,근비대,루마니안 데드리프트,47.5,10,3,77
남성,20대,74.7,중급자,다이어트,페이스 풀,35.0,20,3,54
남성,40대,90.8,중급자,근비대,사이드 레터럴 레이즈,55.0,9,4,90
남성,30대,66.8,초보자,스트렝스,바벨 스쿼트,25.0,5,5,130
남성,40대,80.6,상급자,다이어트,체스트 프레스 머신,82.5,20,3,53
여성,10대,59.0,상급자,다이어트,인클라인 덤벨 프레스,27.5,20,3,54
남성,60대 이상,75.9,초보자,근비대,레그 프레스 머신,32.5,9,3,67
남성,10대,68.9,상급자,다이어트,레그 프레스 머신,67.5,18,3,42
남성,60대 이상,95.1,초보자,근비대,바벨 스쿼트,30.0,8,4,60
여성,10대,66.2,상급자,스트렝스,인클라인 덤벨 프레스,50.0,4,5,152
남성,60대 이상,68.5,초보자,다이어트,오버헤드 프레스,15.0,17,3,45
여성,40대,64.8,초보자,재활/건강,펙덱 플라이 머신,10.0,17,3,100
여성,20대,30.9,중급자,스트렝스,펙덱 플라이 머신,20.0,3,5,132
남성,60대 이상,68.9,중급자,재활/건강,루마니안 데드리프트,17.5,18,2,111
남성,40대,70.1,중급자,재활/건강,레그 컬 머신,27.5,15,2,109
여성,20대,58.7,상급자,다이어트,워킹 런지,27.5,18,3,40
여성,50대,51.0,초보자,다이어트,워킹 런지,7.5,18,3,39
남성,40대,93.0,초보자,다이어트,어시스트 풀업 머신,30.0,18,3,32
남성,40대,66.2,초보자,근비대,레그 프레스 머신,27.5,11,3,73
남성,50대,76.8,초보자,다이어트,레그 프레스 머신,25.0,16,3,59
남성,40대,82.1,초보자,스트렝스,레그 프레스 머신,45.0,5,4,127
남성,60대 이상,62.6,상급자,재활/건강,숄더 프레스 머신,42.5,17,3,97
남성,50대,78.1,상급자,근비대,페이스 풀,67.5,12,4,63
여성,40대,56.1,상급자,다이어트,펙덱 플라이 머신,40.0,17,3,42
여성,60대 이상,62.9,상급자,다이어트,인클라인 덤벨 프레스,30.0,15,3,40
여성,50대,65.8,초보자,재활/건강,루마니안 데드리프트,5.0,20,3,98
여성,50대,69.2,중급자,근비대,인클라인 덤벨 프레스,25.0,10,3,68
여성,10대,54.5,초보자,다이어트,사이드 레터럴 레이즈,7.5,19,3,40
여성,60대 이상,55.0,중급자,근비대,레그 프레스 머신,30.0,8,4,70
남성,20대,62.7,중급자,재활/건강,어시스트 풀업 머신,27.5,17,2,109
여성,10대,37.5,상급자,근비대,인클라인 덤벨 프레스,22.5,8,4,71
여성,40대,61.9,상급자,근비대,페이스 풀,37.5,11,4,78
남성,10대,68.6,상급자,다이어트,페이스 풀,45.0,18,3,49
남성,60대 이상,80.0,상급자,근비대,레그 익스텐션 머신,105.0,12,4,70
여성,50대,59.5,상급자,스트렝스,오버헤드 프레스,40.0,4,5,134
여성,30대,58.9,초보자,근비대,루마니안 데드리프트,10.0,12,4,89
남성,30대,71.5,중급자,재활/건강,사이드 레터럴 레이즈,17.5,19,2,107
여성,10대,49.3,중급자,스트렝스,사이드 레터럴 레이즈,22.5,3,5,120
남성,40대,65.0,초보자,재활/건강,레그 프레스 머신,12.5,16,2,120
남성,50대,94.3,초보자,재활/건강,워킹 런지,12.5,15,2,111
여성,40대,52.1,상급자,근비대,바벨 로우,32.5,10,3,60
남성,40대,82.6,중급자,근비대,레그 익스텐션 머신,75.0,9,3,88
남성,20대,78.4,상급자,근비대,바벨 로우,67.5,11,4,61
여성,60대 이상,48.6,상급자,근비대,레그 익스텐션 머신,40.0,9,3,65
남성,30대,92.2,초보자,재활/건강,숄더 프레스 머신,20.0,17,3,98
여성,40대,52.3,초보자,스트렝스,숄더 프레스 머신,17.5,5,5,179
여성,40대,46.5,상급자,다이어트,인클라인 덤벨 프레스,20.0,20,3,54
남성,10대,75.6,상급자,근비대,체스트 프레스 머신,107.5,10,3,83
여성,40대,55.8,초보자,근비대,레그 프레스 머신,15.0,12,4,70
여성,20대,46.4,상급자,재활/건강,루마니안 데드리프트,12.5,18,3,110
여성,30대,50.4,초보자,재활/건강,레그 컬 머신,7.5,15,3,113
여성,40대,44.0,초보자,근비대,레그 프레스 머신,12.5,10,4,75
남성,20대,66.2,중급자,다이어트,시티드 로우 머신,47.5,15,3,54
여성,50대,57.1,중급자,스트렝스,바벨 스쿼트,25.0,5,4,162
여성,40대,54.1,상급자,스트렝스,바벨 로우,37.5,4,4,151
남성,20대,71.6,중급자,스트렝스,오버헤드 프레스,50.0,3,4,123
여성,30대,65.6,초보자,재활/건강,시티드 로우 머신,10.0,18,2,119
여성,40대,56.2,중급자,다이어트,레그 익스텐션 머신,25.0,17,3,41
여성,10대,52.4,상급자,근비대,인클라인 덤벨 프레스,32.5,10,3,78
여성,50대,52.3,초보자,재활/건강,체스트 프레스 머신,7.5,20,2,116
여성,30대,56.0,상급자,다이어트,페이스 풀,25.0,20,3,36
여성,40대,49.8,초보자,재활/건강,사이드 레터럴 레이즈,5.0,16,2,103
남성,20대,76.2,초보자,재활/건강,레그 프레스 머신,17.5,19,2,113
남성,20대,84.9,상급자,다이어트,워킹 런지,57.5,16,3,59
남성,50대,66.5,중급자,스트렝스,페이스 풀,47.5,4,4,164
여성,10대,47.9,상급자,근비대,시티드 로우 머신,45.0,11,3,61
여성,60대 이상,49.7,중급자,재활/건강,오버헤드 프레스,10.0,19,3,110
여성,20대,57.1,상급자,스트렝스,오버헤드 프레스,40.0,3,4,122
여성,40대,55.8,중급자,다이어트,숄더 프레스 머신,25.0,20,3,38
여성,30대,56.8,초보자,다이어트,숄더 프레스 머신,10.0,19,3,53
여성,50대,57.2,중급자,근비대,펙덱 플라이 머신,35.0,8,4,90
남성,50대,59.0,상급자,스트렝스,어시스트 풀업 머신,95.0,3,4,148
남성,40대,82.9,상급자,재활/건강,오버헤드 프레스,37.5,19,3,114
남성,40대,86.3,중급자,재활/건강,루마니안 데드리프트,25.0,15,3,98
남성,50대,89.8,중급자,재활/건강,인클라인 덤벨 프레스,22.5,19,2,105
남성,60대 이상,83.8,중급자,스트렝스,바벨 스쿼트,60.0,3,5,156
여성,60대 이상,60.3,초보자,근비대,벤치프레스,10.0,12,3,65
여성,20대,60.5,초보자,다이어트,숄더 프레스 머신,12.5,19,3,57
여성,60대 이상,68.4,상급자,근비대,오버헤드 프레스,42.5,9,4,88
남성,30대,84.4,중급자,재활/건강,숄더 프레스 머신,35.0,17,3,90
여성,20대,46.1,중급자,스트렝스,레그 프레스 머신,30.0,5,5,162
여성,40대,53.7,상급자,스트렝스,사이드 레터럴 레이즈,37.5,4,4,151
여성,40대,47.1,초보자,근비대,루마니안 데드리프트,7.5,11,4,62
남성,60대 이상,68.5,상급자,스트렝스,레그 컬 머신,115.0,4,5,177
남성,40대,79.8,초보자,재활/건강,바벨 로우,12.5,19,3,105
여성,40대,46.1,초보자,스트렝스,바벨 로우,10.0,5,5,179
여성,60대 이상,63.7,초보자,재활/건강,레그 프레스 머신,7.5,16,2,111
남성,50대,86.9,초보자,스트렝스,워킹 런지,30.0,4,4,123
여성,30대,65.5,상급자,근비대,레그 익스텐션 머신,57.5,11,4,82
여성,40대,38.2,상급자,스트렝스,레그 프레스 머신,40.0,3,5,157
남성,60대 이상,80.9,중급자,재활/건강,바벨 스쿼트,20.0,15,3,96
여성,10대,55.0,초보자,다이어트,벤치프레스,7.5,15,3,41
남성,60대 이상,72.6,초보자,재활/건강,바벨 로우,10.0,15,2,100
남성,60대 이상,58.1,초보자,근비대,레그 프레스 머신,27.5,11,4,86
남성,30대,89.2,중급자,다이어트,랫 풀다운 머신,60.0,19,3,56
남성,40대,59.2,상급자,스트렝스,레그 컬 머신,97.5,3,4,120
여성,50대,64.2,중급자,다이어트,바벨 로우,17.5,19,3,52
여성,50대,60.8,상급자,스트렝스,체스트 프레스 머신,62.5,5,4,152
남성,10대,74.8,상급자,근비대,워킹 런지,70.0,10,4,61
여성,30대,52.9,중급자,다이어트,오버헤드 프레스,15.0,17,3,44
여성,10대,61.6,상급자,재활/건강,체스트 프레스 머신,27.5,17,2,116
여성,50대,43.1,초보자,재활/건강,워킹 런지,2.5,19,3,96
여성,50대,62.9,초보자,스트렝스,레그 프레스 머신,20.0,5,4,156
남성,40대,68.5,초보자,스트렝스,체스트 프레스 머신,37.5,4,4,171
여성,50대,59.2,상급자,재활/건강,펙덱 플라이 머신,27.5,17,3,95
남성,10대,72.3,초보자,스트렝스,어시스트 풀업 머신,40.0,3,5,173
여성,40대,53.1,중급자,근비대,루마니안 데드리프트,20.0,8,4,81
여성,50대,60.3,초보자,다이어트,워킹 런지,7.5,20,3,51
여성,50대,60.3,중급자,다이어트,체스트 프레스 머신,27.5,20,3,44
남성,10대,87.8,초보자,근비대,인클라인 덤벨 프레스,25.0,9,4,68
남성,60대 이상,77.2,초보자,다이어트,오버헤드 프레스,17.5,19,3,51
남성,40대,87.3,초보자,스트렝스,랫 풀다운 머신,45.0,4,4,164
여성,30대,46.7,상급자,다이어트,바벨 로우,20.0,16,3,58
여성,30대,64.4,중급자,근비대,오버헤드 프레스,22.5,9,3,87
여성,40대,42.5,중급자,다이어트,바벨 스쿼트,10.0,19,3,58
여성,60대 이상,45.6,상급자,스트렝스,사이드 레터럴 레이즈,32.5,4,4,166
남성,40대,74.0,중급자,다이어트,시티드 로우 머신,52.5,20,3,37
남성,20대,84.7,초보자,재활/건강,바벨 로우,12.5,18,3,105
남성,20대,76.3,상급자,근비대,루마니안 데드리프트,65.0,9,3,66
여성,40대,55.2,상급자,스트렝스,레그 프레스 머신,60.0,5,5,138
여성,40대,63.9,초보자,근비대,체스트 프레스 머신,20.0,8,3,64
남성,20대,62.5,초보자,재활/건강,랫 풀다운 머신,15.0,18,2,117
여성,30대,59.3,중급자,재활/건강,벤치프레스,10.0,20,2,109
여성,60대 이상,60.2,중급자,재활/건강,시티드 로우 머신,12.5,18,3,104
여성,50대,45.3,중급자,다이어트,펙덱 플라이 머신,17.5,19,3,39
여성,10대,53.1,상급자,다이어트,인클라인 덤벨 프레스,22.5,16,3,40
여성,30대,57.8,초보자,재활/건강,바벨 스쿼트,5.0,18,2,117
여성,30대,57.5,상급자,다이어트,레그 컬 머신,35.0,18,3,40
남성,30대,57.9,초보자,근비대,어시스트 풀업 머신,25.0,10,3,74
남성,60대 이상,52.0,중급자,다이어트,레그 컬 머신,35.0,17,3,44
남성,10대,71.0,초보자,스트렝스,시티드 로우 머신,37.5,5,4,165
여성,10대,59.9,초보자,근비대,랫 풀다운 머신,15.0,12,3,89
남성,20대,71.3,상급자,근비대,레그 컬 머신,95.0,10,3,84
여성,60대 이상,62.9,초보자,스트렝스,루마니안 데드리프트,15.0,5,5,124
남성,10대,75.7,상급자,재활/건강,레그 프레스 머신,50.0,20,2,110
남성,40대,88.7,상급자,다이어트,펙덱 플라이 머신,87.5,15,3,52
여성,40대,50.9,초보자,다이어트,오버헤드 프레스,7.5,16,3,44
남성,10대,87.7,초보자,스트렝스,레그 프레스 머신,47.5,5,5,160
여성,50대,54.1,중급자,재활/건강,레그 프레스 머신,12.5,20,3,92
남성,20대,78.6,초보자,재활/건강,워킹 런지,10.0,15,3,101
여성,40대,63.1,중급자,다이어트,레그 익스텐션 머신,27.5,17,3,30
여성,10대,50.2,중급자,재활/건강,체스트 프레스 머신,12.5,15,2,96
남성,20대,78.2,중급자,재활/건강,레그 익스텐션 머신,30.0,20,3,110
남성,40대,80.9,초보자,근비대,랫 풀다운 머신,35.0,9,4,74
여성,30대,65.9,중급자,근비대,숄더 프레스 머신,35.0,8,4,90
여성,10대,74.8,초보자,근비대,숄더 프레스 머신,22.5,10,3,81
여성,50대,56.8,중급자,재활/건강,어시스트 풀업 머신,15.0,16,3,94
남성,10대,66.1,중급자,다이어트,레그 익스텐션 머신,45.0,20,3,30
여성,20대,39.5,중급자,다이어트,인클라인 덤벨 프레스,10.0,17,3,40
여성,50대,63.0,상급자,다이어트,레그 익스텐션 머신,42.5,18,3,39
남성,10대,86.1,상급자,근비대,레그 컬 머신,117.5,8,4,75
남성,10대,75.4,중급자,스트렝스,시티드 로우 머신,85.0,5,4,154
여성,20대,58.6,중급자,스트렝스,인클라인 덤벨 프레스,27.5,3,5,161
여성,60대 이상,56.7,초보자,다이어트,랫 풀다운 머신,12.5,19,3,31
남성,10대,72.6,중급자,다이어트,레그 프레스 머신,50.0,15,3,49
여성,20대,42.4,초보자,다이어트,워킹 런지,5.0,20,3,50
여성,20대,53.9,상급자,스트렝스,바벨 로우,40.0,3,5,178
남성,10대,79.5,상급자,재활/건강,레그 익스텐션 머신,50.0,20,3,102
남성,10대,71.2,중급자,재활/건강,인클라인 덤벨 프레스,17.5,20,3,111
여성,40대,52.8,중급자,근비대,어시스트 풀업 머신,30.0,8,3,70
여성,50대,57.9,중급자,다이어트,레그 프레스 머신,25.0,16,3,40
남성,30대,71.7,중급자,근비대,레그 컬 머신,65.0,8,4,70
남성,30대,92.7,상급자,재활/건강,시티드 로우 머신,57.5,16,3,92
남성,50대,79.2,초보자,다이어트,레그 익스텐션 머신,27.5,15,3,44
여성,60대 이상,56.5,초보자,재활/건강,벤치프레스,5.0,19,3,107
여성,20대,50.3,초보자,근비대,페이스 풀,10.0,12,3,75
여성,60대 이상,64.1,중급자,재활/건강,레그 익스텐션 머신,15.0,20,2,98
남성,50대,76.8,상급자,다이어트,벤치프레스,47.5,16,3,38
여성,10대,64.4,중급자,스트렝스,랫 풀다운 머신,45.0,3,5,120
남성,50대,76.5,초보자,다이어트,레그 컬 머신,25.0,19,3,36
여성,50대,56.7,초보자,재활/건강,사이드 레터럴 레이즈,5.0,16,3,116
여성,60대 이상,49.8,상급자,다이어트,사이드 레터럴 레이즈,22.5,20,3,42
남성,50대,83.2,상급자,스트렝스,펙덱 플라이 머신,130.0,3,5,154
여성,60대 이상,52.9,초보자,근비대,레그 익스텐션 머신,15.0,11,4,70
남성,30대,80.3,초보자,다이어트,오버헤드 프레스,17.5,19,3,53
남성,10대,75.4,상급자,근비대,바벨 스쿼트,65.0,12,3,75
남성,50대,74.9,상급자,다이어트,워킹 런지,50.0,20,3,52
여성,50대,51.4,초보자,스트렝스,체스트 프레스 머신,17.5,4,4,171
여성,60대 이상,53.2,초보자,스트렝스,인클라인 덤벨 프레스,12.5,5,5,125
남성,20대,96.2,상급자,다이어트,레그 컬 머신,95.0,18,3,31
남성,60대 이상,81.7,상급자,다이어트,바벨 스쿼트,50.0,18,3,50
여성,50대,37.2,초보자,근비대,바벨 스쿼트,7.5,8,3,65
여성,50대,49.2,초보자,재활/건강,펙덱 플라이 머신,7.5,19,3,108
여성,40대,50.2,상급자,스트렝스,루마니안 데드리프트,35.0,4,5,162
여성,40대,57.7,초보자,근비대,워킹 런지,12.5,9,3,71
남성,40대,75.3,중급자,재활/건강,루마니안 데드리프트,22.5,15,3,112
남성,20대,55.1,상급자,스트렝스,인클라인 덤벨 프레스,62.5,5,4,150
남성,10대,78.7,초보자,재활/건강,인클라인 덤벨 프레스,10.0,16,2,98
여성,10대,43.8,상급자,스트렝스,페이스 풀,32.5,5,5,136
여성,50대,58.1,초보자,근비대,벤치프레스,10.0,8,3,74
남성,50대,92.6,중급자,스트렝스,워킹 런지,67.5,5,4,174
여성,30대,47.3,상급자,재활/건강,숄더 프레스 머신,17.5,16,3,103
여성,20대,61.5,중급자,다이어트,랫 풀다운 머신,25.0,18,3,39
여성,50대,53.6,상급자,근비대,워킹 런지,30.0,8,4,78
여성,30대,62.5,상급자,재활/건강,레그 익스텐션 머신,25.0,17,2,109
남성,30대,90.7,상급자,재활/건강,레그 익스텐션 머신,57.5,19,3,104
남성,20대,72.4,상급자,재활/건강,펙덱 플라이 머신,42.5,18,2,107
남성,10대,75.2,중급자,재활/건강,어시스트 풀업 머신,27.5,16,2,102
여성,30대,65.1,중급자,근비대,랫 풀다운 머신,35.0,11,3,84
남성,30대,76.2,중급자,스트렝스,레그 익스텐션 머신,80.0,5,5,122
여성,10대,56.7,상급자,스트렝스,바벨 로우,37.5,5,5,138
남성,60대 이상,63.0,중급자,다이어트,벤치프레스,27.5,16,3,34
여성,30대,56.8,상급자,근비대,사이드 레터럴 레이즈,35.0,9,4,86
남성,20대,69.4,중급자,재활/건강,워킹 런지,22.5,16,3,110
남성,60대 이상,70.5,상급자,재활/건강,시티드 로우 머신,47.5,19,2,105
여성,50대,56.8,중급자,근비대,레그 컬 머신,32.5,11,4,64
여성,40대,61.7,중급자,재활/건강,레그 컬 머신,17.5,15,3,96
남성,50대,64.4,초보자,다이어트,바벨 로우,12.5,20,3,45
여성,60대 이상,37.0,초보자,근비대,레그 컬 머신,10.0,12,4,86
여성,60대 이상,50.0,초보자,스트렝스,루마니안 데드리프트,10.0,4,4,155
남성,50대,70.0,상급자,스트렝스,벤치프레스,75.0,4,4,173
여성,20대,58.9,초보자,근비대,랫 풀다운 머신,17.5,9,3,61
남성,60대 이상,84.2,상급자,재활/건강,바벨 스쿼트,35.0,17,3,91
남성,60대 이상,73.9,중급자,재활/건강,루마니안 데드리프트,17.5,15,2,98
남성,10대,74.6,중급자,다이어트,워킹 런지,35.0,15,3,33
여성,10대,46.4,상급자,다이어트,레그 익스텐션 머신,27.5,19,3,38
여성,50대,52.1,상급자,다이어트,랫 풀다운 머신,32.5,18,3,56
남성,60대 이상,85.4,상급자,스트렝스,랫 풀다운 머신,137.5,4,5,146
남성,60대 이상,90.1,중급자,스트렝스,워킹 런지,62.5,5,4,120
남성,60대 이상,63.5,중급자,근비대,인클라인 덤벨 프레스,37.5,8,3,72
남성,40대,86.3,상급자,재활/건강,바벨 로우,32.5,19,3,119
남성,60대 이상,84.4,중급자,스트렝스,어시스트 풀업 머신,92.5,3,4,139
남성,10대,63.1,중급자,근비대,페이스 풀,37.5,8,3,69
남성,30대,100.6,초보자,스트렝스,루마니안 데드리프트,35.0,5,4,127
남성,60대 이상,97.6,중급자,스트렝스,숄더 프레스 머신,102.5,3,4,162
남성,40대,74.3,초보자,다이어트,레그 컬 머신,25.0,18,3,32
여성,50대,53.6,상급자,재활/건강,랫 풀다운 머신,20.0,17,2,120
여성,50대,61.1,초보자,재활/건강,페이스 풀,5.0,16,2,101
여성,30대,55.2,중급자,재활/건강,바벨 로우,10.0,16,2,90
여성,10대,58.8,초보자,근비대,인클라인 덤벨 프레스,12.5,11,3,69
남성,40대,55.5,상급자,스트렝스,체스트 프레스 머신,92.5,3,4,151
남성,50대,65.6,중급자,스트렝스,시티드 로우 머신,70.0,5,4,158
남성,10대,82.9,상급자,다이어트,인클라인 덤벨 프레스,57.5,18,3,50
남성,40대,51.4,상급자,근비대,레그 컬 머신,72.5,10,4,82
여성,20대,50.2,초보자,스트렝스,레그 프레스 머신,17.5,3,4,157
여성,50대,44.6,초보자,다이어트,레그 프레스 머신,10.0,16,3,42
여성,10대,51.3,중급자,스트렝스,체스트 프레스 머신,35.0,4,5,166
여성,10대,52.8,중급자,재활/건강,페이스 풀,10.0,20,2,98
남성,20대,79.1,초보자,스트렝스,페이스 풀,27.5,4,5,136
여성,20대,57.1,초보자,스트렝스,바벨 로우,12.5,4,4,131
남성,20대,91.3,초보자,근비대,어시스트 풀업 머신,37.5,8,3,63
남성,30대,81.6,중급자,스트렝스,워킹 런지,57.5,3,5,177
남성,20대,78.0,중급자,다이어트,워킹 런지,32.5,17,3,41
남성,20대,78.0,중급자,스트렝스,시티드 로우 머신,82.5,3,4,160
여성,40대,51.8,중급자,재활/건강,오버헤드 프레스,10.0,17,3,113
여성,10대,60.7,초보자,다이어트,시티드 로우 머신,12.5,16,3,31
여성,10대,50.7,중급자,다이어트,레그 익스텐션 머신,20.0,20,3,33
여성,50대,55.2,상급자,스트렝스,레그 프레스 머신,57.5,4,4,167
여성,30대,53.5,중급자,다이어트,루마니안 데드리프트,15.0,17,3,49
여성,40대,66.5,초보자,재활/건강,오버헤드 프레스,5.0,16,3,99
남성,30대,90.2,중급자,스트렝스,숄더 프레스 머신,97.5,4,5,125
여성,30대,62.2,초보자,재활/건강,레그 익스텐션 머신,10.0,17,3,105
여성,50대,50.3,중급자,근비대,사이드 레터럴 레이즈,17.5,12,4,81
남성,60대 이상,87.3,중급자,근비대,사이드 레터럴 레이즈,52.5,11,4,82
남성,20대,92.3,중급자,스트렝스,페이스 풀,65.0,5,5,179
여성,10대,55.9,초보자,근비대,바벨 로우,10.0,10,3,72
남성,30대,84.1,상급자,재활/건강,바벨 스쿼트,35.0,15,2,116
여성,60대 이상,59.5,중급자,스트렝스,레그 익스텐션 머신,40.0,4,4,120
여성,50대,45.9,초보자,재활/건강,체스트 프레스 머신,5.0,20,2,99
여성,20대,50.2,상급자,다이어트,펙덱 플라이 머신,32.5,15,3,50
여성,50대,45.8,중급자,다이어트,워킹 런지,12.5,16,3,52
여성,30대,57.0,중급자,근비대,워킹 런지,20.0,8,4,90
여성,60대 이상,54.9,중급자,다이어트,바벨 로우,15.0,18,3,42
여성,60대 이상,60.0,초보자,스트렝스,바벨 로우,12.5,3,4,175
남성,60대 이상,84.2,중급자,근비대,펙덱 플라이 머신,77.5,11,4,67
남성,20대,77.8,상급자,근비대,사이드 레터럴 레이즈,70.0,12,4,60
남성,60대 이상,68.8,중급자,다이어트,체스트 프레스 머신,45.0,17,3,32
여성,60대 이상,47.0,중급자,재활/건강,펙덱 플라이 머신,12.5,18,2,109
남성,20대,71.1,초보자,근비대,페이스 풀,20.0,8,4,65
여성,50대,54.5,중급자,다이어트,레그 컬 머신,22.5,19,3,59
남성,50대,69.6,초보자,근비대,펙덱 플라이 머신,30.0,8,3,85
남성,10대,89.6,상급자,재활/건강,바벨 스쿼트,42.5,15,3,99
남성,20대,66.2,중급자,재활/건강,벤치프레스,17.5,15,3,112
여성,20대,53.9,중급자,다이어트,레그 익스텐션 머신,22.5,17,3,49
남성,40대,76.1,상급자,근비대,바벨 스쿼트,72.5,8,3,65
남성,50대,71.8,중급자,재활/건강,바벨 로우,22.5,18,2,90
여성,60대 이상,51.6,중급자,다이어트,바벨 로우,12.5,15,3,53
남성,50대,77.5,상급자,근비대,랫 풀다운 머신,105.0,8,4,74
여성,60대 이상,45.6,초보자,스트렝스,레그 익스텐션 머신,15.0,3,4,120
여성,50대,67.9,초보자,다이어트,레그 컬 머신,15.0,16,3,40
여성,60대 이상,53.4,중급자,스트렝스,페이스 풀,22.5,3,4,172
여성,20대,48.2,중급자,다이어트,레그 컬 머신,20.0,18,3,35
여성,50대,51.9,중급자,다이어트,시티드 로우 머신,22.5,18,3,48
여성,20대,43.9,상급자,다이어트,랫 풀다운 머신,27.5,18,3,55
여성,20대,63.4,초보자,스트렝스,어시스트 풀업 머신,22.5,5,4,161
남성,60대 이상,56.7,상급자,근비대,어시스트 풀업 머신,77.5,8,4,60
남성,10대,79.9,상급자,다이어트,바벨 스쿼트,55.0,20,3,38
여성,50대,61.2,초보자,재활/건강,벤치프레스,5.0,16,2,106
여성,40대,58.5,초보자,근비대,인클라인 덤벨 프레스,10.0,10,4,64
여성,40대,61.1,상급자,재활/건강,페이스 풀,20.0,15,3,101
남성,30대,78.7,상급자,근비대,체스트 프레스 머신,102.5,12,4,80
남성,20대,75.9,초보자,재활/건강,오버헤드 프레스,12.5,15,3,113
남성,30대,76.7,중급자,근비대,벤치프레스,45.0,8,3,86
여성,60대 이상,44.2,중급자,근비대,바벨 로우,17.5,12,4,80
남성,10대,95.2,상급자,스트렝스,벤치프레스,102.5,5,4,141
남성,50대,54.9,초보자,다이어트,오버헤드 프레스,10.0,15,3,30
남성,10대,70.7,중급자,다이어트,레그 익스텐션 머신,47.5,20,3,42
여성,30대,61.1,초보자,다이어트,바벨 스쿼트,7.5,19,3,51
여성,60대 이상,63.5,상급자,재활/건강,랫 풀다운 머신,30.0,16,2,100
여성,40대,64.0,초보자,스트렝스,체스트 프레스 머신,20.0,5,4,153
여성,50대,51.6,상급자,스트렝스,레그 익스텐션 머신,52.5,5,4,123
여성,10대,59.2,초보자,근비대,오버헤드 프레스,12.5,9,4,81
남성,50대,73.0,상급자,재활/건강,사이드 레터럴 레이즈,30.0,20,3,104
남성,40대,67.3,상급자,다이어트,시티드 로우 머신,65.0,18,3,54
남성,10대,76.5,상급자,근비대,워킹 런지,72.5,8,4,72
남성,30대,65.4,상급자,다이어트,루마니안 데드리프트,42.5,18,3,37
여성,30대,64.2,상급자,다이어트,랫 풀다운 머신,37.5,15,3,57
남성,50대,64.9,중급자,스트렝스,사이드 레터럴 레이즈,47.5,5,5,150
여성,60대 이상,70.3,중급자,다이어트,랫 풀다운 머신,32.5,20,3,52
여성,60대 이상,52.0,상급자,스트렝스,체스트 프레스 머신,57.5,3,4,166
남성,30대,75.1,중급자,근비대,레그 컬 머신,62.5,10,3,70
여성,10대,50.4,상급자,다이어트,시티드 로우 머신,32.5,19,3,32
남성,60대 이상,75.4,초보자,재활/건강,워킹 런지,10.0,18,3,101
남성,20대,69.8,초보자,재활/건강,페이스 풀,7.5,15,3,96
여성,20대,50.8,중급자,근비대,루마니안 데드리프트,20.0,8,3,60
여성,60대 이상,68.7,초보자,스트렝스,사이드 레터럴 레이즈,15.0,3,4,120
남성,10대,76.1,중급자,스트렝스,사이드 레터럴 레이즈,57.5,5,4,170
남성,30대,65.4,상급자,스트렝스,시티드 로우 머신,107.5,4,5,144
여성,40대,56.4,초보자,스트렝스,랫 풀다운 머신,20.0,3,4,178
여성,40대,63.9,중급자,다이어트,레그 프레스 머신,27.5,15,3,58
여성,10대,65.4,초보자,스트렝스,어시스트 풀업 머신,22.5,3,4,174
남성,50대,65.0,초보자,근비대,시티드 로우 머신,30.0,11,4,84
남성,20대,73.8,중급자,재활/건강,사이드 레터럴 레이즈,22.5,19,2,109
남성,40대,77.1,중급자,재활/건강,바벨 스쿼트,20.0,20,2,117
남성,20대,82.0,중급자,스트렝스,사이드 레터럴 레이즈,57.5,3,5,137
남성,40대,69.2,초보자,재활/건강,인클라인 덤벨 프레스,10.0,19,2,100
남성,30대,71.9,상급자,다이어트,랫 풀다운 머신,75.0,15,3,53
여성,60대 이상,55.8,중급자,스트렝스,펙덱 플라이 머신,37.5,4,4,135
남성,40대,72.0,상급자,근비대,바벨 로우,65.0,9,3,88
남성,60대 이상,67.8,상급자,근비대,바벨 로우,60.0,11,4,77
여성,20대,65.6,초보자,재활/건강,사이드 레터럴 레이즈,5.0,15,3,105
여성,60대 이상,62.3,중급자,근비대,사이드 레터럴 레이즈,22.5,12,4,79
여성,10대,43.4,초보자,스트렝스,인클라인 덤벨 프레스,10.0,5,5,142
여성,50대,67.8,상급자,스트렝스,오버헤드 프레스,50.0,4,4,171
여성,20대,66.1,상급자,재활/건강,체스트 프레스 머신,30.0,17,3,109
여성,60대 이상,50.8,중급자,스트렝스,랫 풀다운 머신,32.5,3,4,144
여성,40대,53.0,상급자,근비대,랫 풀다운 머신,50.0,9,3,77
여성,60대 이상,64.2,초보자,스트렝스,펙덱 플라이 머신,22.5,5,5,179
여성,50대,53.6,상급자,다이어트,루마니안 데드리프트,22.5,17,3,44
여성,20대,57.8,중급자,스트렝스,어시스트 풀업 머신,40.0,5,5,164
남성,10대,78.3,상급자,재활/건강,바벨 로우,37.5,17,3,95
남성,20대,79.6,중급자,근비대,오버헤드 프레스,47.5,9,4,65
여성,10대,57.4,중급자,근비대,숄더 프레스 머신,30.0,11,4,86
남성,30대,57.4,상급자,재활/건강,숄더 프레스 머신,40.0,18,3,111
남성,60대 이상,73.1,초보자,다이어트,벤치프레스,17.5,16,3,59
남성,20대,86.0,초보자,스트렝스,레그 프레스 머신,45.0,3,5,156
여성,60대 이상,69.4,상급자,재활/건강,레그 익스텐션 머신,32.5,20,2,99
남성,30대,51.2,초보자,스트렝스,레그 프레스 머신,27.5,5,5,124
여성,60대 이상,51.4,중급자,근비대,랫 풀다운 머신,27.5,11,4,63
여성,40대,52.6,중급자,근비대,숄더 프레스 머신,30.0,11,4,73
남성,20대,75.0,초보자,재활/건강,바벨 스쿼트,12.5,17,2,106
여성,50대,45.5,상급자,근비대,벤치프레스,25.0,11,3,63
여성,10대,52.0,초보자,근비대,레그 익스텐션 머신,15.0,9,4,70
여성,30대,66.9,상급자,스트렝스,숄더 프레스 머신,70.0,3,5,123
여성,30대,54.5,중급자,다이어트,워킹 런지,17.5,20,3,41
남성,10대,72.4,중급자,다이어트,사이드 레터럴 레이즈,32.5,17,3,60
남성,30대,60.2,초보자,근비대,바벨 로우,17.5,9,3,78
여성,30대,50.2,초보자,스트렝스,어시스트 풀업 머신,17.5,5,5,179
남성,60대 이상,84.6,중급자,재활/건강,숄더 프레스 머신,32.5,16,3,110
여성,60대 이상,48.3,초보자,근비대,바벨 로우,10.0,8,4,67
남성,10대,69.9,중급자,재활/건강,바벨 스쿼트,20.0,16,3,101
남성,50대,80.5,중급자,스트렝스,사이드 레터럴 레이즈,60.0,5,4,170
여성,20대,40.7,상급자,재활/건강,페이스 풀,12.5,18,2,116
남성,30대,62.8,중급자,스트렝스,워킹 런지,45.0,3,4,165
남성,50대,68.2,상급자,재활/건강,랫 풀다운 머신,45.0,16,3,116
여성,50대,51.5,상급자,재활/건강,인클라인 덤벨 프레스,12.5,18,3,117
남성,50대,70.5,초보자,스트렝스,어시스트 풀업 머신,40.0,3,5,176
여성,10대,48.3,상급자,스트렝스,인클라인 덤벨 프레스,35.0,4,5,176
여성,10대,39.1,초보자,스트렝스,어시스트 풀업 머신,12.5,5,5,137
남성,10대,64.7,상급자,근비대,랫 풀다운 머신,87.5,12,4,71
여성,10대,47.2,상급자,다이어트,레그 컬 머신,32.5,15,3,42
여성,50대,65.3,초보자,다이어트,바벨 로우,10.0,16,3,34
여성,50대,60.9,초보자,근비대,체스트 프레스 머신,17.5,12,3,66
남성,10대,89.1,중급자,다이어트,인클라인 덤벨 프레스,37.5,19,3,57
남성,60대 이상,67.6,초보자,재활/건강,인클라인 덤벨 프레스,10.0,16,2,98
여성,10대,55.7,상급자,근비대,레그 프레스 머신,52.5,12,3,66
남성,20대,79.1,상급자,다이어트,오버헤드 프레스,55.0,18,3,55
남성,50대,83.9,중급자,다이어트,레그 프레스 머신,55.0,15,3,51
여성,50대,56.5,중급자,스트렝스,오버헤드 프레스,25.0,3,4,143
남성,40대,62.2,중급자,다이어트,레그 익스텐션 머신,40.0,15,3,59
여성,30대,57.5,중급자,다이어트,레그 컬 머신,22.5,19,3,60
여성,20대,55.7,초보자,다이어트,오버헤드 프레스,7.5,17,3,46
여성,10대,50.5,초보자,재활/건강,시티드 로우 머신,5.0,15,3,102
남성,10대,66.1,중급자,재활/건강,레그 익스텐션 머신,27.5,16,3,97
여성,20대,42.9,초보자,재활/건강,바벨 로우,2.5,20,2,117
여성,30대,58.7,중급자,재활/건강,레그 익스텐션 머신,15.0,20,3,91
남성,40대,65.8,초보자,근비대,레그 익스텐션 머신,30.0,12,3,88
여성,60대 이상,54.4,중급자,재활/건강,페이스 풀,10.0,17,2,99
여성,10대,58.4,초보자,재활/건강,레그 익스텐션 머신,7.5,19,3,119
남성,60대 이상,87.6,상급자,스트렝스,체스트 프레스 머신,145.0,3,4,154
여성,60대 이상,71.2,중급자,스트렝스,바벨 로우,30.0,3,4,121
여성,20대,63.3,상급자,다이어트,벤치프레스,27.5,16,3,54
남성,60대 이상,70.7,상급자,스트렝스,바벨 스쿼트,77.5,5,5,166
남성,30대,63.0,상급자,근비대,사이드 레터럴 레이즈,60.0,12,4,82
남성,50대,90.1,초보자,재활/건강,레그 프레스 머신,20.0,17,3,118
남성,60대 이상,78.0,상급자,다이어트,레그 익스텐션 머신,80.0,15,3,43
남성,20대,62.1,중급자,스트렝스,펙덱 플라이 머신,67.5,3,5,142
여성,60대 이상,61.4,초보자,재활/건강,페이스 풀,5.0,15,3,90
남성,60대 이상,84.8,초보자,스트렝스,레그 프레스 머신,47.5,5,4,180
여성,20대,44.9,중급자,다이어트,페이스 풀,12.5,18,3,36
남성,20대,74.3,상급자,다이어트,랫 풀다운 머신,75.0,19,3,43
여성,60대 이상,46.4,초보자,재활/건강,오버헤드 프레스,2.5,17,2,111
여성,30대,52.4,중급자,스트렝스,어시스트 풀업 머신,35.0,4,4,154
여성,20대,55.6,중급자,스트렝스,사이드 레터럴 레이즈,25.0,3,5,146
남성,30대,71.5,초보자,스트렝스,사이드 레터럴 레이즈,25.0,5,5,132
남성,30대,62.9,상급자,재활/건강,루마니안 데드리프트,25.0,19,2,91
남성,50대,88.6,초보자,근비대,페이스 풀,27.5,12,3,75
여성,60대 이상,66.2,상급자,근비대,워킹 런지,40.0,11,3,60
남성,60대 이상,58.5,초보자,재활/건강,인클라인 덤벨 프레스,10.0,19,3,92
여성,10대,53.4,초보자,재활/건강,워킹 런지,5.0,18,2,98
남성,10대,82.4,중급자,재활/건강,루마니안 데드리프트,22.5,18,2,119
여성,40대,51.7,초보자,근비대,바벨 로우,10.0,12,3,86
남성,10대,89.0,초보자,다이어트,인클라인 덤벨 프레스,20.0,17,3,35
남성,60대 이상,60.3,중급자,다이어트,인클라인 덤벨 프레스,27.5,15,3,54
남성,40대,82.9,중급자,스트렝스,랫 풀다운 머신,90.0,5,4,177
남성,20대,81.2,중급자,다이어트,숄더 프레스 머신,52.5,16,3,35
여성,60대 이상,51.0,초보자,근비대,바벨 로우,10.0,10,3,84
남성,10대,75.7,초보자,스트렝스,펙덱 플라이 머신,42.5,5,4,157
남성,20대,78.8,초보자,근비대,바벨 로우,25.0,10,3,90
남성,60대 이상,60.7,상급자,다이어트,오버헤드 프레스,42.5,15,3,48
여성,60대 이상,59.3,중급자,재활/건강,루마니안 데드리프트,10.0,18,2,116
남성,20대,76.0,상급자,스트렝스,페이스 풀,82.5,5,4,121
여성,20대,46.7,초보자,스트렝스,레그 프레스 머신,15.0,4,5,123
여성,30대,68.7,초보자,근비대,루마니안 데드리프트,12.5,11,4,76
남성,10대,87.5,초보자,근비대,바벨 스쿼트,25.0,10,4,62
여성,50대,58.9,중급자,다이어트,바벨 스쿼트,17.5,20,3,34
남성,50대,86.5,중급자,재활/건강,사이드 레터럴 레이즈,27.5,17,2,92
여성,20대,57.1,중급자,근비대,시티드 로우 머신,32.5,9,4,81
여성,30대,44.4,상급자,다이어트,루마니안 데드리프트,17.5,16,3,34
여성,30대,54.6,중급자,스트렝스,랫 풀다운 머신,35.0,4,5,156
남성,40대,39.9,초보자,재활/건강,숄더 프레스 머신,7.5,16,3,107
남성,50대,73.1,상급자,다이어트,어시스트 풀업 머신,77.5,17,3,59
남성,50대,75.7,중급자,근비대,시티드 로우 머신,67.5,12,3,77
여성,20대,68.2,초보자,근비대,시티드 로우 머신,20.0,12,4,63
남성,60대 이상,73.7,초보자,재활/건강,체스트 프레스 머신,12.5,17,2,92
남성,50대,49.1,중급자,스트렝스,어시스트 풀업 머신,52.5,3,4,147
남성,60대 이상,81.7,초보자,재활/건강,레그 익스텐션 머신,17.5,17,2,116
여성,30대,58.8,상급자,다이어트,오버헤드 프레스,25.0,16,3,45
남성,60대 이상,82.9,상급자,다이어트,레그 프레스 머신,87.5,18,3,36
여성,40대,52.8,상급자,스트렝스,체스트 프레스 머신,57.5,3,4,153
여성,40대,49.9,초보자,다이어트,체스트 프레스 머신,10.0,18,3,56
남성,30대,79.9,중급자,근비대,사이드 레터럴 레이즈,50.0,9,4,82
남성,30대,75.3,중급자,다이어트,체스트 프레스 머신,55.0,16,3,39
여성,30대,36.4,초보자,근비대,벤치프레스,7.5,11,4,87
남성,30대,85.5,상급자,재활/건강,펙덱 플라이 머신,50.0,16,3,106
여성,20대,57.9,초보자,스트렝스,숄더 프레스 머신,20.0,3,5,128
여성,10대,49.4,상급자,근비대,페이스 풀,30.0,11,4,86
남성,50대,56.8,초보자,근비대,인클라인 덤벨 프레스,17.5,8,4,83
남성,50대,83.3,중급자,근비대,레그 익스텐션 머신,77.5,12,4,69
남성,50대,87.0,초보자,재활/건강,어시스트 풀업 머신,17.5,16,2,92
여성,10대,49.4,초보자,다이어트,페이스 풀,7.5,18,3,60
여성,60대 이상,67.7,초보자,다이어트,페이스 풀,10.0,16,3,31
여성,30대,59.7,상급자,다이어트,루마니안 데드리프트,27.5,15,3,37
여성,20대,57.8,상급자,재활/건강,바벨 로우,15.0,15,3,96
남성,50대,75.5,중급자,근비대,바벨 스쿼트,47.5,11,4,74
남성,60대 이상,82.9,중급자,근비대,인클라인 덤벨 프레스,47.5,9,3,70
남성,30대,77.6,상급자,근비대,어시스트 풀업 머신,110.0,8,3,88
남성,30대,69.4,중급자,재활/건강,어시스트 풀업 머신,25.0,20,3,107
남성,20대,60.7,상급자,스트렝스,오버헤드 프레스,65.0,4,5,178
여성,10대,49.1,중급자,재활/건강,벤치프레스,10.0,16,3,108
남성,50대,63.0,중급자,스트렝스,펙덱 플라이 머신,67.5,4,5,153
여성,10대,60.0,초보자,다이어트,레그 컬 머신,12.5,19,3,38
여성,40대,59.0,초보자,재활/건강,레그 프레스 머신,7.5,20,3,97
남성,40대,71.9,상급자,스트렝스,랫 풀다운 머신,112.5,5,4,135
남성,20대,66.5,초보자,다이어트,루마니안 데드리프트,15.0,15,3,33
남성,50대,56.8,초보자,스트렝스,숄더 프레스 머신,30.0,3,4,155
남성,30대,71.4,초보자,근비대,레그 익스텐션 머신,32.5,8,4,80
남성,30대,73.8,상급자,근비대,오버헤드 프레스,62.5,9,3,82
남성,60대 이상,66.2,초보자,재활/건강,바벨 로우,7.5,17,3,101
남성,30대,65.1,초보자,다이어트,벤치프레스,15.0,17,3,57
여성,60대 이상,53.6,상급자,다이어트,벤치프레스,25.0,18,3,45
여성,30대,50.3,중급자,다이어트,워킹 런지,15.0,20,3,50
여성,10대,49.5,상급자,근비대,인클라인 덤벨 프레스,30.0,11,4,63
남성,30대,79.0,초보자,재활/건강,체스트 프레스 머신,17.5,15,2,101
남성,60대 이상,57.4,중급자,재활/건강,레그 컬 머신,27.5,19,2,117
여성,60대 이상,61.0,중급자,재활/건강,바벨 스쿼트,12.5,16,3,108
여성,60대 이상,49.1,초보자,스트렝스,페이스 풀,10.0,5,4,152
여성,60대 이상,43.4,상급자,다이어트,워킹 런지,17.5,20,3,36
남성,20대,67.4,초보자,근비대,레그 프레스 머신,32.5,9,3,86
남성,20대,73.1,상급자,재활/건강,인클라인 덤벨 프레스,30.0,18,2,116
남성,20대,82.4,상급자,근비대,사이드 레터럴 레이즈,70.0,8,3,60
남성,10대,62.5,초보자,스트렝스,시티드 로우 머신,32.5,5,4,123
남성,60대 이상,67.0,초보자,재활/건강,워킹 런지,10.0,20,2,96
남성,10대,90.4,초보자,스트렝스,체스트 프레스 머신,47.5,5,4,172
남성,20대,84.5,상급자,재활/건강,페이스 풀,35.0,17,3,99
남성,40대,104.2,중급자,스트렝스,숄더 프레스 머신,117.5,3,5,171
여성,20대,65.4,중급자,다이어트,인클라인 덤벨 프레스,17.5,20,3,32
여성,20대,41.3,초보자,근비대,루마니안 데드리프트,7.5,10,4,88
남성,50대,66.3,중급자,다이어트,바벨 로우,30.0,17,3,52
여성,10대,50.9,중급자,스트렝스,레그 컬 머신,35.0,4,4,145
여성,40대,57.9,초보자,스트렝스,인클라인 덤벨 프레스,12.5,5,4,134
남성,60대 이상,76.5,초보자,근비대,페이스 풀,22.5,12,3,62
여성,60대 이상,45.0,상급자,스트렝스,바벨 스쿼트,32.5,3,5,155
남성,20대,63.3,중급자,근비대,바벨 스쿼트,40.0,10,3,71
여성,50대,55.3,초보자,다이어트,체스트 프레스 머신,10.0,20,3,40
남성,40대,63.4,중급자,스트렝스,바벨 로우,47.5,3,5,144
남성,20대,91.3,상급자,근비대,펙덱 플라이 머신,120.0,12,4,87
여성,30대,54.5,중급자,재활/건강,인클라인 덤벨 프레스,10.0,19,2,91
남성,40대,42.3,상급자,근비대,사이드 레터럴 레이즈,37.5,8,3,65
남성,10대,83.3,상급자,스트렝스,인클라인 덤벨 프레스,92.5,4,5,138
여성,60대 이상,58.7,초보자,근비대,바벨 스쿼트,12.5,8,3,78
여성,50대,50.9,초보자,근비대,루마니안 데드리프트,10.0,11,3,89
여성,60대 이상,51.7,중급자,스트렝스,페이스 풀,22.5,3,4,154
여성,20대,55.4,상급자,스트렝스,어시스트 풀업 머신,60.0,3,5,120
남성,40대,81.5,중급자,재활/건강,레그 컬 머신,32.5,18,3,116
남성,20대,84.2,중급자,스트렝스,오버헤드 프레스,60.0,5,5,146
여성,60대 이상,44.5,중급자,다이어트,벤치프레스,12.5,15,3,30
여성,20대,61.3,초보자,근비대,인클라인 덤벨 프레스,10.0,10,4,72
여성,30대,60.0,중급자,근비대,숄더 프레스 머신,35.0,11,4,73
남성,30대,79.0,중급자,스트렝스,시티드 로우 머신,90.0,4,4,134
남성,40대,94.3,초보자,근비대,레그 익스텐션 머신,42.5,11,3,73
남성,30대,73.4,상급자,근비대,어시스트 풀업 머신,100.0,10,3,84
남성,30대,88.5,초보자,다이어트,랫 풀다운 머신,27.5,17,3,50
남성,30대,76.3,중급자,근비대,숄더 프레스 머신,65.0,10,3,72
여성,10대,64.1,중급자,다이어트,바벨 로우,17.5,17,3,40
남성,50대,96.6,중급자,다이어트,숄더 프레스 머신,60.0,18,3,39
남성,60대 이상,75.6,상급자,근비대,펙덱 플라이 머신,100.0,8,3,66
남성,20대,73.3,상급자,스트렝스,워킹 런지,75.0,3,5,162
남성,30대,52.7,초보자,재활/건강,시티드 로우 머신,10.0,17,2,103
여성,60대 이상,72.3,초보자,스트렝스,바벨 스쿼트,17.5,3,5,138
남성,30대,77.2,초보자,재활/건강,펙덱 플라이 머신,15.0,20,2,116
여성,30대,47.9,상급자,재활/건강,레그 익스텐션 머신,20.0,18,3,90
여성,40대,43.3,초보자,재활/건강,사이드 레터럴 레이즈,2.5,18,3,117
남성,50대,68.1,중급자,근비대,사이드 레터럴 레이즈,42.5,10,4,80
남성,40대,57.3,중급자,재활/건강,랫 풀다운 머신,22.5,15,3,98
여성,10대,43.7,상급자,근비대,벤치프레스,27.5,11,3,67
남성,40대,73.7,초보자,다이어트,시티드 로우 머신,25.0,20,3,40
여성,50대,74.9,중급자,재활/건강,벤치프레스,10.0,16,3,119
남성,50대,86.2,초보자,다이어트,벤치프레스,17.5,16,3,47
남성,30대,92.6,초보자,재활/건강,랫 풀다운 머신,20.0,16,2,106
여성,20대,55.2,상급자,스트렝스,펙덱 플라이 머신,60.0,5,5,162
여성,30대,50.7,상급자,스트렝스,레그 익스텐션 머신,57.5,3,4,156
남성,40대,81.9,초보자,스트렝스,벤치프레스,30.0,5,5,140
여성,40대,65.0,초보자,다이어트,워킹 런지,7.5,15,3,60
여성,40대,61.4,상급자,재활/건강,바벨 스쿼트,15.0,16,2,98
남성,50대,81.3,상급자,스트렝스,오버헤드 프레스,82.5,4,5,120
남성,30대,69.0,중급자,근비대,오버헤드 프레스,42.5,9,3,61
남성,40대,74.3,상급자,다이어트,워킹 런지,50.0,16,3,47
남성,10대,90.9,상급자,스트렝스,랫 풀다운 머신,140.0,4,5,166
남성,40대,80.3,중급자,스트렝스,펙덱 플라이 머신,90.0,4,5,164
여성,20대,45.9,초보자,재활/건강,바벨 스쿼트,5.0,17,2,120
남성,10대,87.8,중급자,다이어트,루마니안 데드리프트,40.0,15,3,41
남성,60대 이상,70.6,상급자,스트렝스,랫 풀다운 머신,117.5,4,4,150
남성,20대,87.5,상급자,스트렝스,인클라인 덤벨 프레스,90.0,4,5,176
여성,60대 이상,55.7,상급자,스트렝스,레그 컬 머신,62.5,5,4,155
여성,60대 이상,38.3,초보자,근비대,오버헤드 프레스,7.5,12,4,69
여성,60대 이상,51.3,상급자,다이어트,레그 익스텐션 머신,32.5,20,3,53
여성,50대,43.7,상급자,재활/건강,루마니안 데드리프트,12.5,17,3,103
남성,50대,73.2,초보자,다이어트,체스트 프레스 머신,22.5,17,3,41
여성,60대 이상,59.7,상급자,재활/건강,오버헤드 프레스,15.0,20,3,94
남성,40대,76.5,초보자,근비대,레그 익스텐션 머신,35.0,10,4,62
여성,10대,49.8,중급자,스트렝스,어시스트 풀업 머신,35.0,4,4,136
여성,50대,51.8,초보자,근비대,레그 익스텐션 머신,15.0,12,4,86
여성,50대,58.3,초보자,스트렝스,바벨 로우,12.5,5,5,143
여성,50대,54.6,상급자,스트렝스,랫 풀다운 머신,60.0,4,5,173
여성,60대 이상,57.5,상급자,재활/건강,시티드 로우 머신,22.5,16,3,110
남성,40대,69.0,상급자,스트렝스,바벨 로우,75.0,3,5,120
남성,50대,63.9,초보자,근비대,시티드 로우 머신,30.0,12,4,80
여성,40대,50.5,초보자,재활/건강,펙덱 플라이 머신,7.5,19,3,102
여성,30대,49.4,중급자,근비대,랫 풀다운 머신,27.5,12,3,87
여성,10대,48.7,초보자,근비대,벤치프레스,10.0,8,3,75
여성,60대 이상,64.9,중급자,다이어트,벤치프레스,17.5,16,3,48
남성,30대,77.6,상급자,재활/건강,페이스 풀,32.5,18,3,115
여성,60대 이상,46.7,초보자,재활/건강,숄더 프레스 머신,5.0,18,2,91
남성,50대,80.5,중급자,근비대,사이드 레터럴 레이즈,52.5,8,3,70
여성,10대,49.8,중급자,다이어트,페이스 풀,15.0,16,3,38
여성,20대,58.8,상급자,다이어트,레그 익스텐션 머신,37.5,20,3,51
남성,30대,75.9,초보자,재활/건강,바벨 스쿼트,10.0,16,3,104
남성,10대,69.0,초보자,다이어트,어시스트 풀업 머신,22.5,20,3,48
여성,20대,51.2,초보자,다이어트,인클라인 덤벨 프레스,7.5,19,3,36
남성,10대,82.3,중급자,근비대,인클라인 덤벨 프레스,47.5,9,4,84
남성,10대,62.2,중급자,재활/건강,펙덱 플라이 머신,30.0,20,2,117
남성,40대,82.5,중급자,스트렝스,오버헤드 프레스,57.5,4,4,151
남성,60대 이상,68.4,상급자,다이어트,시티드 로우 머신,75.0,20,3,56
남성,40대,82.6,중급자,근비대,루마니안 데드리프트,52.5,10,4,84
남성,40대,85.5,상급자,근비대,벤치프레스,80.0,11,3,60
여성,20대,58.6,상급자,다이어트,어시스트 풀업 머신,40.0,20,3,34
남성,30대,67.2,초보자,재활/건강,레그 익스텐션 머신,12.5,19,3,93
여성,30대,54.8,상급자,근비대,펙덱 플라이 머신,52.5,8,4,65
여성,50대,39.2,중급자,다이어트,어시스트 풀업 머신,15.0,19,3,51
남성,20대,60.5,상급자,다이어트,사이드 레터럴 레이즈,40.0,19,3,31
여성,60대 이상,72.2,상급자,근비대,체스트 프레스 머신,65.0,10,3,72
여성,10대,54.3,중급자,재활/건강,레그 익스텐션 머신,12.5,16,2,95
여성,60대 이상,45.0,중급자,다이어트,오버헤드 프레스,12.5,17,3,47
남성,30대,57.7,중급자,근비대,바벨 스쿼트,35.0,9,4,62
남성,30대,84.3,상급자,근비대,루마니안 데드리프트,75.0,12,3,79
여성,50대,54.6,상급자,재활/건강,페이스 풀,15.0,18,2,107
남성,30대,75.0,상급자,스트렝스,루마니안 데드리프트,85.0,5,5,135
남성,40대,60.8,상급자,근비대,워킹 런지,57.5,9,4,88
남성,30대,87.4,중급자,근비대,사이드 레터럴 레이즈,52.5,11,4,80
남성,60대 이상,78.5,중급자,스트렝스,어시스트 풀업 머신,82.5,5,5,132
남성,60대 이상,87.7,초보자,스트렝스,레그 익스텐션 머신,45.0,4,5,141
남성,60대 이상,81.4,상급자,다이어트,숄더 프레스 머신,82.5,17,3,42
남성,20대,89.6,상급자,재활/건강,페이스 풀,37.5,18,3,102
여성,20대,49.6,상급자,근비대,바벨 스쿼트,32.5,9,4,82
남성,40대,84.1,초보자,재활/건강,벤치프레스,12.5,17,3,118
여성,40대,46.5,상급자,스트렝스,인클라인 덤벨 프레스,32.5,3,5,121
남성,40대,71.9,중급자,근비대,사이드 레터럴 레이즈,42.5,8,4,86
여성,40대,57.3,중급자,근비대,레그 프레스 머신,35.0,11,3,85
여성,30대,48.3,중급자,스트렝스,오버헤드 프레스,22.5,5,4,161
남성,10대,71.7,초보자,근비대,워킹 런지,20.0,8,3,86
남성,30대,60.8,상급자,재활/건강,바벨 스쿼트,27.5,16,2,97
여성,30대,50.1,상급자,재활/건강,펙덱 플라이 머신,17.5,17,3,100
여성,40대,42.1,상급자,다이어트,바벨 로우,17.5,20,3,41
여성,40대,36.9,초보자,근비대,시티드 로우 머신,10.0,12,4,62
남성,20대,75.1,상급자,스트렝스,펙덱 플라이 머신,122.5,3,5,125
남성,30대,80.6,중급자,근비대,시티드 로우 머신,75.0,9,4,70
여성,60대 이상,56.5,중급자,근비대,펙덱 플라이 머신,32.5,12,4,83
남성,60대 이상,65.6,상급자,근비대,오버헤드 프레스,57.5,9,3,82
남성,20대,76.2,초보자,근비대,루마니안 데드리프트,25.0,9,3,70
여성,30대,55.3,초보자,근비대,레그 컬 머신,15.0,12,3,87
여성,30대,48.3,중급자,다이어트,레그 프레스 머신,20.0,15,3,36
남성,10대,88.1,초보자,재활/건강,벤치프레스,12.5,16,3,101
여성,60대 이상,52.2,상급자,스트렝스,벤치프레스,40.0,3,4,149
여성,30대,18.2,중급자,재활/건강,바벨 스쿼트,2.5,17,3,100
남성,50대,68.6,초보자,다이어트,체스트 프레스 머신,22.5,17,3,44
남성,40대,72.2,초보자,근비대,인클라인 덤벨 프레스,22.5,10,4,77
남성,20대,69.0,중급자,다이어트,체스트 프레스 머신,45.0,16,3,55
남성,60대 이상,83.7,중급자,다이어트,오버헤드 프레스,40.0,15,3,47
여성,20대,63.2,상급자,재활/건강,시티드 로우 머신,22.5,17,3,103
남성,50대,89.5,상급자,다이어트,레그 프레스 머신,87.5,16,3,51
남성,40대,71.7,상급자,다이어트,체스트 프레스 머신,70.0,17,3,52
남성,60대 이상,91.2,초보자,근비대,레그 프레스 머신,42.5,10,3,67
남성,10대,67.2,상급자,스트렝스,루마니안 데드리프트,72.5,5,5,160
남성,30대,97.4,초보자,다이어트,바벨 스쿼트,20.0,19,3,42
남성,40대,81.9,상급자,다이어트,오버헤드 프레스,55.0,15,3,58
여성,60대 이상,59.0,상급자,다이어트,어시스트 풀업 머신,42.5,16,3,37
여성,60대 이상,51.6,초보자,스트렝스,레그 컬 머신,17.5,3,4,141
여성,20대,42.5,초보자,스트렝스,오버헤드 프레스,10.0,5,4,155
남성,50대,75.7,초보자,재활/건강,어시스트 풀업 머신,17.5,18,3,93
남성,30대,84.9,중급자,스트렝스,펙덱 플라이 머신,95.0,4,5,169
여성,50대,58.6,중급자,근비대,레그 프레스 머신,32.5,12,3,87
남성,10대,80.7,상급자,스트렝스,레그 익스텐션 머신,125.0,4,4,174
여성,40대,58.5,중급자,근비대,바벨 로우,20.0,9,3,67
여성,60대 이상,52.4,중급자,스트렝스,사이드 레터럴 레이즈,25.0,5,4,178
남성,50대,61.6,상급자,스트렝스,펙덱 플라이 머신,95.0,4,5,177
남성,10대,71.8,중급자,근비대,시티드 로우 머신,65.0,10,4,89
여성,20대,60.1,중급자,다이어트,워킹 런지,15.0,19,3,56
여성,40대,54.0,상급자,다이어트,인클라인 덤벨 프레스,25.0,15,3,42
여성,10대,59.5,상급자,근비대,벤치프레스,37.5,12,4,80
여성,60대 이상,58.7,초보자,스트렝스,시티드 로우 머신,20.0,5,5,166
여성,60대 이상,67.6,초보자,스트렝스,벤치프레스,15.0,4,4,150
남성,10대,69.0,중급자,다이어트,레그 프레스 머신,47.5,19,3,59
남성,50대,80.5,초보자,근비대,레그 컬 머신,35.0,9,4,90
여성,40대,56.9,초보자,재활/건강,시티드 로우 머신,7.5,15,3,116
남성,30대,69.7,초보자,근비대,시티드 로우 머신,30.0,10,3,72
여성,60대 이상,48.4,초보자,재활/건강,레그 익스텐션 머신,5.0,16,3,100
여성,40대,53.8,초보자,근비대,바벨 로우,10.0,11,4,64
여성,50대,63.9,상급자,다이어트,바벨 스쿼트,30.0,20,3,49
남성,50대,68.3,중급자,재활/건강,바벨 스쿼트,17.5,15,3,119
여성,20대,58.6,초보자,근비대,워킹 런지,10.0,12,4,65
여성,60대 이상,57.1,초보자,근비대,인클라인 덤벨 프레스,10.0,12,4,90
남성,40대,69.5,중급자,재활/건강,바벨 로우,20.0,15,3,102
남성,20대,80.4,중급자,스트렝스,오버헤드 프레스,57.5,3,4,146
여성,40대,54.1,상급자,재활/건강,페이스 풀,15.0,16,3,113
여성,40대,58.0,초보자,다이어트,인클라인 덤벨 프레스,7.5,16,3,31
남성,60대 이상,65.8,상급자,다이어트,어시스트 풀업 머신,62.5,15,3,38
여성,30대,48.7,상급자,다이어트,레그 익스텐션 머신,32.5,18,3,38
남성,40대,69.8,초보자,재활/건강,워킹 런지,10.0,15,3,110
남성,60대 이상,87.0,중급자,근비대,레그 프레스 머신,77.5,9,3,75
남성,40대,75.2,중급자,스트렝스,체스트 프레스 머신,82.5,4,5,140
여성,20대,59.0,상급자,근비대,레그 프레스 머신,55.0,8,4,61
남성,60대 이상,71.3,중급자,스트렝스,체스트 프레스 머신,72.5,5,5,126
여성,60대 이상,54.8,초보자,다이어트,펙덱 플라이 머신,12.5,16,3,58
남성,60대 이상,95.0,상급자,다이어트,워킹 런지,65.0,15,3,58
남성,60대 이상,89.6,초보자,재활/건강,체스트 프레스 머신,17.5,18,2,104
남성,60대 이상,72.0,중급자,근비대,랫 풀다운 머신,65.0,11,4,73
여성,10대,46.6,초보자,다이어트,레그 프레스 머신,10.0,17,3,53
남성,10대,62.1,상급자,스트렝스,바벨 스쿼트,70.0,4,4,175
남성,20대,71.2,초보자,재활/건강,워킹 런지,10.0,15,3,110
여성,30대,62.9,상급자,다이어트,시티드 로우 머신,42.5,17,3,45
남성,40대,60.6,상급자,다이어트,펙덱 플라이 머신,57.5,18,3,49
여성,10대,41.0,초보자,스트렝스,인클라인 덤벨 프레스,10.0,5,4,156
여성,50대,78.8,중급자,근비대,시티드 로우 머신,45.0,11,3,78
남성,30대,83.4,상급자,다이어트,바벨 로우,52.5,15,3,36
남성,30대,70.2,상급자,스트렝스,랫 풀다운 머신,107.5,3,4,139
여성,40대,52.9,중급자,근비대,인클라인 덤벨 프레스,20.0,9,4,78
남성,10대,79.1,중급자,다이어트,체스트 프레스 머신,52.5,16,3,41
여성,20대,67.7,상급자,재활/건강,펙덱 플라이 머신,27.5,20,3,113
남성,10대,61.6,중급자,근비대,인클라인 덤벨 프레스,37.5,10,3,82
남성,10대,87.9,중급자,스트렝스,레그 프레스 머신,90.0,4,4,145
여성,40대,39.9,상급자,근비대,바벨 스쿼트,25.0,8,3,90
여성,30대,63.2,초보자,다이어트,레그 익스텐션 머신,12.5,20,3,60
남성,60대 이상,69.9,상급자,재활/건강,인클라인 덤벨 프레스,30.0,20,3,119
남성,60대 이상,68.5,중급자,스트렝스,레그 컬 머신,72.5,5,4,124
남성,60대 이상,80.5,중급자,재활/건강,오버헤드 프레스,20.0,17,2,94
남성,40대,68.9,초보자,재활/건강,레그 프레스 머신,15.0,16,3,92
남성,40대,76.8,상급자,다이어트,루마니안 데드리프트,47.5,18,3,35
남성,60대 이상,77.6,상급자,근비대,레그 프레스 머신,110.0,11,4,86
여성,60대 이상,64.7,초보자,근비대,레그 익스텐션 머신,17.5,9,4,83
남성,20대,82.5,상급자,다이어트,인클라인 덤벨 프레스,55.0,17,3,31
남성,40대,64.3,상급자,다이어트,바벨 로우,42.5,18,3,34
여성,30대,45.6,초보자,근비대,체스트 프레스 머신,12.5,11,3,71
남성,20대,84.5,상급자,근비대,바벨 로우,77.5,8,3,89
남성,30대,63.7,중급자,재활/건강,루마니안 데드리프트,15.0,20,3,102
여성,60대 이상,53.6,초보자,다이어트,레그 익스텐션 머신,12.5,16,3,38
남성,20대,73.2,상급자,다이어트,오버헤드 프레스,50.0,17,3,47
여성,20대,59.4,상급자,스트렝스,워킹 런지,42.5,4,5,143
남성,10대,69.3,초보자,스트렝스,페이스 풀,25.0,3,5,168
여성,40대,59.0,중급자,스트렝스,어시스트 풀업 머신,42.5,3,5,167
여성,10대,43.9,상급자,재활/건강,인클라인 덤벨 프레스,15.0,15,2,100
여성,10대,52.6,초보자,재활/건강,어시스트 풀업 머신,7.5,18,2,101
여성,50대,61.2,초보자,다이어트,루마니안 데드리프트,7.5,15,3,31
남성,50대,71.2,중급자,재활/건강,숄더 프레스 머신,27.5,20,2,119
남성,20대,77.6,초보자,재활/건강,워킹 런지,10.0,20,2,94
여성,30대,54.2,중급자,다이어트,워킹 런지,15.0,17,3,53
여성,10대,61.2,초보자,스트렝스,어시스트 풀업 머신,20.0,4,5,123
여성,10대,63.4,중급자,스트렝스,오버헤드 프레스,27.5,3,5,133
여성,20대,52.4,상급자,재활/건강,랫 풀다운 머신,20.0,18,3,113
남성,40대,62.3,중급자,스트렝스,어시스트 풀업 머신,67.5,3,4,142
남성,10대,80.1,중급자,재활/건강,랫 풀다운 머신,30.0,15,2,116
남성,30대,72.9,초보자,스트렝스,사이드 레터럴 레이즈,25.0,3,5,162
여성,50대,52.6,상급자,재활/건강,루마니안 데드리프트,12.5,18,3,97
남성,60대 이상,91.2,초보자,스트렝스,인클라인 덤벨 프레스,32.5,3,5,169
남성,60대 이상,60.0,초보자,다이어트,바벨 스쿼트,15.0,15,3,41
여성,30대,47.8,상급자,다이어트,워킹 런지,20.0,17,3,44
여성,10대,57.6,초보자,다이어트,숄더 프레스 머신,12.5,20,3,30
남성,10대,74.4,중급자,스트렝스,숄더 프레스 머신,82.5,3,4,158
남성,30대,72.1,중급자,다이어트,바벨 스쿼트,30.0,20,3,51
여성,50대,46.9,상급자,다이어트,시티드 로우 머신,30.0,19,3,39
남성,30대,71.0,초보자,스트렝스,시티드 로우 머신,40.0,3,5,121
남성,40대,81.3,중급자,스트렝스,벤치프레스,57.5,5,4,164
여성,10대,37.8,초보자,다이어트,레그 프레스 머신,7.5,16,3,52
남성,10대,75.1,중급자,재활/건강,워킹 런지,20.0,19,3,106
여성,50대,51.0,상급자,스트렝스,워킹 런지,37.5,4,5,170
남성,30대,76.2,중급자,재활/건강,레그 컬 머신,32.5,17,2,111
여성,40대,47.8,중급자,재활/건강,어시스트 풀업 머신,15.0,19,3,90
남성,50대,72.4,초보자,스트렝스,레그 익스텐션 머신,40.0,4,5,123
여성,10대,45.4,초보자,스트렝스,사이드 레터럴 레이즈,10.0,3,5,157
남성,60대 이상,64.8,중급자,스트렝스,벤치프레스,45.0,5,5,136
여성,60대 이상,59.1,초보자,스트렝스,체스트 프레스 머신,20.0,4,5,120
여성,50대,48.4,초보자,재활/건강,바벨 로우,5.0,15,2,110
남성,40대,57.4,상급자,근비대,인클라인 덤벨 프레스,52.5,11,4,65
남성,10대,63.1,상급자,근비대,벤치프레스,57.5,10,4,75
여성,20대,47.0,초보자,재활/건강,레그 컬 머신,5.0,16,3,105
남성,50대,76.5,중급자,재활/건강,오버헤드 프레스,20.0,15,3,99
여성,30대,50.8,초보자,스트렝스,루마니안 데드리프트,12.5,3,4,122
여성,60대 이상,54.1,상급자,스트렝스,오버헤드 프레스,37.5,3,4,173
여성,40대,54.6,상급자,다이어트,체스트 프레스 머신,32.5,18,3,60
남성,20대,70.3,초보자,스트렝스,펙덱 플라이 머신,40.0,4,4,133
여성,20대,51.9,상급자,재활/건강,오버헤드 프레스,12.5,19,3,107
여성,50대,57.8,중급자,다이어트,레그 컬 머신,22.5,19,3,54
남성,20대,75.8,중급자,근비대,바벨 로우,45.0,8,4,64
남성,30대,66.6,중급자,스트렝스,랫 풀다운 머신,70.0,4,4,136
남성,40대,73.7,초보자,스트렝스,페이스 풀,25.0,5,5,171
남성,10대,73.9,초보자,다이어트,체스트 프레스 머신,27.5,16,3,51
여성,40대,63.0,상급자,근비대,시티드 로우 머신,55.0,10,3,66
남성,30대,81.8,초보자,근비대,페이스 풀,25.0,12,3,72
남성,50대,82.6,상급자,스트렝스,레그 컬 머신,130.0,4,5,142
남성,10대,85.0,중급자,재활/건강,시티드 로우 머신,35.0,20,2,119
남성,10대,69.7,중급자,스트렝스,어시스트 풀업 머신,77.5,4,5,158
남성,60대 이상,60.2,중급자,스트렝스,어시스트 풀업 머신,67.5,5,5,143
여성,40대,47.7,상급자,근비대,인클라인 덤벨 프레스,30.0,12,3,89
남성,40대,64.5,상급자,스트렝스,레그 익스텐션 머신,105.0,3,4,153
남성,60대 이상,70.2,중급자,스트렝스,인클라인 덤벨 프레스,50.0,5,5,158
여성,30대,51.2,중급자,다이어트,랫 풀다운 머신,22.5,20,3,43
여성,30대,60.5,상급자,재활/건강,펙덱 플라이 머신,25.0,17,3,110
남성,60대 이상,74.6,상급자,근비대,어시스트 풀업 머신,102.5,9,4,81
남성,30대,76.8,초보자,근비대,숄더 프레스 머신,32.5,8,4,70
남성,10대,70.0,초보자,다이어트,인클라인 덤벨 프레스,15.0,15,3,41
남성,10대,67.9,중급자,근비대,숄더 프레스 머신,60.0,8,3,63
남성,30대,51.3,중급자,스트렝스,인클라인 덤벨 프레스,37.5,3,4,159
남성,50대,74.2,중급자,다이어트,페이스 풀,35.0,15,3,53
여성,20대,55.9,초보자,다이어트,페이스 풀,7.5,15,3,42
남성,30대,79.1,초보자,다이어트,숄더 프레스 머신,25.0,17,3,36
남성,60대 이상,71.2,초보자,근비대,오버헤드 프레스,20.0,11,4,65
남성,60대 이상,75.8,초보자,재활/건강,인클라인 덤벨 프레스,10.0,20,3,108
여성,10대,64.6,상급자,근비대,시티드 로우 머신,60.0,8,4,89
남성,60대 이상,77.7,초보자,다이어트,오버헤드 프레스,17.5,19,3,59
여성,60대 이상,52.4,중급자,다이어트,인클라인 덤벨 프레스,15.0,17,3,54
남성,60대 이상,61.7,초보자,재활/건강,페이스 풀,7.5,18,2,119
여성,60대 이상,46.8,중급자,다이어트,페이스 풀,12.5,18,3,49
여성,10대,49.3,상급자,근비대,시티드 로우 머신,42.5,12,4,60
남성,60대 이상,79.0,상급자,다이어트,레그 컬 머신,72.5,16,3,47
남성,50대,78.4,중급자,근비대,바벨 스쿼트,45.0,10,4,81
여성,60대 이상,44.4,상급자,재활/건강,오버헤드 프레스,12.5,17,3,107
여성,60대 이상,55.9,상급자,근비대,바벨 로우,35.0,8,4,62
남성,30대,93.3,초보자,다이어트,레그 컬 머신,30.0,17,3,45
여성,10대,66.8,중급자,스트렝스,루마니안 데드리프트,30.0,4,4,138
남성,30대,89.5,중급자,재활/건강,인클라인 덤벨 프레스,25.0,15,3,101
여성,40대,53.6,중급자,재활/건강,바벨 스쿼트,10.0,16,3,97
남성,60대 이상,84.8,상급자,스트렝스,바벨 로우,92.5,3,5,148
여성,40대,54.9,상급자,근비대,바벨 로우,35.0,11,4,69
남성,30대,71.1,초보자,근비대,랫 풀다운 머신,32.5,8,4,75
남성,50대,72.9,초보자,다이어트,체스트 프레스 머신,25.0,17,3,50
여성,10대,58.8,상급자,근비대,펙덱 플라이 머신,52.5,9,3,67
여성,30대,62.1,중급자,근비대,체스트 프레스 머신,35.0,12,4,64
여성,40대,46.8,상급자,다이어트,페이스 풀,20.0,17,3,39
남성,60대 이상,77.4,초보자,다이어트,펙덱 플라이 머신,25.0,18,3,53
남성,40대,66.2,상급자,근비대,레그 컬 머신,92.5,9,3,73
여성,10대,63.1,중급자,근비대,바벨 스쿼트,22.5,12,3,79
남성,30대,61.5,중급자,재활/건강,펙덱 플라이 머신,27.5,17,2,100
남성,30대,67.9,상급자,재활/건강,체스트 프레스 머신,47.5,15,3,116
남성,30대,74.7,상급자,스트렝스,숄더 프레스 머신,122.5,4,4,166
여성,40대,63.2,중급자,근비대,루마니안 데드리프트,22.5,11,4,65
남성,10대,73.5,상급자,근비대,바벨 스쿼트,70.0,8,4,90
여성,10대,47.7,상급자,근비대,시티드 로우 머신,45.0,12,3,79
남성,40대,79.9,초보자,재활/건강,사이드 레터럴 레이즈,10.0,20,3,119
여성,50대,47.0,초보자,스트렝스,인클라인 덤벨 프레스,10.0,3,4,156
남성,40대,81.6,중급자,재활/건강,레그 컬 머신,37.5,17,2,100
남성,10대,59.9,중급자,스트렝스,루마니안 데드리프트,42.5,4,5,122
남성,50대,69.9,초보자,근비대,인클라인 덤벨 프레스,22.5,10,3,88
여성,20대,47.9,상급자,스트렝스,오버헤드 프레스,32.5,4,4,121
남성,30대,94.4,중급자,근비대,랫 풀다운 머신,80.0,9,3,89
남성,30대,76.0,초보자,재활/건강,레그 익스텐션 머신,17.5,16,3,92
여성,20대,61.9,상급자,스트렝스,루마니안 데드리프트,42.5,5,4,124
남성,30대,88.6,중급자,재활/건강,랫 풀다운 머신,37.5,15,3,118
여성,30대,51.4,초보자,근비대,시티드 로우 머신,15.0,12,3,79
여성,60대 이상,46.8,초보자,스트렝스,인클라인 덤벨 프레스,10.0,3,4,148
남성,50대,84.7,상급자,근비대,시티드 로우 머신,117.5,9,3,76
여성,40대,49.3,초보자,스트렝스,루마니안 데드리프트,12.5,5,5,169
남성,50대,71.5,중급자,재활/건강,레그 컬 머신,30.0,20,3,94
여성,20대,43.9,상급자,스트렝스,시티드 로우 머신,45.0,3,5,140
여성,30대,42.5,중급자,재활/건강,사이드 레터럴 레이즈,7.5,16,3,112
여성,40대,54.3,초보자,다이어트,펙덱 플라이 머신,12.5,19,3,55
남성,60대 이상,80.4,중급자,스트렝스,레그 컬 머신,82.5,3,5,146
여성,50대,61.3,상급자,다이어트,랫 풀다운 머신,42.5,15,3,30
여성,20대,47.1,상급자,재활/건강,인클라인 덤벨 프레스,12.5,19,3,99
남성,60대 이상,64.2,초보자,근비대,루마니안 데드리프트,20.0,12,3,60
남성,40대,52.2,중급자,근비대,워킹 런지,32.5,11,4,65
여성,30대,56.2,중급자,근비대,워킹 런지,20.0,9,3,89
여성,60대 이상,54.4,상급자,근비대,레그 익스텐션 머신,50.0,9,3,63
여성,40대,53.2,상급자,재활/건강,오버헤드 프레스,12.5,19,2,91
남성,50대,87.3,중급자,근비대,레그 익스텐션 머신,75.0,11,4,80
여성,40대,55.4,상급자,스트렝스,랫 풀다운 머신,57.5,4,4,149
여성,10대,49.4,초보자,다이어트,레그 프레스 머신,10.0,20,3,37
여성,50대,41.1,초보자,근비대,사이드 레터럴 레이즈,7.5,8,4,88
남성,30대,83.7,상급자,근비대,페이스 풀,80.0,12,3,75
여성,20대,50.9,초보자,다이어트,숄더 프레스 머신,10.0,18,3,40
남성,40대,93.9,초보자,근비대,바벨 스쿼트,27.5,11,4,87
여성,60대 이상,59.9,상급자,근비대,인클라인 덤벨 프레스,37.5,12,3,74
여성,50대,60.8,중급자,스트렝스,인클라인 덤벨 프레스,27.5,4,4,153
남성,40대,77.7,상급자,재활/건강,루마니안 데드리프트,30.0,17,2,93
여성,30대,52.5,중급자,다이어트,시티드 로우 머신,22.5,19,3,42
여성,50대,38.5,초보자,근비대,바벨 스쿼트,7.5,12,4,86
남성,50대,84.0,초보자,근비대,루마니안 데드리프트,25.0,9,4,75
여성,20대,42.6,중급자,재활/건강,랫 풀다운 머신,10.0,17,2,94
남성,40대,74.3,상급자,근비대,랫 풀다운 머신,107.5,12,4,62
여성,10대,74.5,중급자,재활/건강,랫 풀다운 머신,17.5,18,3,111
남성,40대,64.2,중급자,재활/건강,바벨 로우,20.0,20,3,117
남성,30대,71.7,초보자,다이어트,랫 풀다운 머신,25.0,20,3,53
남성,30대,55.6,초보자,재활/건강,어시스트 풀업 머신,12.5,15,3,118
남성,60대 이상,85.4,초보자,재활/건강,레그 컬 머신,17.5,18,2,100
남성,10대,63.9,중급자,근비대,레그 익스텐션 머신,55.0,11,3,74
남성,50대,75.3,초보자,다이어트,오버헤드 프레스,17.5,20,3,46
여성,30대,67.6,상급자,다이어트,펙덱 플라이 머신,42.5,18,3,32
남성,30대,76.2,상급자,스트렝스,레그 프레스 머신,130.0,4,4,132
남성,20대,78.1,중급자,스트렝스,랫 풀다운 머신,87.5,5,4,128
여성,30대,61.0,초보자,스트렝스,시티드 로우 머신,20.0,3,4,133
여성,30대,49.2,상급자,스트렝스,인클라인 덤벨 프레스,37.5,3,5,136
남성,40대,79.2,초보자,다이어트,레그 컬 머신,25.0,20,3,53
여성,50대,54.9,초보자,재활/건강,레그 컬 머신,7.5,19,3,108
여성,30대,71.2,상급자,재활/건강,시티드 로우 머신,35.0,15,3,120
남성,40대,76.8,초보자,근비대,시티드 로우 머신,32.5,9,4,61
여성,10대,68.4,상급자,다이어트,오버헤드 프레스,30.0,17,3,34
여성,20대,64.4,중급자,스트렝스,인클라인 덤벨 프레스,30.0,5,4,120
남성,60대 이상,68.8,상급자,재활/건강,벤치프레스,30.0,18,2,114
남성,20대,56.9,상급자,근비대,벤치프레스,55.0,8,4,75
여성,10대,69.8,초보자,다이어트,펙덱 플라이 머신,12.5,15,3,40
여성,10대,38.2,초보자,재활/건강,사이드 레터럴 레이즈,2.5,15,2,109
남성,30대,83.9,상급자,스트렝스,사이드 레터럴 레이즈,95.0,3,4,130
남성,40대,73.1,중급자,재활/건강,어시스트 풀업 머신,30.0,16,3,106
여성,20대,58.0,상급자,근비대,바벨 스쿼트,32.5,9,3,71
남성,60대 이상,73.8,초보자,근비대,레그 프레스 머신,32.5,11,3,88
여성,60대 이상,54.4,상급자,스트렝스,바벨 로우,40.0,3,5,170
여성,20대,55.1,초보자,근비대,바벨 스쿼트,10.0,11,3,79
남성,40대,68.9,중급자,근비대,페이스 풀,42.5,10,4,88
남성,60대 이상,66.4,상급자,스트렝스,오버헤드 프레스,72.5,4,5,136
여성,30대,51.6,중급자,근비대,펙덱 플라이 머신,30.0,9,4,60
여성,30대,60.9,상급자,스트렝스,인클라인 덤벨 프레스,45.0,4,4,123
남성,50대,58.4,상급자,다이어트,바벨 스쿼트,40.0,16,3,57
남성,50대,69.0,중급자,재활/건강,바벨 스쿼트,20.0,20,3,102
남성,50대,71.0,상급자,다이어트,인클라인 덤벨 프레스,45.0,18,3,33
남성,60대 이상,66.3,상급자,스트렝스,레그 컬 머신,110.0,4,4,131
여성,40대,64.1,중급자,근비대,레그 컬 머신,35.0,11,4,62
남성,30대,86.2,중급자,근비대,레그 익스텐션 머신,80.0,10,4,60
남성,10대,82.7,초보자,다이어트,루마니안 데드리프트,20.0,18,3,57
남성,20대,64.1,초보자,스트렝스,체스트 프레스 머신,35.0,3,4,135
남성,20대,81.1,초보자,근비대,숄더 프레스 머신,37.5,8,3,65
여성,20대,55.6,중급자,재활/건강,벤치프레스,10.0,19,2,117
여성,30대,62.2,초보자,근비대,숄더 프레스 머신,17.5,10,3,71
남성,50대,91.1,상급자,재활/건강,랫 풀다운 머신,62.5,20,2,113
여성,10대,56.3,중급자,재활/건강,오버헤드 프레스,10.0,17,2,97
남성,40대,79.7,상급자,재활/건강,워킹 런지,35.0,16,3,109
남성,40대,52.2,중급자,근비대,랫 풀다운 머신,45.0,9,4,87
여성,20대,61.9,상급자,스트렝스,랫 풀다운 머신,65.0,5,4,151
여성,20대,58.6,중급자,스트렝스,워킹 런지,27.5,5,4,128
여성,10대,48.8,초보자,스트렝스,레그 익스텐션 머신,15.0,3,4,179
여성,50대,50.4,상급자,근비대,오버헤드 프레스,32.5,8,4,84
여성,30대,57.1,초보자,재활/건강,사이드 레터럴 레이즈,5.0,20,2,92
남성,30대,84.7,상급자,재활/건강,펙덱 플라이 머신,50.0,15,3,114
여성,60대 이상,48.2,중급자,다이어트,레그 컬 머신,20.0,16,3,34
남성,40대,87.9,초보자,다이어트,인클라인 덤벨 프레스,20.0,17,3,36
여성,50대,55.7,상급자,스트렝스,레그 컬 머신,60.0,4,5,147
남성,40대,77.5,상급자,재활/건강,펙덱 플라이 머신,52.5,19,3,110
여성,10대,42.7,상급자,다이어트,사이드 레터럴 레이즈,17.5,15,3,43
여성,10대,57.2,중급자,스트렝스,랫 풀다운 머신,40.0,3,4,128
남성,50대,60.1,상급자,스트렝스,사이드 레터럴 레이즈,62.5,5,4,138
남성,10대,81.0,상급자,근비대,레그 컬 머신,112.5,10,3,64
여성,30대,61.7,중급자,재활/건강,어시스트 풀업 머신,17.5,19,3,116
남성,30대,71.5,상급자,스트렝스,바벨 로우,72.5,4,4,145
남성,10대,69.7,초보자,재활/건강,레그 익스텐션 머신,12.5,15,2,117
남성,40대,77.3,초보자,재활/건강,인클라인 덤벨 프레스,10.0,17,2,93
여성,60대 이상,60.8,초보자,다이어트,숄더 프레스 머신,12.5,20,3,30
여성,20대,55.3,상급자,다이어트,시티드 로우 머신,37.5,15,3,50
남성,60대 이상,69.3,중급자,근비대,레그 익스텐션 머신,62.5,10,4,79
여성,20대,59.9,중급자,다이어트,체스트 프레스 머신,25.0,18,3,50
여성,60대 이상,48.2,초보자,스트렝스,오버헤드 프레스,10.0,5,4,140
여성,20대,58.6,상급자,근비대,페이스 풀,32.5,8,4,71
남성,20대,81.0,상급자,근비대,어시스트 풀업 머신,110.0,12,3,89
남성,10대,69.4,중급자,재활/건강,루마니안 데드리프트,22.5,20,3,99
여성,40대,58.6,상급자,스트렝스,오버헤드 프레스,40.0,5,4,172
여성,10대,56.9,상급자,재활/건강,어시스트 풀업 머신,22.5,20,2,98
남성,60대 이상,73.4,중급자,재활/건강,오버헤드 프레스,20.0,16,2,114
여성,20대,54.7,중급자,재활/건강,사이드 레터럴 레이즈,10.0,15,3,92
남성,20대,73.0,초보자,스트렝스,인클라인 덤벨 프레스,27.5,3,4,172
여성,20대,55.4,상급자,근비대,레그 컬 머신,50.0,12,3,61
여성,20대,54.6,상급자,스트렝스,어시스트 풀업 머신,60.0,4,4,155
